director,title,douban_score,writer,show_theatre,language,name1,share4,ranking2,score,ranking3,douban_num,name4,episodes,ranking4,location,year,seasons,share1,ranking1,rating1,first_show,link,name3,show_date,share3,rating2,thumbs_down,style,rating3,name2,show_platform,actors3,actors4,thumbs_up,play_count,length,show_time,actors2,actors1,rating4,share2,production_company
李国立,仙剑奇侠传三,7.4,邓紫珊,,,,,,,,40513,,37,,中国大陆,2009,1,,,,2009-06-28,https://movie.douban.com/subject/3227335/,,,,,,爱情/奇幻/武侠,,,"台州三套公共财富频道（全国首播）
[40]",唐嫣,霍建华,,, 45分钟,2009年6月28日,杨幂,胡歌,,,上海唐人电影制作有限公司
韦正,爱情公寓3,7.3,汪远,"《
海豚第一剧场
》",,,,,,,49792,,24,,中国大陆,2012,1,3.5908333333333338,1.3333333333333333,1.3630833333333336,2012-07-30(中国大陆),https://movie.douban.com/subject/6312211/,,,,,,剧情/喜剧/爱情,,,安徽卫视,邓家佳,王传君,,, 45分钟,2012年7月30日19点30分,陈赫 He Chen,娄艺潇,,,上影集团，高格影视，辛迪加影视
陈思诚,北京爱情故事,7.6,陈思诚,,,,,,,,66160,,39,,中国大陆,2012,1,,,,2012-01-07(中国大陆),https://movie.douban.com/subject/5377708/,,,,,,剧情/爱情,,,,李晨,杨幂,,, 45分钟,,张译,陈思诚,,,万达 骋亚影视 蓝天下 北影制片厂 诺丁山
郭信玲,封神榜,7.9,许仲琳,,,,,,,,22829,,36,,中国大陆,1990,1,,,,1990,https://movie.douban.com/subject/2154743/,,,,,,剧情/奇幻/古装,,,,蓝天野,何威,,,,,达奇,傅艺伟,,,中国星电影有限公司、博纳影业集团
梁德龙,少年张三丰,7,李卫聪,,,,,,,,21440,,40,,中国大陆/台湾,2001,1,,,,2001-03-14(台湾),https://movie.douban.com/subject/2279816/,,,,,,动作/爱情/武侠,,,,李小璐,苏有朋,,,,,李冰冰,张卫健,,,北京亚环影音制作有限公司
刘国豪,笑傲江湖,8.2,金庸,"《
金鹰独播剧场
》",,,,1.0,,,24186,,43,,香港,1996,1,4.232592592592593,1.0769230769230769,1.6020740740740738,1996-06-24(香港),https://movie.douban.com/subject/2294255/,,2013年2月06日,,5.127407407407407,,武侠/古装,,,湖南卫视,何宝生,陈少霞,,, 43分钟,19:30三集联播,梁艺龄,吕颂贤,,17.492592592592594,于正工作室、华夏视听环球传媒、完美世界影视、湖南广电
张绍林,水浒传,8.2,杨争光,,,,,,,,21124,,43,,中国大陆,1998,1,,,,1998-01-03(中国),https://movie.douban.com/subject/3904560/,,,,,,历史,,,,周野芒,臧金生,,, 45分钟,,宁晓志,李雪健,,,
罗杰·昆宝,绯闻女孩 第一季,7.9,乔什·施瓦兹,,,,,,,,88156,,18,,美国,2007,6,,,,2007-09-19(美国),https://movie.douban.com/subject/2078864/,,,,,,剧情/爱情,,,,切斯·克劳福,泰勒·摩森,,, 45分钟,,莉顿·梅斯特,布蕾克·莱弗利,,,CW电视台
张宝莲,东游记,6.9,卢治明,,,,,,,,20365,,30,,新加坡,1998,1,,,,1998-11-26,https://movie.douban.com/subject/2229596/,,,,,,古装,,,,郑秀珍,谢韶光,,, 43分钟,,郭妃丽,马景涛,,,新加坡电视机构等
英达,我爱我家,9,梁左,,,,,,,,36961,,120,,中国大陆,1993,1,,,,1993-07-01(中国大陆),https://movie.douban.com/subject/3901388/,,,,,,喜剧/家庭,,,深圳电视台,杨立新,梁天,,, 20-30分钟,1993年,宋丹丹,文兴宇,,,中国国际文化艺术中心
丹尼尔·米纳汉,权力的游戏 第三季,9.4,乔治·马丁,,,,,,,,93594,,10,,美国/英国,2013,8,,,,2013-03-31(美国),https://movie.douban.com/subject/10590706/,,2013年04月01日,,,,剧情/奇幻/冒险,,,,理查德·麦登,伊萨克·亨普斯特德-怀特,,, 60分钟,,艾米莉亚·克拉克,麦茜·威廉姆斯,,,Home Box Office (HBO)
李允贞,奶酪陷阱,7.3,金南熙,,,,,,,,34007,,16,,韩国,2016,1,,,,2016-01-04(韩国),https://movie.douban.com/subject/26393509/,,2016.01.04,,,,喜剧/爱情,,,tvN有线台,徐康俊,南柱赫,,, 60分钟,周一、二 23:00,金高银,朴海镇,,,Eight Works、Kross Pictures
韦正,爱情公寓2,8.3,汪远,,,,,,,,58389,,20,,中国大陆,2010,1,,,,2011-01-24(中国大陆),https://movie.douban.com/subject/4707205/,,,,,,喜剧/爱情,,,,赵文琪,孙艺洲,,, 50分钟,,王传君,娄艺潇,,,上海电影（集团）有限公司
马克·森卓斯基,生活大爆炸  第四季,9.2,比尔·布拉迪,,,,,,,,98637,,24,,美国,2010,10,,,,2010-09-23(美国),https://movie.douban.com/subject/4804079/,,,,,,喜剧,,,,凯莉·库柯,西蒙·赫尔伯格,,, 20分钟,,吉姆·帕森斯,约翰尼·盖尔克奇,,,华纳兄弟电视公司
郑晓龙,芈月传,5.2,蒋胜男,,,东方卫视CSM50城收视,,1.7073170731707317,,,52017,,81,,中国大陆,2015,1,7.350000000000001,1.2926829268292683,2.8690714285714285,2015-11-30(中国大陆),https://movie.douban.com/subject/21766654/,,2015年11月30日,,2.800928571428571,,剧情/古装,,北京卫视CSM50城收视,"东方卫视
[4]",方中信,刘涛,,, 40分钟,,黄轩,孙俪,,7.157404761904763,东阳市花儿影视、儒意欣欣影业、星格拉影视
,生活大爆炸  第三季,,查克·罗瑞,,,,,,,,,,,,美国,2009,,,,,2009-09-21(美国),https://movie.douban.com/subject/3990470/,,,,,,喜剧,,,,凯莉·库柯,西蒙·赫尔伯格,,, 21分钟,,吉姆·帕森斯,约翰尼·盖尔克奇,,,华纳兄弟电视公司、查克·罗瑞制片公司
张新建,闯关东,8.8,高满堂,,,,,,,,22885,,52,,中国大陆,2008,1,,,,2008-01-02(中国大陆),https://movie.douban.com/subject/2373267/,,,,,,剧情,,,,宋佳,牛莉,,, 47分钟,,萨日娜,李幼斌,,,山东电影电视剧制作中心大连电视
赵宝刚 ,像雾像雨又像风,7.9,张永琛,,,,,,,,29868,,30,,中国大陆,2000,1,,,,2001-02-17(中国大陆),https://movie.douban.com/subject/2153480/,,,,,,剧情/爱情,,,辽宁有线台社会生活频道,周迅,罗海琼,,,,2001年2月17日,陆毅,陈坤,,,
张建栋,不要和陌生人说话,7.7,薛晓路,,,,,,,,24400,,23,,中国大陆,2001,1,,,,2001-10-22(中国大陆),https://movie.douban.com/subject/2148374/,,,,,,剧情/家庭,,,,王学兵,董晓燕,,, 40分钟,,梅婷,冯远征,,,湖北唯艺传播有限公司
梦继,都是天使惹的祸,6.9,闫刚,,,,,,,,25358,,23,,中国大陆,2000,1,,,,,https://movie.douban.com/subject/2279817/,,,,,,剧情/爱情,,,,张延,郭涛,,, 46分钟,,任泉,李小璐,,,江苏福纳文化传播有限公司
表民洙,浪漫满屋,7.9,敏孝正,,,,,,,,75842,,16,,韩国,2004,1,,,,2004-07-14(韩国),https://movie.douban.com/subject/1764730/,,,,,,喜剧/爱情,,,,金圣洙,韩恩贞,,, 66分钟,,郑智薰,宋慧乔,,,韩国KBS电视台
福澤克雄,半泽直树,9.1,八津弘幸,,,,,,,,103342,,10,,日本,2013,1,,,,2013-07-07(日本),https://movie.douban.com/subject/24697949/,,2013.7.7,,,,剧情,,,,香川照之,及川光博,,, 45分钟,,上户彩,堺雅人,,,日本TBS电视台
李济昌,十八岁的天空,6.9,王博,,,,,,,,26238,,22,,中国大陆,2002,1,,,,2002,https://movie.douban.com/subject/2224813/,,,,,,剧情/爱情,,,,范志菱,刘佩琦,,, 45分钟,,倪景阳,保剑锋,,,北京华录百纳影视有限公司
松冈锭司,深夜食堂,9.2,真边克彦,,,,,,,,92630,,10,,日本,2009,1,,,,2009-10-09(日本),https://movie.douban.com/subject/3991933/,,2017,,,,剧情,,,北京卫视,田畑智子,松重丰,,, 25,,须藤理彩,小林薰,,,北京华录百纳影视股份有限公司
亚当·伯恩斯坦,绝命毒师 第一季,8.8,文斯·吉里根,,,,,,,,82833,,7,,美国,2008,5,,,,2008-01-20(美国),https://movie.douban.com/subject/2373195/,,,,,,犯罪/剧情,,,,安娜·冈,迪恩·诺里斯,,, 50分钟,,亚伦·保尔,布莱恩·科兰斯顿,,,
滕华涛,裸婚时代,7.8,月影兰析(小说作者),,,,,,,,44036,,30,,中国大陆,2011,1,,,,2011-06-03(中国大陆),https://movie.douban.com/subject/5958582/,,,,,,剧情/爱情/家庭,,,江苏卫视黄金档,张凯丽,丁嘉丽,,, 40分钟,2011年6月11日,姚笛,文章,,,北京光彩世纪文化艺术有限公司
朱锐斌,青云志,5.4,邵潇逸,,,,,,,,34265,,55,,中国大陆,2016,1,,,,2016-07-31(中国大陆),https://movie.douban.com/subject/25823275/,,,,,,奇幻/武侠/古装,,,,杨紫,舒畅,,, 45分钟,,赵丽颖,李易峰,,,欢瑞世纪影视传媒股份有限公司
孙太泉,穿越时空的爱恋,7.3,阡陌,,,,,,,,28020,,28,,中国大陆,2002,1,,,,2003-03-18,https://movie.douban.com/subject/2229479/,,,,,,剧情/喜剧/爱情,,,,万弘杰,刘莉莉,,, 40分钟,,徐峥,张庭,,,
范秀明,戏说乾隆,8.1,宋项如,,,,,,,,22939,,42,,台湾,1991,1,,,,1991-05-15(台湾),https://movie.douban.com/subject/2154868/,,,,,,爱情/武侠/古装,,,台湾中视,江淑娜,惠英红,,, 45分钟,1991年5月15日,赵雅芝,郑少秋,,,飞腾电影公司，北京电影公司
赵宝刚 ,我的青春谁做主,7.6,高璇,,,,,,,,43879,,32,,中国大陆,2009,1,,,,2009-04-12,https://movie.douban.com/subject/3873960/,,,,,,剧情/爱情,,,,王珞丹,朱雨辰,,, 43分钟,,赵子琪,陆毅,,,北京鑫宝源影视投资有限公司
高希希,三国,7.4,朱苏进,,,,,,,,21664,,95,,中国大陆,2010,1,,,,2010-05-02(中国大陆),https://movie.douban.com/subject/3237723/,,,,,,剧情/历史/战争,,,,于和伟,于荣光,,, 46分钟,,陆毅,陈建斌,,,中国传媒大学电视制作中心
阿兰·泰勒,权力的游戏  第二季,9.4,乔治·马丁,,,,,,,,103791,,10,,美国/英国,2012,8,,,,2012-04-01(美国),https://movie.douban.com/subject/6558062/,,2011年4月19日,,,,剧情/奇幻/冒险,,,,理查德·麦登,伊萨克·亨普斯特德-怀特,,, 60分钟,,艾米莉亚·克拉克,麦茜·威廉姆斯,,,HBO
伍宗德,家有仙妻,8.2,张凤鸣,,,,,,,,27944,,40,,台湾,1991,1,,,,1991-04-23(台湾),https://movie.douban.com/subject/2212156/,,,,,,喜剧/爱情/家庭,,,,孙兴,白冰冰,,, 40分钟,,澎恰恰,林以真,,,同德传播有限公司
戚其义,金枝欲孽,8.7,周旭明,,,,,,,,55686,,30,,香港,2004,1,,,,2006-02-15(中国大陆),https://movie.douban.com/subject/1878360/,,2004-08-23,,,,剧情,,,翡翠台,张可颐,佘诗曼,,, 45分钟,,黎姿,邓萃雯,,,TVB
石川淳一,胜者即是正义,9.3,古泽良太,,,,,,,,116215,,11,,日本,2012,1,,,,2012-04-17(日本),https://movie.douban.com/subject/10491666/,,,,,,喜剧,,,,生濑胜久,小池荣子,,, 54分钟,,新垣结衣,堺雅人,,,富士电视台
张子恩,上错花轿嫁对郎,7.2,童边,,,,,,,,29670,,20,,中国大陆,2001,1,,,,2001-01-02(中国大陆),https://movie.douban.com/subject/2229576/,,,,,,剧情/喜剧/爱情,,,,聂远,沙溢,,, 43分钟,,李佳璘,黄奕,,,
查克·罗瑞,生活大爆炸  第二季,9.4,查克·罗瑞,,,,,,,,120457,,23,,美国,2008,10,,,,2008-09-22(美国),https://movie.douban.com/subject/3190880/,,,,,,喜剧,,,,凯莉·库柯,西蒙·赫尔伯格,,, 21分钟,,约翰尼·盖尔克奇,吉姆·帕森斯,,,华纳兄弟电视公司，查克·罗瑞制片公司
李国立,绝代双骄,7.2,秋婷,,,,,,,,24966,,40,,台湾/中国大陆,1999,1,,,,1999-08-23(台湾),https://movie.douban.com/subject/2311147/,,,,,,剧情/武侠/古装,,,,陈德容,李绮虹,,,,,苏有朋,林志颖,,,
张黎,走向共和,9.6,盛和煜,,,,,,,,18882,,59,,中国大陆,2003,1,,,,2003-04-12(中国大陆),https://movie.douban.com/subject/1441794/,,,,,,剧情/历史,,,,马少骅,孙淳,,, 45分钟,,吕中,王冰,,,
李应福,孤单又灿烂的神：鬼怪,8.4,金银淑,,,,,,,,90387,,16,,韩国,2016,1,,,,2016-12-02(韩国),https://movie.douban.com/subject/26761935/,,,,,,剧情,,,,李栋旭,刘仁娜,,, 70分钟,,金高银,孔侑,,,
詹姆斯·伯罗斯,破产姐妹 第一季,9,迈克尔·帕特里克·金,,,,,,,,121441,,24,,美国,2011,6,,,,2011-09-19(美国),https://movie.douban.com/subject/6395245/,,,,,,喜剧,,,,诺亚·米尔斯,加勒特·莫里斯,,, 22分钟,,贝丝·比厄,凯特·戴琳斯,,,CBS
李少红,大明宫词,8.9,郑重,,,,,,,,49656,,40,,中国大陆,2000,1,,,,2000-03-30,https://movie.douban.com/subject/2154859/,,,,,,剧情/爱情,,,,周迅,赵文瑄,,, 47分钟,,归亚蕾,陈红,,,中央电视台无锡太湖影视城
Otto Bathurst,黑镜 第一季,9.3,查理·布鲁克,,,,,,,,180896,,3,,英国,2011,4,,,,2011-12-04(英国),https://movie.douban.com/subject/7054120/,,,,,,剧情/科幻/惊悚,,,,丹尼尔·卡卢亚,托比·凯贝尔,,, 45分钟,,鲁伯特·艾弗雷特,罗里·金奈尔,,,Zeppotron Ltd.
王扶林,红楼梦,9.5,曹雪芹,,,,,,,,52765,,36,,中国大陆,1987,1,,,,1987-05-02(中国大陆),https://movie.douban.com/subject/1864810/,,,,,,剧情/爱情/古装,,,,邓婕,张莉,,, 45分钟,,陈晓旭,欧阳奋强,,,
李添胜,鹿鼎记,8.7,金庸,海豚第一剧场,,,,,,,53499,,45,,香港,1998,1,,,,1998-06-01(香港),https://movie.douban.com/subject/1863923/,,2014年12月20日,,,,动作/冒险/喜剧,,,安徽卫视,刘玉翠,梁小冰,,,,"每晚19:30
[15]",马浚伟,陈小春,,,华策影视、长宏影视股份有限公司
胡明凯,少年包青天,7.8,黄浩华,,,,,,,,48179,,40,,中国大陆,2000,1,,,,2000-09-04(香港),https://movie.douban.com/subject/2157131/,,,,,,剧情/悬疑/古装,,,,任泉,李冰冰,,, 45分钟,,释小龙,周杰,,,广州东方明珠文化传播有限公司
,生活大爆炸  第一季,,查克·罗瑞,,,,,,,,,,,,美国,2007,,,,,2007-09-24(美国),https://movie.douban.com/subject/2156528/,,,,,,喜剧,,,,凯莉·库柯,西蒙·赫尔伯格,,, 21 分钟,2009年4月7日,约翰尼·盖尔克奇,吉姆·帕森斯,,,华纳兄弟电视公司、查克·罗瑞制片公司
李添胜,天龙八部,8.7,金庸,,,,,,,,55011,,45,,香港,1997,1,,,,1997-07-28(香港),https://movie.douban.com/subject/1863941/,,,,,,剧情/武侠/古装,,,浙江卫视,樊少皇,李若彤,,, 45分钟,2003年12月11日,陈浩民,黄日华,,,
李平,情深深雨濛濛,7,琼瑶,,,,,,,,47030,,46,,中国大陆/台湾,2001,1,,,,2001-09-03(中国大陆),https://movie.douban.com/subject/1786742/,,2001年04月03日,,,,战争/剧情/音乐,,,中视（CTV）,林心如,苏有朋,,, 40分钟,,古巨基,赵薇,,,台湾怡人传播有限公司，中国国际电视总公司
蒂莫西·范·帕腾,权力的游戏 第一季,9.3,戴维·贝尼奥夫,,,,,,,,152760,,10,,美国/英国,2011,8,,,,2011-04-17(美国),https://movie.douban.com/subject/3016187/,,2011年04月17日,,,,剧情/奇幻/冒险,,,,约翰·C·布莱德利,罗恩·多纳基,,, 60分钟,,查尔斯·丹斯,伊萨克·亨普斯特德-怀特,,,
保罗·麦奎根,神探夏洛克 第一季,9.3,阿瑟·柯南·道尔,,,,,,,,214639,,3,,英国,2010,4,,,,2010-07-25(英国),https://movie.douban.com/subject/3986493/,,,,,,剧情/悬疑/犯罪,,,,鲁珀特·格雷夫斯,安德鲁·斯科特,,, 90分钟,2010-07-25,马丁·弗瑞曼,本尼迪克特·康伯巴奇,,,BBC
石铭泉,寻秦记,8.1,黄国辉,,,,,,,,45084,,40,,香港,2001,1,,,,2001-10-15(香港),https://movie.douban.com/subject/2983389/,,,,,,剧情/喜剧/动作,,,,宣萱,郭羡妮,,, 45分钟,,江华,古天乐,,,香港电视广播有限公司
李雪,伪装者,8.3,张勇,,,"CSM50城收视
率",,1.0,,,65511,,48,,中国大陆,2015,1,5.477448275862068,1.0344827586206897,1.8779310344827584,2015-08-31(中国大陆),https://movie.douban.com/subject/25994712/,,2015年8月31日,,2.186551724137931,,剧情/悬疑,,全国网收视率,"湖南卫视
[1]",刘敏涛,王凯,,, 40分钟,,靳东,胡歌,,6.731379310344827,山东影视传媒集团有限公司、东阳正午阳光影视有限公司
康洪雷,士兵突击,9.2,兰晓龙,,,,,,,,54582,,30,,中国大陆,2006,1,,,,2006-12-24(中国大陆),https://movie.douban.com/subject/2154096/,,,,,,剧情,,,,段奕宏,张译,,, 45分钟,,陈思诚,王宝强,,,八一电影制片厂，华谊兄弟
尚敬,武林外传,9.2,宁财神,,,,,,,,94956,,80,,中国大陆,2006,1,,,,2006-01-02(中国大陆),https://movie.douban.com/subject/3882715/,,,,,,喜剧,,,,沙溢,喻恩泰,,, 40分钟,,姚晨,闫妮,,,北京联盟影业投资有限公司
姜伟,潜伏,9.2,姜伟,,,,,,,,65857,,30,,中国大陆,2009,1,,,,2009-04-01(中国大陆),https://movie.douban.com/subject/3314870/,,,,,,剧情/爱情,,,天津电视台三套节目,沈傲君,祖峰,,, 40分钟,2008年11月24日晚8点,姚晨,孙红雷,,,东阳青雨影视文化有限公司
李添胜,神雕侠侣,8.9,黄国辉,《海豚星光剧场》,,,,,,,70467,,32,,香港,1995,1,,,,1995-07-31(香港),https://movie.douban.com/subject/1863947/,,,,,,爱情/武侠/古装,,,,李绮虹,张可颐,,, 45分钟,,李若彤,古天乐,,,华夏视听环球传媒集团有限公司、于正工作室
孙树培,还珠格格,8.2,琼瑶,,,,,,,,68834,,24,,中国大陆,1998,1,,,,1998-10-28(中国大陆),https://movie.douban.com/subject/1786739/,,,,,,剧情/喜剧/动作,,,台湾中视,林心如,周杰,,, 45分钟,1998年04月28日,苏有朋,赵薇,,,台湾怡人传播有限公司、湖南电视台
杨洁,西游记,9.4,吴承恩,,,,,,,,70474,,25,,中国大陆,1986,1,,,,1986(中国大陆),https://movie.douban.com/subject/2156663/,,,,,,剧情/动作/奇幻,,,,马德华,汪粤,,, 45分钟,,迟重瑞,六小龄童,,,香港电视广播有限公司
夏祖辉,新白娘子传奇,9,贡敏,,,,,,,,73005,,50,,台湾,1992,1,,,,1992-11-15(台湾),https://movie.douban.com/subject/2153527/,,,,,,爱情/奇幻/古装,,,"台视
主频（台湾）",陈美琪,石乃文,,, 49分钟,1992年11月15日,叶童,赵雅芝,,,景德传播公司、台湾电视公司
孔笙,琅琊榜,9.2,海宴,红星剧场,,,,,,,175820,,54,,中国大陆,2015,1,,,,2015-09-19(中国大陆),https://movie.douban.com/subject/25754848/,,2015.09.19,,,,剧情/古装,,,北京卫视（国语版）,王凯,陈龙,,, 45分钟,每晚19:30,刘涛,胡歌,,,山东影视、儒意影业、和颂天地影视、圣基影业、正午阳光影业
郑晓龙,后宫·甄嬛传,8.9,吴雪岚,今晚剧场,,,,2.8421052631578947,,,112174,,76,,中国大陆,2011,1,3.7266666666666666,1.605263157894737,1.4096666666666666,2011-11-17(中国大陆),https://movie.douban.com/subject/4922787/,,,,1.2729743589743592,,剧情/古装,,,,蔡少芬,李东学,,, 45分钟,,陈建斌,孙俪,,3.3810256410256407,北京电视艺术中心
赵宝刚 ,奋斗,7.7,石康,,,,,,,,78969,,32,,中国大陆,2007,1,,,,2007-05-17(中国大陆),https://movie.douban.com/subject/2138507/,,,,,,喜剧/爱情,,,上海电视剧频道,文章,李小璐,,, 45分钟,2007年5月16日,佟大为,马伊琍,,,北京鑫宝源影视投资有限公司
赖建国,老房有喜,7.1,陈文贵,,,,,,,,33663,,25,,中国大陆,1998,1,,,,1999-07-21(香港),https://movie.douban.com/subject/1786743/,,,,,,喜剧/剧情/爱情,,,,邰智源,沈敏,,, 40分钟,1999年7月21日,苏有朋,赵薇,,,上海东方电视台
伍宗德,粉红女郎,7.2,张琪,,,,,,,,37457,,39,,中国大陆,2003,1,,,,2003-04-30(中国大陆),https://movie.douban.com/subject/2244363/,,2003年4月30日,,,,剧情/喜剧/爱情,,,"上视电视剧频道
[2]",陈好,陆毅,,, 46分钟,,张延,刘若英,,,涩女郎
张前,亮剑,8.9,都梁,,,,,,,,37333,,30,,中国大陆,2005,1,,,,2005-09-12(中国大陆),https://movie.douban.com/subject/2254648/,,,,,,剧情/战争,,,,张光北,童蕾,,, 42分钟,,何政军,李幼斌,,,海润影视制作有限公司
王扶林,三国演义,9.2,罗贯中,,,,,,,,36644,,84,,中国大陆,1994,1,,,,1994-10-23(中国大陆),https://movie.douban.com/subject/1830528/,,,,,,剧情/历史/战争,,,,鲍国安,李靖飞,,, 45分钟,,孙彦军,唐国强,,,
郑大允,W-两个世界,8.1,宋载正,,,,,,,,76950,,16,,韩国,2016,1,,1.125,,2016-07-20(韩国),https://movie.douban.com/subject/26727298/,,2016年7月20日,,,,爱情/奇幻,,,MBC电视台,郑幼贞,姜其永,,, 60分钟,"周三、周四晚22:00（韩国时间）
[26]",韩孝周,李钟硕,,,绿蛇传媒
孔笙,欢乐颂,7.3,袁子弹,,,浙江卫视CSM52城收视情况,,3.0930416666666667,,,83699,,42,,中国大陆,2016,1,2.7720833333333332,4.87425,0.9823333333333334,2016-04-18(中国大陆),https://movie.douban.com/subject/26430092/,,,,1.2332500000000002,,剧情/爱情,,东方卫视CSM52城收视情况,,王子文,杨紫,,, 43分钟,,蒋欣,刘涛,,3.4540416666666673,东阳正午阳光影视有限公司、山东影视制作有限公司
张太维,来自星星的你,8.4,朴智恩,,,,,,,,133169,,21,,韩国,2013,1,,1.0,,2013-12-18(韩国),https://movie.douban.com/subject/25698722/,,2013.12.18,,,,爱情,,,,朴海镇,刘仁娜,,, 60分钟,,全智贤,金秀贤,,,HB Entertainment
侣皓吉吉,太子妃升职记,7.3,秦爽,,,,,,,,64916,,36,,中国大陆,2015,1,,,,2015-12-13(中国大陆),https://movie.douban.com/subject/26657015/,,2015年12月13日起每天中午12点更新1集,,,,喜剧/爱情/古装,,,乐视网,于朦胧,江奇霖,,, 30分钟,,盛一伦,张天爱,,,北京乐漾影视传媒有限公司
滕华涛,蜗居,7.9,六六,,,,,,,,56923,,35,,中国大陆,2009,1,,,,2009-11-16(中国大陆),https://movie.douban.com/subject/3609075/,,,,,,剧情/爱情/家庭,,,,郝平,文章,,, 40分钟,,李念,海清,,,
乔纳森·诺兰,西部世界 第一季,8.9,迈克尔·克莱顿,,,,,,,,99389,,10,,美国,2016,2,,,,2016-10-02(美国),https://movie.douban.com/subject/2338055/,,,,,,科幻/西部,,,,艾德·哈里斯,坦迪·牛顿,,, 60分钟,,安东尼·霍普金斯,埃文·蕾切尔·伍德,,,
保罗·麦奎根,神探夏洛克  第二季,9.5,史蒂文·莫法特,,,,,,,,179493,,3,,英国,2012,4,,,,2012-01-01(英国),https://movie.douban.com/subject/6522269/,,,,,,剧情/悬疑/犯罪,,,,鲁珀特·格雷夫斯,安德鲁·斯科特,,, 90分钟,2012-01-01,马丁·弗瑞曼,本尼迪克特·康伯巴奇,,,BBC
孔笙,鬼吹灯之精绝古城,8.2,白一骢,,,,,,,,80027,,21,,中国大陆,2016,1,,,,2016-12-19(中国大陆),https://movie.douban.com/subject/26298935/,,,,,,剧情/悬疑/惊悚,,,,赵达,付枚,,, 35分钟,,陈乔恩,靳东,,,企鹅影视、梦想者电影、东阳正午阳光影视有限公司
李国立,步步惊心,8.1,桐华,,,,,,,,80256,,35,,中国大陆,2011,1,,,,2011-09-10(中国大陆),https://movie.douban.com/subject/5384548/,,2016年8月29日,,,,剧情/爱情,,,SBS电视台,郑嘉颖,袁弘,,, 49分钟,周一、周二晚22:00（韩国时间）,吴奇隆,刘诗诗,,,
吴锦源,仙剑奇侠传,8.3,陶海,,,,,,,,52028,,38,,中国大陆,2005,1,,,,2005-01-24(中国大陆),https://movie.douban.com/subject/2210031/,,,,,,爱情/奇幻/武侠,,,,安以轩,刘品言,,, 46分钟,,刘亦菲,胡歌,,,
李大为,金粉世家,8.1,刘国权,,,,,,,,49736,,40,,中国大陆,2003,1,,,,2003-03-20,https://movie.douban.com/subject/2157130/,,,,,,爱情/家庭,,,,舒耀瑄,刘亦菲,,, 45分钟,,董洁,陈坤,,,中央电视台影视部等
李平,还珠格格第二部,7.4,琼瑶,,,,,,,,42812,,48,,中国大陆,1999,1,,,,1999-07-25(中国大陆),https://movie.douban.com/subject/1786740/,,,,,,剧情/喜剧/动作,,,,张铁林,周杰,,, 48分钟,7.25,苏有朋,赵薇,,,台湾怡人传播有限公司，湖南经视
郭宝昌,大宅门,9.2,郭宝昌,,,,,,,,46900,,40,,中国大陆,2001,1,,,,2001-04-15(中国大陆),https://movie.douban.com/subject/2181930/,,,,,,剧情/爱情/家庭,,,,陈宝国,蒋雯丽,,, 45分钟,,刘佩琦,斯琴高娃,,,中央电视台影视部 无锡中视股份公司
林玉芬,微微一笑很倾城,6.3,顾漫,梦想剧场,,东方卫视,,3.1155882352941178,,,63417,,30,,中国大陆,2016,1,,3.7594117647058822,0.9187058823529414,2016-08-22(中国大陆),https://movie.douban.com/subject/26427831/,,,,0.974,,剧情/爱情,,江苏卫视,东方卫视,毛晓彤,白宇,,, 45分钟,2016年8月22日,杨洋,郑爽,,,上海剧酷文化传播有限公司
Brett Ratner,越狱 第一季,9.2,Paul Scheuring,,,,,,,,115295,,22,,美国,2005,4,,,,2005-09-01(美国),https://movie.douban.com/subject/1419297/,,,,,,动作/犯罪/剧情,,,,彼得·斯特曼,阿莫里·诺拉斯科,,, 42分钟,,多米尼克·珀塞尔,温特沃斯·米勒,,,20th Century Fox Television
寒山,小龙人,8.3,诸葛怡,,,,,,,,33550,,52,,中国大陆,1992,1,,,,1992-06-01,https://movie.douban.com/subject/2085721/,,,,,,儿童/奇幻,,,,柳田,江以桢,,, 28分钟,,陈晨,陈嘉男,,,中央电视台影视部、北京儿童电视艺术中心
张睿,余罪 第一季,8.2,沈嵘,,,,,,,,62142,,12,,中国大陆,2016,1,,,,2016-05-23(中国大陆),https://movie.douban.com/subject/26363830/,,2016年5月23日起,,,,剧情/犯罪/悬疑,,,爱奇艺,常戎,张锦程,,, 45分钟,每周一至周三晚上八点更新一集,吴优,张一山,,,爱奇艺、新丽传媒、天神娱乐
布莱恩·派西维尔,唐顿庄园  第一季,9.2,朱利安·费罗斯,,,,,,,,90250,,7,,英国/美国,2010,6,,,,2010-09-26,https://movie.douban.com/subject/4769314/,,,,,,剧情,,,,劳拉·卡尔迈克尔,杰西卡·布朗·芬德利,,, 50分钟,,米歇尔·道克瑞,休·博内威利,,,
罗伯特·斯文克 ,千谎百计 第一季,8.7,乔希·辛格,,,,,,,,103025,,13,,美国,2009,3,,,,2009-01-21(美国),https://movie.douban.com/subject/3103678/,,,,,,犯罪/剧情/悬疑,,,,莫妮卡·雷蒙德,布伦丹·海因斯,,, 40分钟,,凯利·威廉姆斯,蒂姆·罗斯,,,
陈家林,康熙王朝,9,朱苏进,,,,,,,,47718,,46,,中国大陆,2001,1,,,,2001-12-03(中国大陆),https://movie.douban.com/subject/1830590/,,,,,,剧情/爱情/传记,,,,高兰村,茹萍,,, 45分钟,,陈道明,斯琴高娃,,,中国国际电视总公司
大卫·芬奇,纸牌屋 第一季,9.2,鲍尔·威利蒙,,,,,,,,109435,,13,,美国,2013,5,,,,2013-02-01(美国),https://movie.douban.com/subject/6037429/,,,,,,剧情,,,,凯特·玛拉,迈克尔·凯利,,, 58分钟,,罗宾·怀特,凯文·史派西,,,Netflix
杨韬,倚天屠龙记,7.8,陈兵,,,,,,,,30865,,40,,台湾/中国大陆/香港,2003,1,,,,2003-03-12(中国大陆),https://movie.douban.com/subject/3901418/,,,,,,武侠/古装,,,,高圆圆,张国立,,, 48分钟,,贾静雯,苏有朋,,,北京亚环影音制作有限公司
韦正,爱情公寓,8.4,汪远,,,,,,,,69545,,20,,中国大陆,2009,1,,,,2009-08-05(中国大陆),https://movie.douban.com/subject/3926132/,,,,,,喜剧/爱情,,,江西卫视,娄艺潇,陈赫,,, 45分钟,2009年8月5日,金世佳,赵霁,,,上海电影集团公司
滕文骥,血色浪漫,8.7,都梁,,,,,,,,32886,,32,,中国大陆,2004,1,,,,2004-11-30(中国大陆),https://movie.douban.com/subject/1931974/,,,,,,爱情,,,江苏卫视,连奕名,傅彪,,, 42分钟,2004年11月30日,孙俪,刘烨,,,
张子恩,宰相刘罗锅,8,秦培春,,,,,,,,29573,,40,,中国大陆,1996,1,,,,,https://movie.douban.com/subject/2239286/,,,,,,喜剧/古装,,,,王刚,邓婕,,, 46分钟,,张国立,李保田,,,北京天寅影视艺术策划中心
李应福,太阳的后裔,7.6,金银淑,,,,,,,,77816,,16,,韩国,2016,1,,,,2016-02-24(韩国),https://movie.douban.com/subject/25831874/,,2016-02-24,,,,剧情/爱情,,,KBS 2TV,金智媛,晋久,,, 60分钟,,宋仲基,宋慧乔,,,NEW
李少红,橘子红了,7.8,夏美华,,,,,,,,31346,,25,,中国大陆,2002,1,,,,2002-02-12,https://movie.douban.com/subject/2190914/,,,,,,剧情/爱情/古装,,,,黄磊,寇世勋,,, 45分钟,,归亚蕾,周迅,,,北京荣信达影视艺术有限公司
刘家成,铁齿铜牙纪晓岚,7.8,陈文贵,,,,,,,,31256,,40,,中国大陆,2000,1,,,,2001-01-08(中国大陆),https://movie.douban.com/subject/2248757/,,,,,,剧情/喜剧/古装,,,,张铁林,袁立,,, 45分钟,,王刚,张国立,,,
大卫·克拉尼,老友记 第一季,9.6,大卫·克拉尼,,,,,,,,115763,,24,,美国,1994,10,,,,1994-09-22(美国),https://movie.douban.com/subject/1393859/,,,,,,喜剧/爱情,,,,丽莎·库卓,马特·勒布朗,,, 22分钟 / 30分钟(未删减版),,柯特妮·考克斯,詹妮弗·安妮斯顿,,,华纳兄弟电影公司
袁和平,小李飞刀,7.3,陈文贵,,,,,,,,28769,,40,,中国大陆/台湾,1999,1,,,,1999-08-03(台湾),https://movie.douban.com/subject/2279825/,,,,,,武侠/古装,,,,俞飞鸿,萧蔷,,, 45分钟,,贾静雯,焦恩俊,,,中华电视公司（中国台湾）
李慧珠,锦绣未央,4.8,程婷钰,,,东方卫视csm52城收视,,3.0,,,24439,,54,,中国大陆,2016,1,4.1786206896551725,1.7586206896551724,1.465310344827586,2016-11-11(中国大陆),https://movie.douban.com/subject/26344999/,,2016年11月11日,,1.3337241379310343,,剧情/爱情/古装,,北京卫视csm52城收视,"东方卫视
[4]",吴建豪,毛晓彤,,, 45分钟,,罗晋,唐嫣,,3.8,克顿影视、丰璟传媒、乐华娱乐
戚其义,创世纪1：地产风云,8.8,周旭明,,,,,,,,21605,,51,,香港,1999,1,,,,1999-10-11(香港),https://movie.douban.com/subject/2148680/,,,,,,剧情,,,,郭晋安,古天乐,,, 43分钟,,陈锦鸿,罗嘉良,,,
罗永昌,盗墓笔记 第一季,4,白一骢,,,,,,,,37395,,12,,中国大陆,2015,1,,,,2015-06-12(中国大陆),https://movie.douban.com/subject/25907063/,,,,,,悬疑/冒险,,,,刘天佐,张智尧,,, 45分钟,2015-06-12,杨洋,李易峰,,,欢瑞世纪影视传媒股份有限公司
亚当·伯恩斯坦,冰血暴 第一季,8.9,诺亚·霍利,,,,,,,,40765,,10,,美国,2014,3,,,,2014-04-15(美国),https://movie.douban.com/subject/24297912/,,,,,,剧情/犯罪,,,,科林·汉克斯,马丁·弗瑞曼,,, 50分钟,2014年4月15日,艾莉森·托尔曼,比利·鲍伯·松顿,,,美国FX有线电视网
金镇万,杀了我治愈我,8.8,陈秀完,,,,,,,,32223,,20,,韩国,2015,1,,1.25,,2015-01-07(韩国),https://movie.douban.com/subject/25994747/,,,,,,剧情/喜剧/爱情,,,,朴叙俊,金釉利,,, 60,,黄静茵,池晟,,,韩国MBC电视台
西谷弘,白色巨塔,9.5,井上由美子,,,,,,,,27849,,21,,日本,2003,1,,,,2003-10-09(日本),https://movie.douban.com/subject/2150220/,,,,,,剧情,,,,黑木瞳,矢田亚希子,,, 53分钟,,江口洋介,唐泽寿明,,,富士电视台
马克·森卓斯基,生活大爆炸 第七季,9,查克·罗瑞,,,,,,,,44754,,24,,美国,2013,10,,,,2013-09-27(美国),https://movie.douban.com/subject/21339708/,,,,,,喜剧,,,,凯莉·库柯,西蒙·赫尔伯格,,, 22分钟,,吉姆·帕森斯,约翰尼·盖尔克奇,,,美国CBS电视台
瞿友宁,恶作剧2吻,8.1,多田薰,,,,,,,,29964,,20,,台湾,2007,1,,,,2007-12-16(台湾),https://movie.douban.com/subject/2274948/,,2007年12月16日,,,,喜剧/爱情,,,台湾中视无线台,汪东城 ,唐禹哲,,, 33分钟,,林依晨,郑元畅,,,可米影视，八大电视，中国电视
瑞恩·墨菲,美国恐怖故事：谋杀屋 第一季,7.7,布拉德·法尔查克,,,,,,,,39740,,12,,美国,2011,9,,,,2011-10-05(美国),https://movie.douban.com/subject/6729183/,,,,,,剧情/悬疑/恐怖,,,,埃文·彼得斯,泰莎·法米加,,, 42分钟,,迪伦·麦克德莫特,康妮·布里登,,,
赵秀沅,匹诺曹,8.2,朴慧莲,,,,,,,,58835,,20,,韩国,2014,1,,,,2014-11-12(韩国),https://movie.douban.com/subject/25928794/,,2014年11月12日,,,,剧情/爱情,,,,金英光,李侑菲,,, 60分钟,周三、周四20:55,朴信惠,李钟硕,,,SidusHQ
陈赫,主君的太阳,8.5,洪美兰,,,,,,,,55526,,17,,韩国,2013,1,,1.0,,2013-08-07,https://movie.douban.com/subject/24700578/,,,,,,喜剧/爱情/惊悚,,,"韩国
SBS",徐仁国,金明洙,,, 60分钟,2013年08月07日,孔晓振,苏志燮,,,BORN Factory
黄健中,大秦帝国之裂变,9.1,孙皓晖,,,,,,,,11420,,51,,中国大陆,2009,1,,,,2009-12-18(中国大陆),https://movie.douban.com/subject/3114220/,,,,,,历史/战争,,,,卢勇,吕中,,, 45分钟,,王志飞,侯勇,,,陕西国风影业投资有限公司
刘江,咱们结婚吧,7.1,孟瑶,黄金剧场,,,,,,,24028,,50,,中国大陆,2013,1,,,,2013-11-06(中国大陆),https://movie.douban.com/subject/11577139/,,2013年11月6日,,,,剧情/爱情/家庭,,,CCTV-1,张凯丽,王彤,,,,20:05两集连播,黄海波,高圆圆,,,完美蓬瑞影视、华录百纳影视
赵宝刚 ,北京青年,6.2,常琳,红星剧场,,,,,,,22208,,36,,中国大陆,2012,1,,2.2222222222222223,1.1678421052631578,2012-08-16,https://movie.douban.com/subject/6989755/,,,,,,剧情,,,"北京卫视
[3]",任重,李晨,,, 45分钟,2012年8月16日,贺刚,杜淳,,,北京鑫宝源影视投资有限公司、北京完美影视传媒有限责任公司[1]
表民洙,他们生活的世界,8.2,卢熙京,,,,,,,,28269,,16,,韩国,2008,1,,,,2008-10-27(韩国),https://movie.douban.com/subject/3254235/,,,,,,剧情/爱情,,,韩国KBS电视台,严基俊,裴宗玉,,, 70分钟,2008-10-27~2008-12-16,宋慧乔,玄彬,,,YEG
岩本仁志,野猪大改造,8.2,木皿泉,,,,,,,,68892,,10,,日本,2005,1,,,,2005-10-15(日本),https://movie.douban.com/subject/1451430/,,,,,,喜剧/剧情,,,,堀北真希,户田惠梨香,,,,2005年10月15日,山下智久,龟梨和也,,,NTV（日本电视台）
Ann Donahue,豪斯医生 第一季,8.9,,,,,,,,,31054,,22,,美国,2004,8,,,,2004-11-16(美国),https://movie.douban.com/subject/1442129/,,,,,,剧情/悬疑,,,,欧玛·艾普斯,罗伯特·肖恩·莱纳德,,, 45分钟,,丽莎·艾德尔斯汀,休·劳瑞,,,
张黎,人间正道是沧桑,8.8,江奇涛,,,,,,,,13811,,50,,中国大陆,2009,1,,,,2009-06-02(中国大陆),https://movie.douban.com/subject/3153641/,,,,,,剧情/历史/战争,,,,吕中,孙淳,,, 45分钟,,黄志忠,孙红雷,,,江苏省广播电视总台
蔡岳勋,痞子英雄,8.1,吴洛缨,,,,,,,,34042,,24,,台湾,2009,1,,,,2009-04-11(台湾),https://movie.douban.com/subject/3543956/,,,,,,动作/犯罪,,,,陈意涵,张钧甯,,,,,赵又廷,周渝民,,,普拉嘉国家意象
张国立,康熙微服私访记2,6.9,邹静之,,,,,,,,10927,,30,,中国大陆,1999,1,,,,1999-03-04,https://movie.douban.com/subject/1790859/,,,,,,剧情/历史/武侠,,,,赵薇,吴军,,, 45分钟,,邓婕,张国立,,,广东巨星影业有限公司
布莱恩·科兰斯顿,绝命毒师  第三季,9.1,文斯·吉里根,,,,,,,,46343,,13,,美国,2010,5,,,,2010-03-21(美国),https://movie.douban.com/subject/4256328/,,,,,,犯罪/剧情,,,,安娜·冈,吉安卡罗·埃斯波西托,,, 45分钟,,亚伦·保尔,布莱恩·科兰斯顿,,,美国基本有线频道
田基湘,豪杰春香,7.8,洪静恩,,,,,,,,40756,,17,,韩国,2005,1,,,,2005-01-03(韩国),https://movie.douban.com/subject/2030778/,,,,,,喜剧/爱情,,,,严泰雄,朴诗恩,,, 60分钟,,在熙,韩彩英,,,
迈克尔·斯劳韦斯,绝命毒师  第五季,9.6,文斯·吉里根,,,,,,,,56816,,16,,美国,2012,5,,,,2012-07-15(美国),https://movie.douban.com/subject/6952149/,,Part 1,,,,剧情/犯罪,,,,安娜·冈,迪恩·诺里斯,,, 45分钟,,亚伦·保尔,布莱恩·科兰斯顿,,,AMC电视台
克雷格·比贝洛斯,无人生还,8.2,阿加莎·克里斯蒂,,,,,,,,63353,,3,,英国,2015,1,,,,2015-12-26(英国),https://movie.douban.com/subject/25839052/,,,,,,犯罪/悬疑,,,,艾丹·特纳,伯恩·戈曼,,, 58分钟,,梅芙·德莫迪,查尔斯·丹斯,,,
David Frankel,欲望都市  第一季,8.7,Darren Star,,,,,,,,40849,,12,,美国,1998,6,,,,1998-06-06,https://movie.douban.com/subject/1304397/,,,,,,喜剧/爱情,,,,辛西娅·尼克松,克里斯汀·戴维斯,,, 24分钟,,金·凯特罗尔,莎拉·杰茜卡·帕克,,,
平野真,朝5晚9：帅气和尚爱上我,7.4,小山正太,,,,,,,,60656,,10,,日本,2015,1,,,,2015-10-12(日本),https://movie.douban.com/subject/26588970/,,2015年10月12日,,,,喜剧/爱情,,,,田中圭,高梨临,,,,,山下智久,石原里美,,,日本富士电视台
管虎,黑洞,8.2,陆川,,,,,,,,11933,,31,,中国大陆,2001,1,,,,2001-09-17(中国大陆),https://movie.douban.com/subject/2216379/,,,,,,剧情/悬疑,,,,丁嘉丽,董勇,,, 45分钟,,陶泽如,陈道明,,,
刘国楠,大唐荣耀,7,刘芳,,,北京卫视CSM52城收视,,10.941176470588236,,,30939,,60,,中国大陆,2017,1,1.5194117647058822,7.0,0.5230588235294117,2017-01-29(中国大陆),https://movie.douban.com/subject/24827545/,,2017年1月29日,,0.4273529411764705,,剧情/爱情/古装,,安徽卫视CSM52城收视,"北京卫视
[3]",万茜,舒畅,,, 45分钟,,任嘉伦,景甜,,1.2370588235294118,欢瑞世纪影视传媒股份有限公司
金秉洙 ,仁显王后的男人,8.6,宋载正,,,,,,,,48597,,16,,韩国,2012,1,,,,2012-04-18(韩国),https://movie.douban.com/subject/10561898/,,,,,,剧情/爱情,,,"韩国
tvN
电视台",金镇宇,柯得熙,,, 48分钟,2012-04-18~ 2012-06-07,池贤宇,刘仁娜,,,
卫翰韬,天地传说之鱼美人,7.1,秋婷,,,,,,,,12729,,20,,香港/台湾,2000,1,,,,2000,https://movie.douban.com/subject/2357343/,,,,,,爱情/奇幻/古装,,,,张智尧,孙莉,,, 40分钟,,郭晋安,徐怀钰,,,唐人电影，成大国际
金子文纪,逃避虽可耻但有用,8.3,野木亚纪子,,,,,,,,36283,,11,,日本,2016,1,,,,2016-10-11(日本),https://movie.douban.com/subject/26816519/,,,,,,喜剧,,,TBS,大谷亮平,藤井隆,,, 45分钟,2016年10月11日,星野源,新垣结衣,,,TBS电视台
赵宝刚 ,拿什么拯救你，我的爱人,7.2,海岩,,,,,,,,12505,,23,,中国大陆,2002,1,,,,2002,https://movie.douban.com/subject/2229482/,,,,,,剧情/爱情,,,,印小天,傅晶,,, 40分钟,,于娜,刘烨,,,
J. Miller Tobin,绯闻女孩  第二季,7.7,Joshua Safran,,,,,,,,59719,,25,,美国,2008,6,,,,2008-09-01(美国),https://movie.douban.com/subject/3198015/,,,,,,剧情/爱情,,,,佩恩·拜德格雷,切斯·克劳福,,, 42 分钟,,莉顿·梅斯特,布蕾克·莱弗利,,,
庄伟建,倚天剑屠龙刀,8,梁咏梅,,,,,,,,19505,,42,,香港,2001,1,,,,2001-04-09(香港),https://movie.douban.com/subject/2157188/,,,,,,武侠/古装,,,,佘诗曼,刘松仁,,, 44分钟,2001年4月9日,黎姿,吴启华,,,香港电视广播有限公司
高希希,甜蜜蜜,7.9,王宛平,,,,,,,,17365,,26,,中国大陆,2007,1,,,,2007-11-05(中国大陆),https://movie.douban.com/subject/2300194/,,,,,,剧情/爱情,,,,沙溢,李依晓,,, 40分钟,,邓超,孙俪,,,嘉禾电影有限公司
Charles Haid,犯罪心理 第一季,9,杰夫·戴维斯,,,,,,,,42127,,22,,美国/加拿大,2005,12,,,,2005-09-22(美国),https://movie.douban.com/subject/1427816/,,2005-09-22,,,,犯罪/剧情/悬疑,,,,劳拉·格劳蒂尼,谢默·摩尔,,, 45分钟,,托马斯·吉布森,曼迪·帕廷金,,,美国哥伦比亚广播公司
安德雷斯·拜兹,毒枭 第一季,9.2,Carlo Bernard,,,,,,,,25040,,10,,美国,2015,4,,,,2015-08-28(美国),https://movie.douban.com/subject/25850640/,,,,,,剧情/传记/动作,,,,莫里斯·孔特,波伊德·霍布鲁克,,, 49分钟,,乔安娜 克里斯蒂,瓦格纳·马拉,,,
杰雷米·波德斯瓦,权力的游戏 第六季,9.4,戴维·贝尼奥夫,,,,,,,,73379,,10,,美国/英国,2016,8,,,,2016-04-24(美国),https://movie.douban.com/subject/25862357/,,,,,,剧情/战争/奇幻,,,,伊萨克·亨普斯特德-怀特,斯蒂芬·迪兰,,, 60分钟,2016-04-24,艾米莉亚·克拉克,麦茜·威廉姆斯,,,HBO
阚卫平,大宋提刑官,8.6,钱林森,,,,,,,,15366,,52,,中国大陆,2005,1,,,,2005-03-20(中国大陆),https://movie.douban.com/subject/2239292/,,,,,,剧情/悬疑/历史,,,,谢兰,王海燕,,, 45分钟,,罗海琼,何冰,,,
潘嘉德,鉴证实录,8.5,贾伟南,,,,,,,,27259,,20,,香港,1997,1,,,,1997-12-22(香港),https://movie.douban.com/subject/2190925/,,,,,,爱情/犯罪/悬疑,,,,李珊珊,何宝生,,, 45分钟,"1997年12月22日
[11]",林保怡,陈慧珊,,,香港电视广播有限公司（TVB）
朱迪·福斯特,纸牌屋 第二季,9.2,鲍尔·威利蒙,,,,,,,,62358,,13,,美国,2014,5,,,,2014-02-14(美国),https://movie.douban.com/subject/22523356/,,,,,,剧情/悬疑,,,,凯特·玛拉,迈克尔·吉尔,,, 58分钟,,罗宾·怀特,凯文·史派西,,,Netflix
赵秀沅,听见你的声音,8.6,朴慧莲,水木剧,,,,,,,69577,,18,,韩国,2013,1,,1.1111111111111112,,2013-06-05(韩国),https://movie.douban.com/subject/24702659/,,,,,,剧情/爱情/奇幻,,,,尹相铉,金所炫,,, 65分钟,2013年6月5日,李宝英,李钟硕,,,DRM Media
李亨民,对不起，我爱你,8.7,李庆熙,,,,,,,,54587,,16,,韩国,2004,1,,,,2004-11-08(韩国KBS2),https://movie.douban.com/subject/1782142/,,,,,,剧情/爱情,,,,郑京浩,徐智英,,, 70分钟,,林秀晶,苏志燮,,,
格雷厄姆·莱恩汉,IT狂人 第一季,8.9,格雷厄姆·莱恩汉,,,,,,,,47901,,6,,英国,2006,4,,,,2006-02-03(英国),https://movie.douban.com/subject/1758810/,,,,,,喜剧,,,,凯瑟琳·帕金森,克里斯多夫·莫利斯,,, 23分钟,,理查德·艾欧阿德,克里斯·奥多德,,,
瞿友宁,恶作剧之吻,8.5,多田薰,,,,,,,,47100,,20,,台湾,2005,1,,,,2005-09-25(台湾),https://movie.douban.com/subject/2085020/,,,,,,喜剧/爱情,,,,赵咏华,唐从圣,,, 45分钟,,林依晨,郑元畅,,,
凯瑞·福永,真探 第一季,9.2,尼克·皮佐拉托 ,,,,,,,,55546,,8,,美国,2014,2,,,,2014-01-12(美国),https://movie.douban.com/subject/10748120/,,,,,,剧情/犯罪/悬疑,,,,布鲁斯·埃利奥特,米歇尔·莫纳汉,,, 60分钟,,伍迪·哈里森,马修·麦康纳,,,
刘家成,铁齿铜牙纪晓岚2,7.5,邹静之,,,,,,,,14638,,43,,中国,2002,1,,,,2002-11-29(中国大陆),https://movie.douban.com/subject/2248758/,,,,,,剧情/喜剧/古装,,,,张铁林,,,, 45分钟,,王刚,张国立,,,
赵宝刚 ,男人帮,7.3,唐浚,,,,,,,,27267,,30,,中国大陆,2011,1,,,,2011-10-22,https://movie.douban.com/subject/5395263/,,,,,,剧情/爱情,,,,汪俊,王珞丹,,, 45分钟,2011年10月22日,黄磊,孙红雷,,,北京鑫宝源影视投资有限公司、北京完美影视传媒有限责任公司[2]
丁亚民,人间四月天,7.8,王蕙玲,,,,,,,,12457,,20,,台湾,2000,1,,,,2000-01-10(台湾),https://movie.douban.com/subject/1437322/,,,,,,剧情/爱情,,,,刘若英,伊能静,,, 53分钟,,周迅,黄磊,,,台湾纵横国际影视股份有限公司
Vincent Misiano,越狱  第三季,7.6,Paul Scheuring,,,,,,,,42118,,13,,美国,2007,4,,,,2007-09-17(美国),https://movie.douban.com/subject/2253613/,,,,,,剧情/动作/惊悚,,,,阿莫里·诺拉斯科,罗伯特·克耐普,,, 43分钟,,多米尼克·珀塞尔,温特沃斯·米勒,,,
庄伟建,潜行狙击,8.4,欧冠英,,,,,,,,47471,,30,,香港,2011,1,,,,2011-08-01(香港),https://movie.douban.com/subject/5965670/,,,,,,剧情/动作/爱情,,,"香港无线电视
翡翠台

高清翡翠台",陈法拉,徐子珊,,, 45分钟,2011年9月9日,谢天华,黄宗泽,,,香港电视广播有限公司
姜信孝,继承者们,6.7,金银淑,,,,,,,,64957,,20,,韩国,2013,1,,1.6,,2013-10-09(韩国),https://movie.douban.com/subject/23775560/,,,,,,剧情/爱情,,,SBS电视台,金宇彬,崔振赫,,, 60分钟,周三、四晚22:00~23:00,朴信惠,李敏镐,,,Hwa & Dam Pictures
刘俊杰,何以笙箫默,6.5,顾漫,,,江苏卫视,,4.875,,,43293,,36,,中国大陆,2015,1,,3.0,1.233941176470588,2015-01-10(中国大陆),https://movie.douban.com/subject/25885442/,,2015年01月10日,,0.955764705882353,,剧情/爱情,,东方卫视,江苏卫视,谭凯,杨玏,,, 40分钟,每天19:30两集连播,唐嫣,钟汉良,,,上海剧酷文化传播有限公司
韦正,爱情公寓4,7.4,汪远,"《
海豚第一剧场
》",,,,4.333333333333333,,,40597,,24,,中国大陆,2014,1,3.296923076923077,2.5,1.2192307692307691,2014-01-17(中国大陆),https://movie.douban.com/subject/10793510/,,,,1.0657142857142858,,喜剧/爱情,,,安徽卫视,李金铭,孙艺洲,,, 45分钟,2014年01月17日19:30,陈赫,娄艺潇,,3.0800000000000005,上海高格影视制作有限公司，上海辛迪加影视有限公司 等
刘畅,最好的我们,8.6,八月长安,,,,,,,,40859,,24,,中国大陆,2016,1,,,,2016-04-08(中国大陆),https://movie.douban.com/subject/26602244/,,,,,,剧情/爱情,,,,王栎鑫,董晴,,, 45分钟,"2016年4月8日起每周五、周六
[1]

（
爱奇艺
VIP会员先于普通用户一周
[24]

）",谭松韵,刘昊然,,,北京爱奇艺科技有限公司
柳云龙,暗算,8.9,麦家,,,,,,,,15320,,40,,中国大陆,2006,1,,,,2006-01-12(中国大陆),https://movie.douban.com/subject/2158486/,,,,,,剧情,,,,宋春丽,祝希娟,,, 39分钟,,高明,柳云龙,,,
弗莱德·萨维奇,破产姐妹 第二季,8.8,迈克尔·帕特里克·金,,,,,,,,91457,,24,,美国,2012,6,,,,2012-09-24(美国),https://movie.douban.com/subject/10727268/,,,,,,喜剧,,,,Garrett Morris,马修·摩伊,,, 22分钟,2012,贝丝·比厄,凯特·戴琳斯,,,Warner Bros. Television（美国）
申宇哲,秘密花园,8.3,金银淑,,,,,,,,61369,,20,,韩国,2010,1,,,,2010-11-13(韩国),https://movie.douban.com/subject/4967578/,,,,,,剧情/爱情/科幻,,,,尹相铉,金莎朗,,, 65min,,河智苑,玄彬,,,
Kevin Hooks,越狱  第四季,7.9,Paul Scheuring,,,,,,,,43160,,22,,美国,2008,4,,,,2008-09-01(美国),https://movie.douban.com/subject/3197006/,,,,,,动作/犯罪/剧情,,,,莎拉·韦恩·卡丽丝,威廉·菲德内尔,,, 42分钟,,多米尼克·珀塞尔,温特沃斯·米勒,,,
张晓光,一米阳光,6.9,李玮,,,,,,,,12346,,30,,中国大陆,2003,1,,,,2004-03-01(中国大陆),https://movie.douban.com/subject/2248530/,,,,,,剧情/爱情,,,"中国教育电视台三套
[12]",印小天,于娜,,, 47分钟,2004-01-26,孙俪,何润东,,,海润影视
梁胜权,古剑奇谭,6.5,邵思涵,钻石独播剧场,,,,,,,23897,,52,,中国大陆,2014,1,,,,2014-07-02(中国大陆),https://movie.douban.com/subject/24697826/,,2014年07月02日,,,,剧情/奇幻/武侠,,,湖南卫视,马天宇,乔振宇,,, 45分钟,每周三周四晚22:00,李易峰,杨幂,,,欢瑞世纪影视传媒股份有限公司、光线传媒、中国国际电视总公司
珊达·莱梅斯,实习医生格蕾 第一季,8.8,,,,,,,,,41970,,9,,美国,2005,14,,,,2005-03-27(美国),https://movie.douban.com/subject/1395471/,,,,,,剧情/爱情,,,,凯瑟琳·海格尔,T·R·奈特,,, 41分钟,,吴珊卓,艾伦·旁派,,,
陈铭章,命中注定我爱你,7.5,陈炘怡,,,,,,,,36833,,24,,台湾,2008,1,,1.0416666666666667,7.294583333333333,2008-03-16(台湾),https://movie.douban.com/subject/2989755/,,,,,,喜剧/爱情,,,,陈楚河,白歆惠,,, 47分钟,2008年3月16日,阮经天,陈乔恩,,,台湾三立电视
Jason Winer,摩登家庭 第一季,9.3,克里斯托弗·洛伊德,,,,,,,,51611,,24,,美国,2009,8,,,,2009-09-23(美国),https://movie.douban.com/subject/3754382/,,,,,,喜剧/家庭,,,,艾瑞克·斯通斯崔特,杰西·泰勒·弗格森,,, 23分钟,,艾德·奥尼尔,阿芮尔·温特,,,福克斯电视制作公司
村上正典,1公升的泪,8.9,江头美智留 ,,,,,,,,65475,,11,,日本,2005,1,,,,2005-10-11(日本),https://movie.douban.com/subject/1436900/,,,,,,剧情/爱情,,,,药师丸博子,藤木直人,,, 47分钟,,锦户亮,泽尻英龙华,,,
张开宙,如果蜗牛有爱情,7.4,丁墨,,,,,4.0,,,36851,,21,,中国大陆,2016,1,,1.0,0.7987500000000001,2016-10-24(中国大陆),https://movie.douban.com/subject/26345137/,,2016年10月24日,,,,剧情/爱情/悬疑,,,腾讯视频,徐悦,于恒,,, 34分钟,,王子文,王凯,,,企鹅影业、东阳正午阳光影视有限公司
亚当·伯恩斯坦,绝命毒师  第二季,9,文斯·吉里根,,,,,,,,53292,,13,,美国,2009,5,,,,2009-03-08(美国),https://movie.douban.com/subject/3586996/,,,,,,犯罪/剧情,,,,安娜·冈,克里斯滕·里特,,, 45分钟,,亚伦·保尔,布莱恩·科兰斯顿,,,美国基本有线频道
王静,十七岁不哭,8.7,李芳芳,,,,,,,,13495,,10,,中国大陆,1997,1,,,,1997,https://movie.douban.com/subject/2155335/,,,,,,剧情,,,,李晨,张超,,, 48分钟,,牛萌萌,郝蕾,,,中国电视剧制作中心
张开宙,他来了，请闭眼,6.2,海宴,,,《他来了，请闭眼》东方卫视首播CSM50城收视率,,,,,24495,,24,,中国大陆,2015,1,3.064,1.0,0.5745833333333334,2015-10-15(中国大陆),https://movie.douban.com/subject/26088457/,,2015.10.15,,,,剧情/爱情/悬疑,,,,张鲁一,王凯,,, 40分钟,,马思纯,霍建华,,,搜狐视频、山东影视集团、SMG尚世影业、正午阳光影业
王迎,家，N次方,8.2,胡非子,,,,,,,,26622,,30,,中国大陆,2011,1,,,,2011-03-11(中国大陆),https://movie.douban.com/subject/5031441/,,,,,,剧情/喜剧/爱情,,,,朱雨辰,白百何,,, 41分钟,2011年3月11日,宋丹丹,赵宝刚 ,,,金英马影视、鑫宝源影视
潘文杰,小宝与康熙,6.9,金庸,,,,,,,,13035,,42,,香港/台湾,2000,1,,,,2000-07-25(台湾),https://movie.douban.com/subject/3041493/,,,,,,剧情/喜剧/爱情,,,,朱茵,舒淇,,, 45分钟,,林心如,张卫健,,,新峰影业有限公司、中华电视公司
迈克尔·斯劳韦斯,权力的游戏 第五季,9.2,戴维·贝尼奥夫,,,,,,,,71658,,10,,美国,2015,8,,,,2015-04-12(美国),https://movie.douban.com/subject/25826612/,,,,,,剧情/奇幻/冒险,,,,基特·哈灵顿,琳娜·海蒂,,, 60分钟,2015-4-12,彼特·丁克拉奇,艾米莉亚·克拉克,,,HBO
沈怡,青青河边草,6.9,林久瑜,,,,,,,,11725,,42,,台湾,1992,1,,,,1992-03-17(台湾),https://movie.douban.com/subject/2214123/,,,,,,剧情/家庭,,,台湾中视,金铭,归亚蕾,,, 45分钟,1992年3月17日,刘雪华,马景涛,,,怡人传播有限公司，中国电视公司
戴夫·森缪尔,英雄 第一季,8.3,蒂姆·克林,,,,,,,,39126,,23,,美国,2006,4,,,,2006-07-22(美国),https://movie.douban.com/subject/1837856/,,,,,,剧情/科幻/惊悚,,,,艾丽·拉特,米洛·文堤米利亚,,, 42分钟,,海顿·潘妮蒂尔,杰克·科尔曼,,,NBC电视网
陈赫,城市猎人,8,黄恩庆,,,,,,,,51947,,20,,韩国,2011,1,,,,2011-05-25(韩国),https://movie.douban.com/subject/6013893/,,,,,,剧情/动作/惊悚,,,,李俊赫,具荷拉,,, 65分钟,周三、周四21:55,朴敏英,李敏镐,,,SSD
马科斯·西恩加,吸血鬼日记 第一季,8.4,Julie Plec,,,,,,,,71020,,22,,美国,2009,8,,,,2009-09-10(美国),https://movie.douban.com/subject/3646523/,,,,,,剧情/奇幻/恐怖,,,,伊恩·萨默海尔德,史蒂夫·R·麦奎因,,, 45分钟,,保罗·韦斯利,妮娜·杜波夫,,,
林玉芬,花千骨,6.2,Fresh果果,钻石独播剧场,,,,,,,28390,,50,,中国大陆,2015,1,,,,2015-06-09(中国大陆),https://movie.douban.com/subject/25812420/,,2015年6月9日,,,,剧情/爱情/奇幻,,,湖南卫视,蒋欣,张丹峰,,, 45分钟,每周二周三晚22:00,赵丽颖,霍建华,,,慈文影视传播有限公司
梁本熙,大汉天子,7.5,杨晓雄,,,,,,,,13894,,41,,中国大陆,2002,1,,,,2002,https://movie.douban.com/subject/2343687/,,,,,,剧情/历史/古装,,,,贾静雯,黄晓明,,, 40分钟,,陈莎莉,陈道明,,,宝石影业投资公司
华践盟,绝色双娇,6.8,,,,,,,,,13272,,40,,中国大陆,2001,1,,,,2001-03-05(中国大陆),https://movie.douban.com/subject/2357304/,,,,,,喜剧/古装,,,,牛莉,宋丹丹,,, 46分钟,,焦恩俊,张庭,,,北京紫禁城影业有限公司
曾丽珍,来不及说我爱你,8.3,周涌,,,,,,,,26589,,36,,中国大陆,2010,1,,,,2010-08-30(中国大陆),https://movie.douban.com/subject/4135704/,,,,,,剧情/爱情/战争,,,,谭凯,齐芳,,, 45分钟,2010年8月30日,李小冉,钟汉良,,,北京光彩世纪、湖南电广传媒股份有限公司节目分公司
朱延平,侠女闯天关,6.4,江佩玲,,,,,,,,12681,,31,,香港/中国大陆/台湾,2000,1,,,,2000,https://movie.douban.com/subject/1831581/,,,,,,剧情/喜剧/动作,,,,顾宝明,郝劭文,,,,,吴奇隆,赵薇,,,
黄磊,似水年华,8.8,黄磊,,,,,,,,18786,,23,,中国大陆,2002,1,,,,2003-07-04(中国大陆),https://movie.douban.com/subject/2157156/,,,,,,剧情/爱情,,,,李心洁,朱旭,,, 46分钟,,刘若英,黄磊,,,中国电影合作制片公司，北京曼孚文化传播有限公司
李添胜,射雕英雄传,8.6,金庸（原著）,,,东方卫视CSM52城收视,,,,,17430,,35,,香港,1994,1,2.9700999999999995,,0.5698,1994-08-01(香港),https://movie.douban.com/subject/2301032/,,"2017年1月9日
[45]",,,,武侠,,,"东方卫视
[4]",罗嘉良,关宝慧,,, 40分钟,,朱茵,张智霖,,,爱奇艺、华策影视、完美建信、完美世界影视
林玉芬,无心法师,8.3,徐子沅,,,,,,,,34320,,20,,中国大陆,2015,1,,,,2015-07-06(中国大陆),https://movie.douban.com/subject/26298756/,,,,,,剧情/喜剧/悬疑,,,搜狐视频,陈瑶,张若昀,,, 47分钟,2015年7月6日,金晨,韩东君,,,搜狐视频、上海唐人电影制作有限公司
欧文·哈里斯,黑镜 第三季,8.7,查理·布鲁克,,,,,,,,58794,,6,,美国/英国,2016,4,,,,2016-10-21(美国),https://movie.douban.com/subject/25966044/,,,,,,剧情/科幻/悬疑,,,,布莱丝·达拉斯·霍华德,凯莉·麦克唐纳,,, 60分钟 / 89分钟(第六集),,麦肯兹·戴维斯,古古·姆巴塔-劳,,,Netflix
源孝志,贤者之爱,7.4,Sawa,,,,,,,,43130,,4,,日本,2016,1,,,,2016-08-20(日本),https://movie.douban.com/subject/26820448/,,,,,,剧情,,,,龙星凉,浅利阳介,,, 55分钟,,高冈早纪,中山美穗,,,
胡玫,汉武大帝,8.8,江奇涛,,,,,,,,14581,,58,,中国大陆,2004,1,,,,2005-01-02,https://movie.douban.com/subject/2411184/,,,,,,剧情/历史/古装,,,,归亚蕾,陶虹,,, 45分钟,,焦晃,陈宝国,,,中国中央电视台，中国电影集团公司
梅小青,宫心计,6.7,贾伟南,,,,,,,,39907,,33,,香港,2009,1,,,,2009-10-19(香港),https://movie.douban.com/subject/3292384/,,,,,,剧情,,,香港无线电视翡翠台,米雪,关菊英,,,,2009-10-19~2009-11-29,杨怡,佘诗曼,,,香港电视广播有限公司
阿什利·皮尔斯,唐顿庄园 第二季,8.9,朱利安·费罗斯,,,,,,,,57504,,8,,英国/美国,2011,6,,,,2011-09-18(英国),https://movie.douban.com/subject/5990367/,,,,,,剧情/家庭,,,,伊丽莎白·麦戈文,玛吉·史密斯,,, 50分钟,星期一 06-24 10:00,吉姆·卡特,休·博内威利,,,
邓衍成,天下第一,7.3,王晶,,,,,,,,15415,,35,,中国大陆/香港/台湾,2005,1,,,,2005-03-05(中国大陆),https://movie.douban.com/subject/1830586/,,,,,,动作/爱情/古装,,,台湾华视频道,张卫健,李亚鹏,,, 45分钟,2005年2月14日,叶璇,郭晋安,,,
洪成昌,原来是美男啊,7.9,洪静恩,,,,,,,,55301,,16,,韩国,2009,1,,2.0,,2009-10-07(韩国),https://movie.douban.com/subject/3992226/,,2010年4月12日-2010年5月13日,,,,喜剧/爱情,,,,郑容和,李弘基,,,,,朴信惠,张根硕,,,Bon Factory
郑军,李卫当官,7.2,刘和平,,,,,,,,9339,,30,,中国大陆,2002,1,,,,,https://movie.douban.com/subject/2310046/,,,,,,剧情/喜剧,,,,唐国强,王辉,,, 45分钟,,陈好,徐峥,,,
赵宝刚 ,过把瘾,8.3,王朔,,,,,,,,9440,,8,,中国大陆,1994,1,,,,1994,https://movie.douban.com/subject/2264216/,,,,,,剧情,,,,刘蓓,赵亮,,, 46分钟,,江珊,王志文,,,北京文化艺术音像出版社
邓特希,妙手仁心,8.4,邓特希,,,,,,,,18710,,32,,香港,1998,1,,,,1998-08-31(香港),https://movie.douban.com/subject/1830581/,,,,,,剧情,,,"香港无线电视
翡翠台",马浚伟,蔡少芬,,, 45分钟,2000.11.20-2001.1.12,吴启华,林保怡,,,香港TVB
丁仰国,青河绝恋,6.8,夏美华,,,,,,,,8378,,40,,中国大陆,2000,1,,,,2000-04-18(中国大陆),https://movie.douban.com/subject/2259610/,,,,,,动作/剧情,,,,王艳,邢岷山,,, 48分钟,,蒋勤勤,赵文卓,,,台湾映画传播事业有限公司等
林合隆,海豚湾恋人,6.4,罗彩娟,,,,,,,,17101,,28,,台湾,2003,1,,,,2003-05-18(台湾),https://movie.douban.com/subject/2303292/,,,,,,剧情/爱情,,,华视,霍建华,林韦君,,,,2003年5月18日,许绍洋,张韶涵,,,华视、三立电视台
娄楠,一脚定江山,6.6,麦高迪,,,,,,,,8282,,29,,中国大陆,2000,1,,,,,https://movie.douban.com/subject/3087439/,,,,,,剧情/爱情/古装,,,,李冰冰,姜武,,, 47分钟,,李宗翰,任泉,,,北京友视文化传播有限公司
Kevin Bright,老友记 第十季,9.8,David Crane,,,,,,,,39512,,18,,美国,2003,10,,,,2003-09-25(美国),https://movie.douban.com/subject/3286552/,,,,,,喜剧/爱情,,,,丽莎·库卓,马特·勒布朗,,, 22分钟,,柯特妮·考克斯,詹妮弗·安妮斯顿,,,Bright/Kauffman/Crane Productions、华纳兄弟电视
Martin Dennis,布莱克书店 第一季,9,迪兰·莫兰,,,,,,,,29094,,6,,英国,2000,3,,,,2000-09-29,https://movie.douban.com/subject/1482132/,,,,,,喜剧,,,,塔姆辛·格雷格,,,, 24分钟,,比尔·贝利,迪兰·莫兰,,,
西谷弘,昼颜：工作日下午3点的恋人们,8.6,井上由美子,,,,,,,,73845,,11,,日本,2014,1,,,,2014-07-17(日本),https://movie.douban.com/subject/25897313/,,,,,,剧情,,,,吉濑美智子,北村一辉,,, 45分钟,,斋藤工,上户彩,,,富士电视台
徐秀敏,制作人,7.8,朴智恩,,,,,,,,23430,,12,,韩国,2015,1,,,,2015-05-15(韩国),https://movie.douban.com/subject/26334946/,,2015年5月15日,,,,剧情,,,韩国KBS电视台,孔晓振,李知恩,,, 70分钟,,车太贤,金秀贤,,,Producer文化产业专门会社；草绿蛇Media
陈铭章,王子变青蛙,7.1,罗彩娟,,,,,,,,20033,,20,,台湾,2005,1,,1.0,5.950000000000001,2005-06-05(台湾),https://movie.douban.com/subject/2043283/,,,,,,剧情/喜剧/爱情,,,,王少伟,赵小侨,,, 64分钟 / 45分钟,,明道,陈乔恩,,,台湾电视公司，三立电视公司
曾丽珍,又见一帘幽梦,5.6,琼瑶,,,,,,,,9864,,46,,中国大陆/台湾,2007,1,,,,2007-06-30(中国大陆),https://movie.douban.com/subject/2142656/,,,,,,剧情/爱情,,,,张嘉倪,保剑锋,,, 48分钟,"2007年6月30日起

每天21:00两集连播",秦岚,方中信,,,湖南广播影视集团
平川雄一朗,白夜行,8.3,森下佳子,,,,,,,,44173,,11,,日本,2006,1,,,,2006-01-12(日本),https://movie.douban.com/subject/2031438/,,,,,,剧情,,,,八千草薰,小出惠介,,, 46分钟,,绫濑遥,山田孝之,,,
陈铭章,放羊的星星,7.2,杜欣怡,,,,,,,,21304,,20,,台湾,2007,1,,1.35,2.923888888888889,2007-03-11(台湾),https://movie.douban.com/subject/2157176/,,,,,,爱情,,,,立威廉,李威,,, 90分钟(台视版) / 60分钟(海外版),,刘荷娜,林志颖,,,台湾三立都会台
迈克尔·艾普特,罗马 第一季,8.9,Bruno Heller,,,,,,,,17234,,12,,英国/美国,2005,2,,,,2005-08-28(美国),https://movie.douban.com/subject/1421781/,,,,,,动作/剧情/历史,,,,塞伦·希德,肯尼思·库兰汉姆,,, 52 分钟,,雷·史蒂文森,凯文·麦克基德,,,
约翰·大卫·科尔斯,纸牌屋 第三季,8.3,鲍尔·威利蒙,,,,,,,,32865,,13,,美国,2015,5,,,,2015-02-27(美国),https://movie.douban.com/subject/25823412/,,,,,,剧情/惊悚,,,,莫莉·帕克,迈克尔·凯利,,, 58分钟,,罗宾·怀特,凯文·史派西,,,奈飞公司（Netflix）
王文杰,大染坊,8.8,陈杰,,,,,,,,10090,,24,,中国大陆,2003,1,,,,2003-10-09(中国大陆),https://movie.douban.com/subject/2248529/,,,,,,剧情,,,CCTV1综合频道,萨日娜,刘奕君,,, 46分钟,2003年10月9日起,罗刚,侯勇,,,山东电影电视剧制作中心
沈严,中国式离婚,7.8,王海鸰,,,,,,,,9736,,23,,中国大陆,2004,1,,,,2004-07(中国大陆),https://movie.douban.com/subject/1830589/,,,,,,剧情/家庭,,,,左小青,咏梅,,, 42分钟,,蒋雯丽,陈道明,,,北京金盾信通影视文化有限责任公司
松田秀知,偷偷爱着你,8,武藤将吾,,,,,,,,47754,,12,,日本,2007,1,,,,2007-07-03(日本),https://movie.douban.com/subject/2147121/,,,,,,剧情,,,,生田斗真,冈田将生,,, 54分钟,,小栗旬,堀北真希,,,日本富士电视台
刘家成,铁齿铜牙纪晓岚3,6.9,邹静之,,,,,,,,8824,,40,,中国大陆,2004,1,,,,2004-12-08(中国大陆),https://movie.douban.com/subject/2248761/,,,,,,剧情/喜剧/古装,,,,张铁林,张庭,,, 45分钟,,王刚,张国立,,,
巨兴茂,灵魂摆渡,8.1,小吉祥天,,,,,,,,18223,,20,,中国大陆,2014,1,,,,2014-02-28,https://movie.douban.com/subject/25800263/,,,,,,剧情/惊悚/恐怖,,,,刘智扬,梁椰雯,,, 40分钟,,肖茵,于毅,,,爱奇艺、完美建信影视
李国立,女医明妃传,6.1,张巍,梦想剧场,,"东方卫视CSM52城收视
率",,3.1923076923076925,,,19123,,50,,中国大陆,2016,1,3.40062962962963,1.8461538461538463,1.2970000000000002,2016-02-13(中国大陆),https://movie.douban.com/subject/25817053/,,,,1.1671481481481483,,剧情/古装,,江苏卫视CSM52城收视率,东方卫视,黄轩,李呈媛,,, 45分钟,2016年2月13日/每晚19:30,霍建华,刘诗诗,,3.065222222222222,新丽传媒股份有限公司、天津唐人影视股份有限公司
徐遇安,读心神探,7,薛家华,,,,,,,,26047,,20,,香港,2010,1,,,,2010-10-04(香港),https://movie.douban.com/subject/4202127/,,2010年10月4日-10月29日,,,,爱情/犯罪/悬疑,,,"香港无线电视
翡翠台",田蕊妮,陈茵媺,,, 40分钟,,黄宗泽,林保怡,,,香港无线电视台
李达超,美人为馅,5.7,于正,,,,,,,,16699,,36,,中国大陆,2016,1,,,,2016-10-24(中国大陆),https://movie.douban.com/subject/26614086/,,"每周一、二晚20:00 更新两集
[2-4]",,,,爱情/悬疑,,,爱奇艺,张逸杰,米热,,, 45分钟,2016年10月24日,白宇,杨蓉,,,北京爱奇艺科技有限公司
龚若飞,恰同学少年,8.4,黄晖,,,,,,,,9924,,23,,中国大陆,2007,1,,,,2007-03-22(中国大陆),https://movie.douban.com/subject/2148367/,,,,,,剧情/传记/历史,,,"中央电视台一套
[11]",徐亮,范近轮,,, 45分钟,2007年3月22日,钱枫,谷智鑫,,,湖南华夏影视传播有限公司
文伟鸿,使徒行者,8.1,叶天成,,,,,,,,40745,,31,,香港,2014,1,,,,2014-08-25(香港),https://movie.douban.com/subject/25708579/,,,,,,剧情/爱情/犯罪,,,,林峰,沈震轩,,, 45分钟,,佘诗曼,苗侨伟,,,嘉映影业、邵氏兄弟、烈火影业等
赖水清,刁蛮公主,5.4,马志全,,,,,,,,10669,,36,,中国大陆,2006,1,,,,2006-01-25(中国大陆),https://movie.douban.com/subject/2327494/,,,,,,喜剧/爱情/古装,,,成都电视台影视文艺频道,鲍蕾,吕行,,, 45分钟,2005年12月,苏有朋,张娜拉,,,广东巨星影业公司
罗杰·昆宝,绯闻女孩  第三季,7.5,丝黛芬妮·萨维奇,,,,,,,,46697,,22,,美国,2009,6,,,,2009-09-14(美国),https://movie.douban.com/subject/3882759/,,,,,,剧情/爱情,,,,切斯·克劳福,布蕾克·莱弗利,,, 60分钟,,莉顿·梅斯特,希拉里·达芙,,,CW
迈克尔·莱拜克,老友记 第二季,9.7,玛尔塔·考夫曼,,,,,,,,42439,,24,,美国,1995,10,,,,1995-09-21(美国),https://movie.douban.com/subject/3286528/,,,,,,喜剧/爱情,,,,丽莎·库卓,马特·勒布朗,,, 22分钟,,柯特妮·考克斯,詹妮弗·安妮斯顿,,,华纳兄弟
金奎泰,没关系，是爱情啊,8.5,卢熙京,,,,,,,,46028,,16,,韩国,2014,1,,,,2014-07-23(韩国),https://movie.douban.com/subject/25809181/,,,,,,剧情,,,,成东日,李光洙,,, 60分钟,,赵寅成,孔晓振,,,
赵宝刚 ,别了，温哥华,7.7,高璇,,,,,,,,9658,,22,,中国大陆,2003,1,,,,2003,https://movie.douban.com/subject/2227111/,,,,,,剧情/爱情,,,,姜武,李小冉,,, 47分钟,,陈坤,赵子琪,,,
弗莱德·萨维奇,破产姐妹 第三季,8.3,迈克尔·帕特里克·金,,,,,,,,51737,,24,,美国,2013,6,,,,2013-09-23(美国),https://movie.douban.com/subject/23055587/,,,,,,喜剧,,,,马修·摩伊,乔纳森·克特,,, 22分钟,,贝丝·比厄,凯特·戴琳斯,,,CBS Television
托尼·乔丹,飞天大盗 第一季,8.9,托尼·乔丹,,,,,,,,25599,,6,,英国,2004,8,,,,2004-02-24(英国),https://movie.douban.com/subject/1763205/,,,,,,犯罪/剧情/悬疑,,,,罗比·贾维斯,,,, 60分钟,,罗伯特·沃恩,罗伯特·格林尼斯特,,,英国BBC公司
张国立,康熙微服私访记3,6.7,邹静之,,,,,,,,8868,,20,,中国大陆,2000,1,,,,,https://movie.douban.com/subject/2252736/,,,,,,剧情/历史/古装,,,,赵亮,刘淼,,, 42分钟,,邓婕,张国立,,,广东巨星影业有限公司
Bronwen Hughes,妙警贼探 第一季,8.6,杰夫·艾斯汀,,,,,,,,33532,,14,,美国,2009,6,,,,2009-10-23(美国),https://movie.douban.com/subject/3620686/,,,,,,喜剧/犯罪/剧情,,,,威利·加森,蒂凡妮·西森,,, 60分钟,,蒂姆·迪凯,马特·波莫,,,美国USA电视台
刘在元,哦我的鬼神大人,8.2,杨熙胜,,,,,,,,29460,,16,,韩国,2015,1,,,0,2015-07-03(韩国),https://movie.douban.com/subject/26367601/,,2015.07.03,,0,,喜剧/爱情/惊悚,,,,金瑟祺,郭时旸,,, 60分钟,周五、六 20:30,曹政奭,朴宝英,,,Chorokbaem Media
埃德·拜,极品基老伴 第一季,8.9,加里·詹内蒂,,,,,,,,38592,,6,,英国,2013,2,,,,2013-04-29(英国),https://movie.douban.com/subject/20278812/,,,,,,喜剧/同性,,,,弗朗西斯·德·拉·图瓦,伊万·瑞恩,,, 22分钟,,德里克·雅各比,伊恩·麦克莱恩,,,
丁仰国,一起来看流星雨,4,王雪静,,,,,,,,15207,,36,,中国大陆,2009,1,,,,2009-08-08(中国大陆),https://movie.douban.com/subject/3546712/,,,,,,剧情/喜剧/爱情,,,湖南卫视,俞灏明,魏晨,,, 45分钟,"每晚22:00
金鹰独播剧场
两集连播",张翰,郑爽,,,湖南卫视、天娱传媒有限公司
梅小青,法证先锋,8.3,陈静仪,,,,,,,,27059,,25,,香港,2006,1,,,,2006-06-13(香港),https://movie.douban.com/subject/1922656/,,,,,,犯罪/剧情,,,,蒙嘉慧,钟嘉欣,,, 45分钟,,林文龙,欧阳震华,,,香港电视广播有限公司
胡玫,乔家大院,8.2,朱秀海,,,,,,,,9503,,45,,中国大陆,2006,1,,,,2006-02-13(中国大陆),https://movie.douban.com/subject/2382364/,,,,,,剧情/传记,,,,雷恪生,倪大红,,, 45分钟,,蒋勤勤,陈建斌,,,
杰雷米·波德斯瓦,太平洋战争,8.7,Bruce C. McKenna,,,,,,,,24859,,10,,美国/澳大利亚,2010,1,,,,2010-03-14(美国),https://movie.douban.com/subject/1428176/,,,,,,剧情/动作/历史,,,,约书亚·比顿,布莱登·佛雷切,,, 52分钟,,托比·莱昂纳德·摩尔,约瑟夫·梅泽罗,,,HBO、Playtone、梦工厂
西谷弘,神探伽利略,8.2,福田靖,,,,,,,,50679,,10,,日本,2007,1,,,,2007-10-15(日本),https://movie.douban.com/subject/2270390/,,,,,,剧情/悬疑,,,,北村一辉,深田恭子,,, 54分钟,,柴崎幸,福山雅治,,,株式会社富士电视
丹尼·加农,妮基塔 第一季,7.9,克雷格·西尔弗斯坦,,,,,,,,42576,,22,,美国,2010,4,,,,2010-09-09(美国),https://movie.douban.com/subject/4317617/,,,,,,剧情/动作/惊悚,,,,夏恩·韦斯特,亚伦·斯坦福,,, 40分钟,,琳德西·冯塞卡,李美琪,,,
黄力加,神医喜来乐,7.5,周振天,,,,,,,,9681,,35,,中国大陆,2003,1,,,,2003-01-22(中国大陆),https://movie.douban.com/subject/2259830/,,,,,,剧情/喜剧/传记,,,,沈傲君,梁丽,,, 46分钟,,杜雨露,李保田,,,中央电视台，河北电视台
招振强,上海滩,8.9,古兆奉,,,,,,,,12167,,25,,香港,1980,1,,,,1980-03-10(香港),https://movie.douban.com/subject/1299645/,,,,,,剧情/爱情,,,无线电视台,吕良伟,刘丹,,, 45分钟,1980年3月10日,赵雅芝,周润发,,,TVB
乔斯·韦登,神盾局特工 第一季,7.9,杰克·科比,,,,,,,,37976,,22,,美国,2013,4,,,,2013-09-24(美国),https://movie.douban.com/subject/19938222/,,,,,,剧情/动作/科幻,,,,布雷特·道顿,汪可盈,,, 45分钟,,温明娜,克拉克·格雷格,,,Marvel Television
沈好放,贫嘴张大民的幸福生活,8.1,刘恒,,,,,,,,10694,,20,,中国大陆,2000,1,,,,2000-02-15(中国大陆),https://movie.douban.com/subject/2210241/,,,,,,剧情/喜剧/爱情,,,,霍思燕,徐秀林,,, 45分钟,,朱媛媛,梁冠华,,,北京电视艺术中心、海南航空综合培训中心北京怡通广告中心
李朝永,怀玉公主,6.5,陈晓冰,,,,,,,,10674,,118,,台湾,2000,1,,,,2000-04-05(台湾),https://movie.douban.com/subject/2287864/,,,,,,爱情,,,,王皓,张凤书,,, 80分钟,,孙耀威,郑家榆,,,中华电视公司
菲利普 · 卡德尔巴赫,我们的父辈,9.5,斯特凡·科蒂茨,,,,,,,,21446,,3,,德国,2013,1,,,,2013-03-17,https://movie.douban.com/subject/22623816/,,,,,,剧情/爱情/历史,,,,卡塔琳娜·舒特勒,路德维格.特内普特,,, 90分钟,2013年3月1日,沃尔克·布鲁赫,汤姆·希林,,,
武内英树,交响情人梦,9.1,卫藤凛,,,,,,,,81247,,11,,日本,2006,1,,,,2006-10-16(日本),https://movie.douban.com/subject/1997685/,,2014.10.13,,,,喜剧/剧情/爱情,,,KBS电视台,瑛太,水川麻美,,, 47分钟,,玉木宏,上野树里,,,Group8
潘嘉德,冲上云霄,8.2,欧冠英,,,,,,,,27937,,40,,香港,2003,1,,,,2003-10-27,https://movie.douban.com/subject/2002924/,,,,,,剧情,,,TVB翡翠台,马德钟,胡杏儿,,,,2003年10月27日至12月20日21:35播出,陈慧珊,吴镇宇,,,香港电视广播有限公司
全基尚 ,花样男子,7.3,尹智林,月火剧,,,,,,,36495,,25,,韩国,2009,1,,,,2009-01-05(韩国),https://movie.douban.com/subject/3528554/,,2009年1月5日,,,,喜剧/剧情/爱情,,,KBS,金俊,金汎,,, 70分钟,,金贤重,李敏镐,,,Group8
马科斯·西恩加,吸血鬼日记  第二季,8.7,凯文·威廉姆森,,,,,,,,49154,,22,,美国,2010,8,,,,2010-09-09(美国),https://movie.douban.com/subject/4905040/,,2011年5月12日,,,,剧情/爱情/恐怖,,,,伊恩·萨默海尔德,史蒂夫·R·麦奎因,,, 40分钟,,保罗·韦斯利,妮娜·杜波夫,,,哥伦比亚及华纳兄弟联合电视网
三宅喜重,我的恐怖妻子,9,黑岩勉,,,,,,,,74166,,9,,日本,2016,1,,,,2016-04-19(日本),https://movie.douban.com/subject/26741568/,,2016年4月19日,,,,剧情,,,富士电视台系,相武纱季,浅香航大,,, 50分钟,,木村佳乃,伊藤英明,,,关西电视台（KTV）[1]
肖恩·利维,怪奇物语 第一季,8.7,马特·达菲,,,,,,,,45595,,8,,美国,2016,2,,,,2016-07-15(美国),https://movie.douban.com/subject/26359270/,,,,,,剧情/科幻/悬疑,,,,菲恩·伍法德,米莉·波比·布朗,,, 50分钟,,大卫·哈伯,薇诺娜·瑞德,,,NETFLIX
李平,苍天有泪,7.4,琼瑶,,,,,,,,7534,,24,,中国大陆/台湾,1998,1,,,,1998-03-25(中国大陆),https://movie.douban.com/subject/2246583/,,,,,,剧情/爱情,,,,蒋勤勤,庹宗华,,, 43分钟,,朱茵,焦恩俊,,,台湾怡人传播有限公司，湖南经视
Michael DeCarlo,同志亦凡人 第一季,8.9,Ron Cowen,,,,,,,,19731,,22,,美国/加拿大,2000,5,,,,2000-12-03(美国),https://movie.douban.com/subject/1427500/,,,,,,剧情/同性,,,,兰迪·哈里森,斯科特·洛威尔,,, 55分钟,,葛尔·哈罗德,哈尔·斯帕克斯,,,Showtime
全基尚 ,魔女柔熙,6.9,金元镇,,,,,,,,28424,,16,,韩国,2007,1,,,,2007-07-27(中国大陆),https://movie.douban.com/subject/2972166/,,,,,,喜剧/爱情,,,"韩国
SBS
电视台",金桢勋,丹尼斯·吴,,, 60分钟,2007-03-21,韩佳人,在熙,,,
温伟基,方谬神探,7.1,苗申,,,,,,,,7959,,30,,香港,2001,1,,,,2002-03-27(中国大陆),https://movie.douban.com/subject/2299706/,,,,,,喜剧/爱情/悬疑,,,,胡静,张茜,,,,,袁咏仪,张卫健,,,北京天中文化发展有限公司；长春电视台
金亨植,幽灵,8.5,金恩熙,,,,,,,,26248,,20,,韩国,2012,1,,,,2012-05-30(韩国),https://movie.douban.com/subject/10740251/,,,,,,剧情/悬疑,,,,严基俊,崔丹尼尔,,, 64分钟,,李沇熹,苏志燮,,,
陈俊良,第八号当铺,7.3,,,,,,,,,8915,,116,,台湾,2002,1,,,,2002,https://movie.douban.com/subject/2326686/,,,,,,剧情/奇幻,,,,郑家榆,林韦君,,, 45分钟,,天心,杜德伟,,,台湾映画传播事业有限公司
格雷厄姆·莱恩汉,IT狂人 第二季,9.3,格雷厄姆·莱恩汉,,,,,,,,29935,,6,,英国,2007,4,,,,2007-08-24(英国),https://movie.douban.com/subject/3570688/,,,,,,喜剧,,,,凯瑟琳·帕金森,,,, 23分钟,,理查德·艾欧阿德,克里斯·奥多德,,,
钱雁秋,神探狄仁杰,8.4,钱雁秋,,,,,,,,8758,,30,,中国大陆,2004,1,,,,2004-08-05(中国大陆),https://movie.douban.com/subject/2995948/,,,,,,剧情/悬疑/古装,,,,张子健,须乾,,, 45分钟,,吕中,梁冠华,,,中央电视台文艺中心影视部、东阳荣煊影视文化发展有限公司等
Kevin Bright,老友记  第五季,9.7,David Crane,,,,,,,,34554,,24,,美国,1998,10,,,,1998-09-24(美国),https://movie.douban.com/subject/3286538/,,,,,,喜剧/爱情,,,,丽莎·库卓,马特·勒布朗,,, 22 分钟 / 22 分钟(approx.) / Argentina: 30 分钟,,柯特妮·考克斯,詹妮弗·安妮斯顿,,,
英达,闲人马大姐,7.2,梁左,,,,,,,,10621,,,,中国大陆,2000,1,,,,2000-08-01(中国大陆),https://movie.douban.com/subject/2568018/,,,,,,喜剧/家庭,,,,虞梦,吕小品,,, 22分钟,,李建华,蔡明,,,英氏影视公司
高翊浚,武媚娘传奇,5.2,潘朴,金鹰独播剧场,,,,,,,19386,,96,,中国大陆,2014,1,,,,2014-12-21(中国大陆),https://movie.douban.com/subject/6984046/,,,,,,传记/历史/古装,,,湖南卫视,李治廷,周海媚,,, 45分钟,2014年12月21日,张丰毅,范冰冰,,,唐德影视、范冰冰工作室、《读者》集团、恒大影视、中影股份
蔡晶盛,大唐双龙传,7.4,劉彩雲,,,,,,,,13638,,42,,香港,2004,1,,,,2004-07-19,https://movie.douban.com/subject/2229555/,,,,,,历史/奇幻/武侠,,,,郭耀明,吴卓羲,,, 44分钟,,艾威,林峰,,,香港电视广播有限公司
申宇哲,绅士的品格,8.2,金银淑,周末剧,,,,,,,33536,,20,,韩国,2012,1,,1.0,,2012-05-26(韩国),https://movie.douban.com/subject/10465145/,,,,,,剧情/爱情,,,SBS,金民钟,金秀路,,, 65分钟,2012年5月26日,金荷娜,张东健,,,SBS电视台
陈慧翎,下一站，幸福,8,陈慧翎,,,,,,,,31501,,21,,台湾,2009,1,,1.0,,2009-10-04(台湾),https://movie.douban.com/subject/4059238/,,2009年10月04日,,,,剧情/爱情,,,,许玮甯,吴慷仁,,, 75分钟,,安以轩,吴建豪,,,三立电视公司，台湾电视公司
孔笙,生死线,8.9,兰晓龙,,,,,,,,8462,,48,,中国大陆,2009,1,,,,2009-09-19(中国大陆),https://movie.douban.com/subject/3629206/,,,,,,剧情/战争,,,,李晨,杨烁,,, 44分钟,,廖凡,张译,,,山东电影电视剧制作中心
于荣光,舞乐传奇,8.8,王倦,,,,,,,,14803,,42,,中国大陆,2013,1,,,,2013-12-31(中国大陆),https://movie.douban.com/subject/21759697/,,,,,,剧情/历史,,,,高一玮,胡海峰,,, 40分钟,,林更新,秋瓷炫,,,云南广电传媒集团有限公司
永山耕三,悠长假期,9.1,北川悦吏子,,,,,,,,36858,,11,,日本,1996,1,,,,1996-04-15(日本),https://movie.douban.com/subject/1436674/,,,,,,剧情/喜剧/爱情,,,,竹野内丰,稻森泉,,, 54分钟,,山口智子,木村拓哉,,,日本富士电视台
梅小青,法证先锋3,7.4,蔡婷婷,,,,,,,,26585,,30,,香港,2011,1,,,,2011-10-10(香港),https://movie.douban.com/subject/5247088/,,,,,,剧情/爱情/犯罪,,,"TVB
翡翠台
、
高清翡翠台
[6]",吴卓羲,徐子珊,,, 45分钟,2011年10月10日-11月20日21:30—22:30,张可颐,黎耀祥,,,香港无线电视
叶昭仪,我和春天有个约会,9,杜国威,"《
金鹰独播剧场
》",,,,,,,18764,,40,,香港,1995,1,,,,1996-01-13(香港),https://movie.douban.com/subject/2983434/,,2013年5月28日,,,,剧情/爱情,,,湖南卫视,万绮雯,商天娥,,, 45分钟,19:30三集连播,蔡晓仪,邓萃雯,,,中国中央电视台、湖南广播电视台
杨文军,离婚律师,7.2,陈彤,"《
中国蓝剧场
》",,天津卫视,,4.882352941176471,,3.4705882352941178,21455,深圳卫视,45,11.0,中国大陆,2014,1,,3.176470588235294,1.1117647058823528,2014-08-04(中国大陆),https://movie.douban.com/subject/25711530/,江苏卫视,,,0.9714705882352942,,剧情/爱情,1.0772941176470587,浙江卫视,浙江卫视,方中信,张萌,,, 45分钟,"2014年8月4日，周日至周四19:30三集连播

周五至周六19:30两集连播",吴秀波,姚晨,0.5473529411764707,,上海耀客文化有限公司
马克·森卓斯基,生活大爆炸 第八季,8.9,查克·罗瑞,,,,,,,,29528,,24,,美国,2014,10,,,,2014-09-22(美国),https://movie.douban.com/subject/25845393/,,,,,,喜剧,,,,凯莉·库柯,西蒙·赫尔伯格,,, 20分钟,,约翰尼·盖尔克奇,吉姆·帕森斯,,,华纳兄弟电视公司，查克·洛尔制片公司
李国立,怪侠一枝梅,8.1,邓力奇,,,,,,,,15298,,30,,中国大陆,2010,1,,3.6,1.5133333333333334,2010-12-22(中国大陆),https://movie.douban.com/subject/4861422/,,2010-12-22,,,,剧情/喜剧/武侠,,,江苏综艺台,马天宇,释彦能,,, 45分钟,每晚7:20,刘诗诗,霍建华,,,唐人电影国际有限公司
胡明凯,少年包青天Ⅲ之天芒传奇,6.5,沐清华,,,,,,,,9450,,45,,中国大陆,2006,1,,,,2006-09-27(中国大陆),https://movie.douban.com/subject/2157132/,,,,,,剧情/爱情/悬疑,,,,赵阳,秦丽,,, 45分钟,2007年6月24日,释小龙,邓超,,,广州东方明珠文化传播有限公司
李岳峰,一代女皇,8.2,孟子义,,,,,,,,6420,,40,,台湾,1985,1,,,,1985-11-18,https://movie.douban.com/subject/2311145/,,,,,,传记/古装,,,,崔浩然,许家荣,,,,,樊日行,潘迎紫,,,中国电视公司（CTV）
宫本理江子,最完美的离婚,8.9,坂元裕二,,,,,,,,56444,,11,,日本,2013,1,,,,2013-01-10(日本),https://movie.douban.com/subject/20416430/,,,,,,剧情/喜剧/爱情,,,,真木阳子,绫野刚,,, 46分钟,,尾野真千子,瑛太,,,富士电视台
沈怡,梅花三弄之水云间,6.5,林龄龄,,,,,,,,6584,,26,,台湾,1993,1,,,,1993,https://movie.douban.com/subject/2190921/,,,,,,剧情/爱情,,,,陈德容,罗刚,,,,,陈红,马景涛,,,怡人传播有限公司，中国电视公司
英达,东北一家人,8,英宁,,,,,,,,11985,,120,,中国大陆,2001,1,,,,2002-02-12(中国大陆),https://movie.douban.com/subject/2031964/,,,,,,剧情/喜剧,,,,金珠,巩汉林,,, 21分钟,,彭玉,李琦,,,英氏影视公司
Kevin Bright,老友记  第六季,9.7,大卫·克拉尼,,,,,,,,33688,,25,,美国,1999,10,,,,1999-09-23(美国),https://movie.douban.com/subject/3286543/,,,,,,喜剧/爱情,,,,丽莎·库卓,马特·勒布朗,,, 25分钟,,柯特妮·考克斯,詹妮弗·安妮斯顿,,,NBC（全国广播公司）
刘家豪,溏心风暴,7.8,张华标,,,,,,,,21112,,40,,香港,2007,1,,,,2007-04-09(香港),https://movie.douban.com/subject/2124746/,,,,,,剧情/爱情,,,,杨怡,林峰,,,,,李司棋,黄宗泽,,,香港电视广播有限公司
沈怡,天国的嫁衣,5.7,罗彩娟,,,,,,,,15199,,19,,台湾,2004,1,,,,2004-09-05(台湾),https://movie.douban.com/subject/2311206/,,,,,,爱情,,,,立威廉,刘序浩,,, 60分钟,,明道,王心凌,,,三立都会台，中华电视公司
刘海波,四大名捕,6.9,李晴宇,,,,,,,,8009,,30,,中国大陆,2004,1,,,,,https://movie.douban.com/subject/2377023/,,,,,,剧情/动作,,,,钟汉良,蒋勤勤,,, 47分钟,,王艳,车仁表,,,北京光线影业，安徽广播电视台，精英娱乐有限公司
康斯坦丁·斯达茨基,战斗民族养成记,9.1,Tatyana Erdemir,,,,,,,,14253,,20,,俄罗斯,2015,1,,,,2015-11-02(俄罗斯),https://movie.douban.com/subject/26775543/,,,,,,剧情/喜剧,,,,谢尔盖·奇尔科夫,尤里·瓦西里耶夫,,, 24分钟,,斯维塔兰娜·伊万诺娃,马特兹·达米克基,,,СТС International
Jim Fitzpatrick,邪恶力量 第一季,8.5,艾力克·克莱普科,,,,,,,,24605,,22,,美国,2005,13,,,,2005-09-13(美国),https://movie.douban.com/subject/1463879/,,,,,,剧情/奇幻/恐怖,,,,,,,, 60分钟,,Jensen Ackles,Jared Padalecki,,,WB电视台（CW电视台的前身）
滕华涛,王贵与安娜,8,六六,,,,,,,,8663,,32,,中国大陆,2009,1,,,,2009-03-07(中国大陆),https://movie.douban.com/subject/3400593/,,"2009年03月07日
[11]",,,,剧情/家庭,,,,奚美娟,涂松岩,,, 44分钟,,海清,林永健,,,华录百纳影视有限公司
刘家豪,谈情说案,7.1,黄育德,,,,,,,,25888,,25,,香港,2010,1,,,,2010-05-24(香港),https://movie.douban.com/subject/3864306/,,,,,,剧情/爱情/犯罪,,,"中国香港TVB高清翡翠台
[15]",廖碧儿,马国明,,, 40分钟,2010年5月24日至6月25日,杨怡,林峰,,,香港电视广播有限公司
Shelley Jensen,老友记  第四季,9.7,大卫·克拉尼,,,,,,,,35919,,24,,美国,1997,10,,,,1997-09-25(美国),https://movie.douban.com/subject/3286536/,,,,,,喜剧/爱情,,,,丽莎·库卓,马特·勒布朗,,, 22分钟,,柯特妮·考克斯,詹妮弗·安妮斯顿,,,NBC（全国广播公司）
文斯·吉里根,风骚律师 第一季,9.2,文斯·吉里根,,,,,,,,21314,,10,,美国,2015,3,,,,2015-02-08(美国),https://movie.douban.com/subject/25726259/,,,,,,剧情/喜剧/犯罪,,,,乔纳森·班克斯,帕特里克·法比安,,, 45分钟,2015年2月8日,蕾亚·塞洪,鲍勃·奥登科克,,,
文章,小爸爸,6.8,文章,梦想剧场,,,,,,,15651,,33,,中国大陆,2013,1,,,,2013-09-02,https://movie.douban.com/subject/20270414/,,2013.09.02,,,,剧情/喜剧,,,东方卫视,朱佳煜,王耀庆,,, 45分钟,19:30,马伊琍,文章,,,尚世影业、君竹影视、华美时空
高力强,乌龙闯情关,6.5,德喜,,,,,,,,9903,,40,,中国大陆,2001,1,,,,2001-01(中国大陆),https://movie.douban.com/subject/3134871/,,,,,,剧情/喜剧/爱情,,,,林心如,宋妍,,, 47分钟,,曹颖,孙耀威,,,
卫翰韬,杨门女将,7.7,郑怀兴,,,,,,,,8359,,40,,中国大陆,2001,1,,,,2001,https://movie.douban.com/subject/3010220/,,,,,,历史/爱情/战争,,,,郑佩佩,李绮虹,,,,,宁静,李若彤,,,中国电影集团，电影频道节目中心，上海唐人电影制作有限公司
刘立立,婉君,6.9,林久愉,,,,,,,,7019,,18,,台湾,1990,1,,,,1990-02-19,https://movie.douban.com/subject/2287261/,,,,,,剧情/爱情/家庭,,,,张佩华,金素梅,,,,,金铭,俞小凡,,,台湾怡人传播有限公司，中华电视公司
金奎泰,那年冬天，风在吹,7.6,卢熙京,水木剧,,,,,,,31938,,16,,韩国,2013,1,,1.1875,,2013-02-13(韩国),https://movie.douban.com/subject/19969225/,,,,,,剧情/爱情,,,SBS,金汎,郑恩地,,, 60分钟,2013年2月13日,宋慧乔,赵寅成,,,SBS
尹锡湖,冬日恋歌,7.9,吴秀贤 ,,,,,,,,25897,,20,,韩国,2002,1,,,,2002-01-14(韩国),https://movie.douban.com/subject/1786755/,,,,,,剧情/爱情,,,,朴龙河,朴率美,,,,2002年1月7日,崔智友,裴勇俊,,,KBS电视台
邝业生,陀枪师姐2,7.8,林少枝,,,,,,,,17985,,32,,香港,2000,1,,,,2000-09-08(香港),https://movie.douban.com/subject/2190935/,,,,,,剧情,,,,魏骏杰,滕丽名,,, 45分钟,2000年5月29日－7月8日逢星期一至五 21:35-22:35,欧阳震华,关咏荷,,,香港电视广播有限公司
徐纪周,胭脂,5.8,王彪,,,东方卫视CSM52城收视,,5.041666666666667,,,13532,,45,,中国大陆,2016,1,2.64656,2.44,0.8900400000000002,2016-09-27(中国大陆),https://movie.douban.com/subject/26358699/,,2016年9月27日,,0.7108333333333334,,剧情/悬疑,,浙江卫视CSM52城收视,"东方卫视
[3]",陶昕然,袁文康,,, 43分钟,,陆毅,赵丽颖,,2.120416666666667,海润影视、海宁月亮开花影视文化有限公司、新丽电视
何澍培,真情告白,6.8,张慧萍,,,,,,,,8276,,20,,中国大陆,1999,1,,,,1999,https://movie.douban.com/subject/2279830/,,,,,,剧情/爱情,,,,张世,张本渝,,, 47分钟,,瞿颖,胡兵,,,广州千秋影视传播有限公司
马丁·斯科塞斯,大西洋帝国 第一季,8.9,特伦斯·温特,,,,,,,,17532,,12,,美国,2010,5,,,,2010-09-19(美国),https://movie.douban.com/subject/3401355/,,,,,,剧情/历史/犯罪,,,,迈克尔·皮特,迈克尔·威廉姆斯,,, 60分钟,,凯莉·麦克唐纳,史蒂夫·布西密,,,HBO
李振石,夏娃的诱惑,8.5,朴智贤,,,,,,,,26915,,20,,韩国,2000,1,,,,2000-04-26(韩国),https://movie.douban.com/subject/1761848/,,2000年4月26日 ~ 2000年7月6日,,,,剧情/爱情,,,MBC,韩在硕,金素妍,,, 60分钟,,蔡琳,张东健,,,韩国MBC电视台
梅小青,法证先锋2,8,陈静仪,,,,,,,,24751,,30,,香港,2008,1,,,,2008-05-19(香港),https://movie.douban.com/subject/2303112/,,,,,,犯罪/剧情,,,香港无线电视翡翠台,林文龙,佘诗曼,,, 40分钟,2008.05.19-2008.06.28周一至周五21:30-22:30,蒙嘉慧,欧阳震华,,,香港无线电视台
成田岳,求婚大作战,8.7,金子茂树,,,,,,,,68429,,11,,日本,2007,1,,,,2007-04-16(日本),https://movie.douban.com/subject/2018131/,,,,,,剧情/奇幻/爱情,,,"日本
富士电视台
CX",藤木直人,荣仓奈奈,,, 50分钟,2007年4月16 - 2007年6月25每周一21:00播出（月九）,长泽雅美,山下智久,,,日本富士电视台
金元锡,未生,9.2,郑有贞,,,,,,,,33456,,20,,韩国,2014,1,,,0,2014-10-17(韩国),https://movie.douban.com/subject/25870057/,,,,0,,剧情,0,,"韩国
tvN
电视台",姜素拉,姜河那,,, 70分钟,2014年10月17日,李圣旻,任时完,,,number three pictures
杨洁,西游记续集,7.4,戴英禄,,,,,,,,7661,,16,,中国大陆,2000,1,,,,2000-02-08(中国大陆),https://movie.douban.com/subject/2156667/,,,,,,剧情/动作/奇幻,,,,迟重瑞,崔景富,,, 45分钟,,徐少华,六小龄童,,,
Gail Mancuso,老友记  第三季,9.7,大卫·克拉尼,,,,,,,,37851,,25,,美国,1996,10,,,,1996-09-16(美国),https://movie.douban.com/subject/3286531/,,,,,,喜剧/爱情,,,,丽莎·库卓,马特·勒布朗,,, 22分钟,,柯特妮·考克斯,詹妮弗·安妮斯顿,,,华纳兄弟电视公司
戚其义,珠光宝气,7.4,周旭明,,,,,,,,30129,,82,,香港,2008,1,,,,2008-10-20(香港),https://movie.douban.com/subject/2996855/,,,,,,剧情,,,无线电视翡翠台,蔡少芬,林保怡,,,,"2008年10月20日 20:30-22:35开播

2008年10月24日 暂停播映

大结局时间:2009年2月 21:30pm",黎姿,邵美琪,,,香港电视广播有限公司
Kevin Bright,老友记  第七季,9.7,大卫·克拉尼,,,,,,,,32257,,24,,美国,2000,10,,,,2000-10-12(美国),https://movie.douban.com/subject/3286547/,,,,,,喜剧/爱情,,,,丽莎·库卓,马特·勒布朗,,, 22分钟,,柯特妮·考克斯,詹妮弗·安妮斯顿,,,
迈克尔·科斯塔,福尔摩斯：基本演绎法 第一季,7.8,罗伯特·多尔蒂,,,,,,,,27965,,24,,美国,2012,5,,,,2012-09-27(美国),https://movie.douban.com/subject/10493928/,,,,,,剧情/犯罪/悬疑,,,,艾丹·奎因,乔恩·迈克尔·希尔,,, 42分钟,,刘玉玲,约翰尼·李·米勒,,,CBS（哥伦比亚广播公司）
黄海刚,九岁县太爷,6.2,贺恒祥,,,,,,,,7464,,35,,中国大陆/香港,2001,1,,,,2002-01-30(中国大陆),https://movie.douban.com/subject/3025290/,,,,,,剧情/喜剧,,,,吴孟达,曹颖,,, 55分钟,,释小龙,曹骏,,,
梅小青,锦绣良缘,7.6,赵静蓉,,,,,,,,14681,,20,,中国香港,2001,1,,,,2001-01-15(香港),https://movie.douban.com/subject/2156718/,,,,,,爱情/古装,,,香港无线电视翡翠台,郑中基,郭少芸,,, 45分钟,2001.01.15-2001.02.09,文颂娴,林文龙,,,香港电视广播有限公司
河炳勋,心里的声音,9,李丙勋,,,,,,,,17687,,20,,韩国,2016,1,,,,2016-11-07(韩国),https://movie.douban.com/subject/26435723/,,,,,,剧情/喜剧,,,Naver TV Cast,金大明,郑俊英,,, 12分钟,2016年11月7日,郑素敏,李光洙,,,韩国KBS电视台
黄祖权,金玉良缘,6.9,甘泠,,,,,,,,16718,,45,,中国大陆,2014,1,,,,2014-04-21(中国大陆),https://movie.douban.com/subject/24298399/,,2015年02月16日,,,,喜剧/爱情,,,广西卫视,邬君梅,王阳,,, 45分钟,07:50上午剧场,唐嫣,霍建华,,,浙江梦幻星生园影视文化有限公司
陈活威,聚宝盆,6.3,杜文和,,,,,,,,7157,,37,,中国大陆,2003,1,,,,2003,https://movie.douban.com/subject/2248747/,,,,,,剧情/古装,,,,范冰冰,梁冠华,,, 45分钟,2003年12月2日,张庭,张卫健,,,浙江省电视制作中心
郑大允,她很漂亮,7.2,赵圣熙,,,,,,,,22231,,16,,韩国,2015,1,,,,2015-09-16(韩国),https://movie.douban.com/subject/26438858/,,2015.09.16,,,,剧情/爱情,,,MBC电视台,高俊熙,崔始源,,, 60分钟,周三、四21:00,朴叙俊,黄静茵,,,BON FACTORY
武内英树,约会～恋爱究竟是什么呢～,8.6,古泽良太,,,,,,,,33197,,10,,日本,2015,1,,,,2015-01-19(日本),https://movie.douban.com/subject/26271868/,,1月19日,,,,剧情/喜剧,,,,国仲凉子,中岛裕翔,,, 46分钟,,长谷川博己,杏,,,日本富士电视台
Kevin Bright,老友记  第九季,9.7,David Crane,,,,,,,,30932,,24,,美国,2002,10,,,,2002-09-26(美国),https://movie.douban.com/subject/3286549/,,,,,,喜剧/爱情,,,,丽莎·库卓,马特·勒布朗,,, 22分钟,,柯特妮·考克斯,詹妮弗·安妮斯顿,,,
Ben Fuller,IT狂人  第三季,9.3,格雷厄姆·莱恩汉,,,,,,,,25489,,6,,英国,2008,4,,,,2008-11-21(英国),https://movie.douban.com/subject/3345619/,,,,,,喜剧,,,,凯瑟琳·帕金森,马特·贝里,,, 23分钟,,理查德·艾欧阿德,克里斯·奥多德,,,
姚婷婷,匆匆那年,8,田博,,,,,,,,24131,,16,,中国大陆,2014,1,,,,2014-08-04(中国大陆),https://movie.douban.com/subject/25840705/,,,,,,剧情/爱情,,,,白敬亭,杜维瀚,,, 50分钟,,何泓姗,杨玏,,,北京小马奔腾影业有限公司
林清振,败犬女王,7.9,杜欣怡,,,,,,,,25659,,21,,台湾,2009,1,,,,2009-01-04(台湾),https://movie.douban.com/subject/3402975/,,,,,,喜剧/爱情,,,台视,朱芯仪,温升豪,,,,2009年1月4日每周日22:00,杨谨华,阮经天,,,
李长秀,天国的阶梯,7.1,朴惠京,,,,,,,,22279,,24,,韩国,2003,1,,,,2003-12-03(韩国),https://movie.douban.com/subject/1786753/,,,,,,爱情,,,韩国SBS,权相宇,申贤俊,,,,2003年12月3日,金泰熙,崔智友,,,
广木隆一,火花,9.3,又吉直树,,,,,,,,12361,,10,,日本,2016,1,,,,2016-06-03(日本),https://movie.douban.com/subject/26635329/,,,,,,剧情,,,,门胁麦,菜叶菜,,, 50分钟,,波冈一喜,林遣都,,,Netflix，吉本兴业
阿方索·戈麦斯-雷洪,美国恐怖故事：女巫集会 第三季,7.9,瑞恩·墨菲,,,,,,,,31947,,13,,美国,2013,9,,,,2013-10-09(美国),https://movie.douban.com/subject/20513355/,,,,,,剧情/悬疑/恐怖,,,,莉莉·拉贝,莎拉·保罗森,,, 42分钟,,凯西·贝茨,杰西卡·兰格,,,
钟澍佳,兰陵王,7,陈玉珊,,,,,,,,15788,,46,,中国大陆,2013,1,,,,2013-08-14(中国大陆),https://movie.douban.com/subject/10566582/,,,,,,剧情,,,,陈晓东,翟天临,,, 40分钟,,林依晨,冯绍峰,,,
塚本连平,龙樱,8.6,秦建日子,,,,,,,,57635,,11,,日本,2005,1,,,,2005-07-08(日本),https://movie.douban.com/subject/1915312/,,,,,,剧情,,,,斋藤洋介,山下智久,,, 47分钟,2005年7月8日,长谷川京子,阿部宽,,,日本TBS出品、日本东京放送
丁黑,大秦帝国之崛起,8.8,张建伟,,,,,,,,6951,,30,,中国大陆,2017,1,,,,2017-02-09(中国大陆),https://movie.douban.com/subject/5923466/,,2017年2月9日,,,,剧情/历史,,,"央视一套
[3]",宁露,邢佳栋,,, 45分钟,,张博,宁静,,,西安曲江大秦帝国影业投资有限公司
伍宗德,双响炮,6,伍宗德,,,,,,,,7781,,42,,中国大陆,2004,1,,,,2004-09-26(中国大陆),https://movie.douban.com/subject/2244359/,,,,,,喜剧/爱情,,,,刘若英,陈昭荣,,, 45分钟,,陈好,胡兵,,,
大根仁,大川端侦探社,8.5,大根仁,,,,,,,,28357,,12,,日本,2014,1,,,,2014-04-18(日本),https://movie.douban.com/subject/25804453/,,,,,,剧情/悬疑,,,,小泉麻耶,矢部享佑,,, 30分钟,,石桥莲司,小田切让,,,东京电视台
徐银华,三毛流浪记,7.7,,,,,,,,,7215,,22,,中国大陆,1996,1,,,,,https://movie.douban.com/subject/2156738/,,,,,,剧情/儿童/喜剧,,,,屠茹英,高欣,,, 47分钟,,余娅,孟智超,,,Payless Entertainmen
Kevin Bright,老友记  第八季,9.7,大卫·克拉尼,,,,,,,,31596,,24,,美国,2001,10,,,,2001-09-27(美国),https://movie.douban.com/subject/3286548/,,,,,,喜剧/爱情,,,,丽莎·库卓,马特·勒布朗,,, 22分钟,,柯特妮·考克斯,詹妮弗·安妮斯顿,,,美国NBC电视台
蔡晶盛,天地传说之宝莲灯,6.6,秋婷,,,,,,,,7321,,37,,中国大陆,2001,1,,,,,https://movie.douban.com/subject/3021607/,,,,,,剧情/奇幻,,,,郭晋安,沈傲君,,, 45分钟,,于莉,林志颖,,,唐人电影国际有限公司
莉莉·沃卓斯基,超感猎杀 第一季,8.7,J·迈克尔·斯特拉辛斯基,,,,,,,,29992,,12,,美国,2015,2,,,,2015-06-05(美国),https://movie.douban.com/subject/23011215/,,,,,,剧情/科幻,,,,布莱恩·J·史密斯,裴斗娜,,, 60分钟,,杰米·克莱顿,米格尔·安赫尔·西尔维斯特,,,
溝口憲司,孤独的美食家 第一季,8.7,田口佳宏,,,,,,,,25881,,12,,日本,2012,1,,,,2012-01-04(日本),https://movie.douban.com/subject/7065168/,,,,,,剧情,,,,宮内順子,有賀さつき,,, 24分钟,,山村美智,松重丰,,,
李国立,轩辕剑之天之痕,5.3,邓力奇,,,,,,,,14189,,36,,中国大陆,2012,1,,,,2012-07-06(中国大陆),https://movie.douban.com/subject/5989840/,,2012年7月6日,,,,动作/爱情/奇幻,,,湖南卫视,刘诗诗,唐嫣,,, 45分钟,,蒋劲夫,胡歌,,,上海唐人电影制作有限公司
余明生,宝莲灯,5.7,九年,,,,,,,,8169,,35,,中国大陆,2005,1,,,,2005-10-04(中国大陆),https://movie.douban.com/subject/2327493/,,,,,,剧情,,,,焦恩俊,刘晓庆,,, 46分钟,,舒畅,曹骏,,,中国国际电视总公司
刘家豪,溏心风暴Ⅱ之家好月圆,8.1,张华标,,,,,,,,24937,,40,,香港,2008,1,,,,2008-07-28(香港),https://movie.douban.com/subject/3126164/,,,,,,剧情,,,"翡翠台
、
高清翡翠台
、马来西亚Astro On Demand",陈豪,杨怡,,, 44分钟,2008年7月28日至9月21日21:30-22:30,李司棋,夏雨,,,香港电视广播有限公司
吉野洋,萤之光,8.5,水桥文美江,,,,,,,,42327,,10,,日本,2007,1,,,,2007-07-11(日本),https://movie.douban.com/subject/2147129/,,,,,,喜剧/剧情,,,,加藤和树,国仲凉子,,, 46分钟,,藤木直人,绫濑遥,,,日本电视台
大卫·科尔,9号秘事 第一季,8.8,里斯·谢尔史密斯,,,,,,,,28359,,6,,英国,2014,4,,,,2014-02-05(英国),https://movie.douban.com/subject/20452350/,,,,,,喜剧/悬疑/恐怖,,,,露西·卡瓦利耶罗,艾咪费欧‧爱德华兹,,, 30分钟,,史蒂夫·佩姆伯顿,里斯·谢尔史密斯,,,
黄蜀芹,孽债,8.2,叶辛,,,,,,,,6335,,20,,中国大陆,1994,1,,,,,https://movie.douban.com/subject/2208924/,,,,,,剧情,,,,吴冕,金鑫,,, 43分钟,,严晓频,赵有亮,,,上海电视台求索电视制作社
Jason Winer,摩登家庭 第二季,9.5,斯蒂文·莱维坦,,,,,,,,34997,,24,,美国,2010,8,,,,2010-09-22(美国),https://movie.douban.com/subject/4904662/,,,,,,喜剧/家庭,,,,朱丽·鲍温,泰·布利尔,,, 25分钟,,索菲娅·维加拉,艾德·奥尼尔,,,ABC电视台
付成哲,我的女友是九尾狐,7.6,洪静恩,水木剧,,,,,,,25186,,16,,韩国,2010,1,,,,2010-08-11(韩国),https://movie.douban.com/subject/4742378/,,2010年8月11日,,,,剧情/爱情,,,SBS,鲁敏宇,朴孝敏,,, 65分钟,,申敏儿,李昇基,,,韩国SBS电视台
沈严,手机,8.3,宋方金,,,,,,,,11500,,36,,中国大陆,2010,1,,,,2010-05-10(中国大陆),https://movie.douban.com/subject/4111333/,,,,,,剧情,,,,梅婷,刘蓓,,, 41分钟,,陈道明,王志文,,,
金秉洙 ,九回时间旅行,8.9,宋载正,月火剧,,,,,,,28188,,20,,韩国,2013,1,,,,2013-03-11(韩国),https://movie.douban.com/subject/21354116/,,2013年3月11日,,,,爱情/悬疑,,,"韩国
tvN",全卢民,李成俊,,, 50分钟,,赵允熙,李阵郁,,,绿蛇传媒；JS Pictures
马科斯·西恩加,吸血鬼日记 第三季,8.3,凯文·威廉姆森,,,,,,,,35774,,22,,美国,2011,8,,,,2011-09-15(美国),https://movie.douban.com/subject/6714078/,,,,,,剧情/爱情/恐怖,,,,伊恩·萨默海尔德,史蒂夫·R·麦奎因,,, 43分钟,,保罗·韦斯利,妮娜·杜波夫,,,
潘嘉德,鉴证实录2,8.2,贾伟南,,,,,,,,17854,,20,,香港,1999,1,,,,1999-01-04(香港),https://movie.douban.com/subject/2190926/,,,,,,爱情/犯罪/悬疑,,,香港无线电视翡翠台,李珊珊,蔡子健,,, 45分钟,1999年1月4日,陈慧珊,林保怡,,,香港电视广播有限公司
梅小青,金牌冰人,7,梁咏梅,,,,,,,,12945,,20,,香港,2003,1,,,,2003-06-30(香港),https://movie.douban.com/subject/1951081/,,2003年06月30日-2003年07月25日,,,,喜剧/古装,,,"香港无线电视
翡翠台",盖鸣晖,陈豪,,, 60分钟,,张可颐,马浚伟,,,香港无线电视
朴万昌,巴黎恋人,7.1,金银淑,,,,,,,,20962,,20,,韩国,2004,1,,,0,2004-06-12(韩国),https://movie.douban.com/subject/1790376/,,,,0,,剧情/爱情,,,"韩国
SBS
电视台",李东健,吴珠恩,,, 45分钟,2004年06月12日-2004年08月15日（周末剧）,朴信阳,金晶恩,,,SBS
刘俊杰,杉杉来了,7,金国栋,幸福剧场,,,,,,,16719,,33,,中国大陆,2014,1,,,,2014-07-08(中国大陆),https://movie.douban.com/subject/25823274/,,2014年7月8日,,,,剧情/爱情,,,江苏卫视,百克力,石安妮,,, 40分钟,19:30三集连播,赵丽颖,张翰,,,上海剧酷文化传播有限公司
马克·森卓斯基,生活大爆炸 第九季,8.8,查克·罗瑞,,,,,,,,20919,,24,,美国,2015,10,,,,2015-09-21(美国),https://movie.douban.com/subject/25845400/,,,,,,喜剧,,,,凯莉·库柯,西蒙·赫尔伯格,,,,,吉姆·帕森斯,约翰尼·盖尔克奇,,,华纳兄弟
何培,少年天子,8.4,刘恒,,,,,,,,7156,,40,,中国大陆,2003,1,,,,,https://movie.douban.com/subject/2355581/,,,,,,剧情/历史,,,,郝蕾,李建义,,, 44分钟,,霍思燕,邓超,,,
萧显辉,圆月弯刀,7.4,古龙,,,,,,,,10296,,20,,香港,1997,1,,,,1997-07-03,https://movie.douban.com/subject/3546595/,,,,,,剧情/武侠/古装,,,,温碧霞,张兆辉,,, 45分钟,,梁小冰,古天乐,,,青岛海皇文化传播有限公司
徐昂,法医秦明,7,郭琳媛,,,,,,,,31536,,20,,中国大陆,2016,1,,,,2016-10-13(中国大陆),https://movie.douban.com/subject/26674019/,,,,,,剧情/悬疑,,,搜狐视频,李现,程皓枫,,, 33分钟,2016年10月13日,焦俊艳,张若昀,,,搜狐视频、博集天卷
梁山,错爱一生,7.3,王丽萍,,,,,,,,6810,,20,,中国大陆,2005,1,,,,2005-06-03(中国大陆),https://movie.douban.com/subject/2270548/,,,,,,剧情/爱情,,,,贾一平,萨日娜,,, 45分钟,,温峥嵘,韩雪,,,
梁国冠,水月洞天,7.1,陈曼玲,,,,,,,,6919,,30,,中国大陆,2003,1,,,,,https://movie.douban.com/subject/1864236/,,,,,,奇幻,,,,杨俊毅,陈法蓉,,, 46分钟,,蔡少芬,于波,,,海南周易影视制作公司
杰姬·圣詹姆斯,欲奴,5.9,保罗·菲什拜因,,,,,,,,6515,,6,,美国,2016,1,,,,2016-05-12(美国),https://movie.douban.com/subject/26785206/,,,,,,剧情/爱情/悬疑,,,,斯金·迪亚蒙德,维多利亚·莱文,,, 24分钟,,贾斯汀·波尔蒂,艾什琳恩·叶尼,,,Plausible Films
塔克·盖茨,纸牌屋 第四季,9,鲍尔·威利蒙,,,,,,,,27961,,13,,美国,2016,5,,,,2016-03-04(美国),https://movie.douban.com/subject/26336281/,,,,,,剧情/惊悚,,,,迈克尔·凯利,德里克·塞西尔,,, 58分钟,,罗宾·怀特,凯文·史派西,,,Netflix
陈皓威,雪豹,7.8,张健,,,,,,,,9454,,40,,中国大陆,2010,1,,,,2010-07-08(中国大陆),https://movie.douban.com/subject/4917908/,,,,,,剧情/战争,,,"湖南电视剧频道
[12]",朱杰,潘泰名,,, 40分钟,2010-7-20,陶飞霏,文章,,,湖南广电，浙江华策，四川广电，重庆广电，北京野鬃，北京梦舟
张晓波,好先生,6.6,李潇,中国蓝剧场,,浙江卫视CSM52城收视情况,,2.8821666666666665,,,20836,,42,,中国大陆,2016,1,3.522166666666667,2.590375,1.1904166666666665,2016-05-31(中国大陆),https://movie.douban.com/subject/26322643/,,2016-05-31,,1.1578333333333335,,剧情/爱情,,江苏卫视CSM52城收视情况,浙江卫视,王耀庆,车晓,,, 45分钟,19:30,江疏影,孙红雷,,3.415083333333334,柠萌影业、陕西文投（影视）艺达、乐视视频、北京长江文化[9]
李国立,风中奇缘,6.4,王莉芝,,,,,,,,14489,,35,,中国大陆,2014,1,,,,2014-10-01(中国大陆),https://movie.douban.com/subject/7564975/,,,,,,剧情/古装,,,,胡歌,陈法拉,,, 45分钟,,彭于晏,刘诗诗,,,
哈利·布拉德比尔,伦敦生活,8.7,菲比·沃勒-布里奇,,,,,,,,29142,,6,,英国,2016,1,,,,2016-07-21(英国),https://movie.douban.com/subject/26838164/,,,,,,剧情/喜剧,,,,茜安·克利福德,本·奥德里基,,, 27分钟,2016年7月21日,比尔·帕特森,菲比·沃勒-布里奇,,,Two Brothers Pictures
琪娜·木杨,真实的人类 第一季,8.4,山姆·文森特,,,,,,,,19156,,8,,美国/英国,2015,2,,,,2015-06-14(英国),https://movie.douban.com/subject/26170816/,,,,,,科幻,,,,嘉玛·陈,凯瑟琳·帕金森,,, 43分钟,,科林·摩根,威廉·赫特,,,
李正燮,治愈者,8.4,宋智娜,,,,,,,,31453,,20,,韩国,2014,1,,,,2014-12-08(韩国),https://movie.douban.com/subject/25932015/,,2014.12.06,,,,剧情/喜剧/爱情,,,韩国KBS,刘智泰,,,, 60分钟,,朴敏英,池昌旭,,,金钟学制作公司
约翰·里夸,我们这一天 第一季,9.5,丹·福格尔曼,,,,,,,,27788,,18,,美国,2016,3,,,,2016-09-20(美国),https://movie.douban.com/subject/26794215/,,,,,,喜剧,,,,贾斯汀·哈特雷,克丽丝·梅斯,,, 45分钟,,米洛·文堤米利亚,曼迪·摩尔,,,
沈怡,微笑Pasta,5.4,郭议鸿,,,,,,,,14275,,22,,中国,2006,1,,,,2006-07-16,https://movie.douban.com/subject/2983271/,,,,,,剧情/喜剧/爱情,,,,赵虹乔,GINO,,, 45分钟,2006年7月16日,张栋梁,王心凌,,,三立电视股份有限公司
李振石,新娘十八岁,6.9,金恩熙,,,,,,,,21418,,16,,韩国,2004,1,,,,2004-01-19(韩国),https://movie.douban.com/subject/1790377/,,,,,,喜剧/爱情,,,,李多海,李顺载,,,,,韩智慧,李东健,,,
杨亚洲,少年黄飞鸿,7.1,方明珠,,,,,,,,6515,,30,,中国大陆,2002,1,,,,2002-02-14(中国大陆),https://movie.douban.com/subject/2229437/,,,,,,动作/儿童/武侠,,,,陈龙,何中华,,, 48分钟,,郝蕾,释小龙,,,广州东方明珠文化传播有限公司
杰克·本德,穹顶之下 第一季,7,斯蒂芬·金,,,,,,,,21978,,13,,美国,2013,3,,,,2013-06-24(美国),https://movie.douban.com/subject/4164106/,,,,,,科幻/恐怖,,,,艾莎·辛德斯,亚历山大·柯克,,, 43分钟,,科林·福特,迈克·沃格尔,,,安布林公司
汪俊,夫妻那些事,7.8,高蓉蓉,黄金强档,,,,,,,11418,,34,,中国大陆,2012,1,,3.142857142857143,1.5644090909090906,2012-02-22(中国大陆),https://movie.douban.com/subject/6894265/,,"2012.03.15
[2]",,,,剧情/爱情/家庭,,,CCTV-8,梁静,李明珠,,, 45分钟,,陈数,黄磊,,,华谊兄弟，湖南电视台
赤羽博,麻辣教师,8.7,游川和彦,,,,,,,,25280,,12,,日本,1998,1,,,,1998-07-07(日本),https://movie.douban.com/subject/1464838/,,,,,,剧情/喜剧/动作,,,,希良梨,近藤芳正,,, 46分钟,,松岛菜菜子,反町隆史,,,
胡意涓,天若有情,7.4,李顺慈,,,,,,,,7436,,35,,中国大陆,2005,1,,,,2005-10-17(中国大陆),https://movie.douban.com/subject/2389554/,,,,,,剧情/爱情,,,,黄志玮,陈孝萱,,, 43分钟,,车仁表,董洁,,,艺能影业有限公司
Mark Piznarski,绯闻女孩  第四季,7.5,Cecily von Ziegesar,,,,,,,,32054,,22,,美国,2010,6,,,,2010-09-13(美国),https://movie.douban.com/subject/4904661/,,,,,,剧情/爱情,,,,佩恩·拜德格雷,切斯·克劳福,,, 40分钟,,莉顿·梅斯特,布蕾克·莱弗利,,,
Chris Carter,犯罪现场调查 第一季,9,Chuck Lorre,,,,,,,,20055,,23,,美国,2000,15,,,,2000-10-06(美国),https://movie.douban.com/subject/1310172/,,,,,,犯罪/剧情/悬疑,,,,加里·杜尔丹,乔治·艾德斯,,, 60分钟,,玛格·海根柏格,威廉·彼德森,,,Arc Entertainment
邝业生,陀枪师姐3,7.7,林少枝,,,,,,,,15852,,32,,中国香港,2001,1,,,,2001-07-09(香港),https://movie.douban.com/subject/2190963/,,2001年7月9日至8月18日,,,,剧情,,,,滕丽名,魏骏杰,,, 45分钟,周一至周五,蔡少芬,欧阳震华,,,香港电视广播有限公司
石井康晴,无间双龙：这份爱，才是正义,8.2,古家和尚,,,,,,,,35792,,10,,日本,2015,1,,,,2015-01-16(日本),https://movie.douban.com/subject/25953663/,,2015年1月16日,,,,剧情,,,,上野树里,吉田羊,,, 60分钟,,小栗旬,生田斗真,,,TBS
郭宝昌,大宅门2,7.9,郭宝昌,,,,,,,,7363,,32,,中国大陆,2003,1,,,,,https://movie.douban.com/subject/2182116/,,,,,,剧情/传记,,,,佟瑞欣,雷恪生,,, 45分钟,,江珊,陈宝国,,,深圳市大宅门影视公司
梁辛全,倾世皇妃,5.7,张英俊,,,,,,,,10882,,44,,中国大陆,2011,1,,,,2011-09-30(中国大陆),https://movie.douban.com/subject/5384549/,,,,,,剧情/爱情/古装,,,湖南卫视,邬倩倩,惠英红,,, 42分钟,2011年09月30日,王琳,林心如,,,湖南广播电视台等
张国立,康熙微服私访记4,6.5,邹静之,,,,,,,,6211,,28,,中国大陆,2002,1,,,,,https://movie.douban.com/subject/2252743/,,,,,,剧情/历史,,,,赵亮,侯堃,,, 47分钟,,邓婕,张国立,,,
Brad Anderson,危机边缘 第一季,8.5,J·J·艾布拉姆斯,,,,,,,,22309,,20,,美国/加拿大,2008,5,,,,2008-09-23(美国),https://movie.douban.com/subject/2338071/,,2008-09-09,,,,剧情/恐怖/悬疑,,,,乔舒亚·杰克逊,,,, 45分钟,,约翰·诺贝尔,安娜·托芙,,,20世纪福克斯
迈克·乔吉,硅谷 第一季,9.1,迈克·乔吉,,,,,,,,20206,,8,,美国,2014,4,,,,2014-04-06(美国),https://movie.douban.com/subject/20644938/,,,,,,喜剧,,,,乔什·布雷纳,马丁·斯塔尔,,, 30分钟,,T·J·米勒,托马斯·米德蒂奇,,,3 Arts Entertainment、Judgemental Films Inc.
张前,天道,8.9,豆豆,,,,,,,,7423,,24,,中国大陆,2007,1,,,,,https://movie.douban.com/subject/2347485/,,,,,,剧情/爱情,,,,曾红生,石爻,,, 42分钟,,左小青,王志文,,,
池永洙,拜托小姐,6.5,尹恩晶,,,,,,,,18851,,16,,韩国,2009,1,,,,2009-08-19(韩国),https://movie.douban.com/subject/3892240/,,,,,,剧情/喜剧,,,韩国KBS电视台,文彩元,王晳铉,,, 55分钟,2009年8月19日,尹相铉,尹恩惠,,,韩国KBS电视台
江海洋,花姑子,6.4,蒲松龄,,,,,,,,5767,,33,,中国大陆,2004,1,,,,,https://movie.douban.com/subject/2248728/,,,,,,剧情/奇幻,,,,王艳,沈晓海,,, 43分钟,,邱心志,张庭,,,辽宁文化艺术音像出版社
克莱恩·唐纳利,都铎王朝 第一季,7.6,迈克·赫斯特,,,,,,,,13778,,10,,爱尔兰/加拿大/美国,2007,4,,,,2007-04-01,https://movie.douban.com/subject/2027742/,,,,,,剧情/历史/爱情,,,,杰瑞米·诺森,娜塔莉·多默尔,,, USA: 60 分钟,,山姆·尼尔,乔纳森·莱斯·梅耶斯,,,
土井裕泰,爱情洗牌,8.5,野岛伸司,,,,,,,,38330,,10,,日本,2009,1,,,,2009-01-16(日本),https://movie.douban.com/subject/3602965/,,,,,,剧情/爱情,,,,松田翔太,内藤大湖,,, 60分钟,,香里奈,玉木宏,,,TBS
陈木胜,精武门,8,Yiu Fai Chan,,,,,,,,5409,,30,,香港,1995,1,,,,1995-08-14(香港),https://movie.douban.com/subject/1830587/,,,,,,动作/武侠/古装,,,,林志豪,,,, 45分钟,,万绮雯,甄子丹,,,香港嘉禾电影公司
尼尔·博格,亿万 第一季,8.7,布赖恩·科佩尔曼,,,,,,,,8635,,12,,美国,2016,2,,,,2016-01-17(美国),https://movie.douban.com/subject/26200198/,,2016,,,,剧情,,,,保罗·吉亚玛提,玛琳·阿克曼,,, 60分钟,,戴米恩·路易斯,玛姬·丝弗,,,CBS集团、Showtime电视网
吴锦源,寂寞空庭春欲晚,4.3,匪我思存,中国蓝剧场,,浙江卫视CSM52城收视,,8.045454545454545,,,10628,,37,,中国大陆,2016,1,3.159391304347827,1.5909090909090908,1.1681304347826087,2016-02-01(中国大陆),https://movie.douban.com/subject/6872259/,,2016年2月1日,,0.6474347826086957,,剧情/爱情/古装,,深圳卫视（新闻综合频道）CSM52城收视,浙江卫视,张彬彬,张芷溪,,, 45分钟,每晚19:35,郑爽,刘恺威,,1.7057826086956525,柠萌影业，柠萌悦心，浙江梦幻星生园影视文化有限公司
吴庆焕,医生们,6.8,河明熙,,,,,,,,14499,,20,,韩国,2016,1,,,,2016-06-20(韩国),https://movie.douban.com/subject/26700713/,,,,,,剧情/爱情,,,,尹均相,李圣经,,, 60分钟,,朴信惠,金来沅,,,
朱镜祺,人龙传说,7.1,朱镜祺,,,,,,,,7799,,20,,中国香港,1999,1,,,,1999-09-13,https://movie.douban.com/subject/2253577/,,,,,,,,,"翡翠台
[6]",张燊悦,钱嘉乐,,, 60分钟,1999年9月13日—1999年10月8日,袁洁莹,陈浩民,,,香港电视广播有限公司
黄伟声,学警雄心,7.6,李绮虹,,,,,,,,10467,,32,,香港,2004,1,,,,2005-04-11(香港),https://movie.douban.com/subject/2271910/,,2005.04.11-2005.05.24,,,,剧情/动作/犯罪,,,"香港无线电视
翡翠台",薛凯琪,苗侨伟,,, 42分钟,,陈键锋,吴卓羲,,,香港电视广播有限公司
庄伟建,金玉满堂,7.1,陈静仪,,,,,,,,8117,,27,,香港,1999,1,,,,1999,https://movie.douban.com/subject/2279833/,,,,,,剧情/爱情/古装,,,,郭晋安,陈妙瑛,,, 45分钟,,陈松伶,欧阳震华,,,
松冈锭司,深夜食堂3,8.8,真边克彦,,,,,,,,16995,,10,,日本,2014,1,,,,2014-10-19(日本),https://movie.douban.com/subject/25958786/,,,,,,剧情,,,,不破万作,松重丰,,, 30分钟,,绫田俊树,小林薰,,,
金善允 ,云画的月光,6.8,金敏贞,,,,,,,,19210,,18,,韩国,2016,1,,1.2222222222222223,,2016-08-22(韩国),https://movie.douban.com/subject/26702284/,,2016年8月22日,,,,剧情/爱情/古装,,,KBS电视台,千虎珍,蔡秀彬,,, 60分钟,周一、周二晚10:00（韩国时间）,金裕贞,朴宝剑,,,
徐正康,栋笃神探,8.7,蔡婷婷,,,,,,,,12763,,25,,香港,2004,1,,,,2004-07-19(香港),https://movie.douban.com/subject/2140064/,,,,,,喜剧/犯罪,,,,魏俊杰,,,, 40分钟,,蔡少芬,黄子华,,,香港电视广播有限公司出品
胡贝易,欢天喜地七仙女,5.6,费颖丽,,,,,,,,5351,,38,,中国大陆,2005,1,,,,2005-07-20(中国大陆),https://movie.douban.com/subject/2997317/,,,,,,剧情/喜剧,,,,蒋欣,杨蕊,,, 42分钟,,郑国霖,霍思燕,,,北京优赛环球文化艺术有限责任公司
Peter Horton,实习医生格蕾  第二季,9,Shonda Rhimes,,,,,,,,20356,,27,,美国,2005,14,,,,2005-09-25(美国),https://movie.douban.com/subject/3275416/,,,,,,剧情/爱情,,,,贾斯汀·钱伯斯,小詹姆斯·皮肯斯,,, 60分钟,2006年5月15日,吴珊卓 Sandra Oh,艾伦·旁派,,,美国广播公司
帕梅拉·福莱曼,老爸老妈的浪漫史 第四季,9,,,,,,,,,18629,,24,,美国,2008,9,,,,2008-09-22(美国),https://movie.douban.com/subject/3222657/,,,,,,喜剧/爱情,,,,寇碧·史莫德斯,尼尔·帕特里克·哈里斯,,, 30分钟,,杰森·席格尔,乔什·拉德诺,,,
李昌翰 ,美妙人生,7.5,陈秀完,,,,,,,,14462,,16,,韩国,2005,1,,,,2005-03-07(韩国),https://movie.douban.com/subject/1478272/,,,,,,喜剧/爱情,,,,李智勋,郑多彬,,,,2005年3月7日,柳真,金载沅,,,韩国MBC电视台
林丛,家有儿女2,7.8,臧里,,,,,,,,6510,,100,,中国大陆,2005,1,,,,2005,https://movie.douban.com/subject/5318129/,,,,,,喜剧/家庭/儿童,,,,张一山,杨紫,,, 22分钟,,高亚麟,宋丹丹,,,北京箐蕊文化传播有限公司
胡明凯,隋唐英雄传,7.3,苏小鱼,,,,,,,,4674,,40,,中国大陆,2003,1,,,,2003-10-10(中国大陆),https://movie.douban.com/subject/2364060/,,,,,,剧情/动作/古装,,,东方卫视,林子聪,释小龙,,, 46分钟,2003年11月29日,聂远,黄海冰,,,北京大福阳光文化发展有限公司
标民秀,你为我着迷,6.9,李明淑,,,,,,,,11898,,15,,韩国,2011,1,,,,2011-06-29(韩国),https://movie.douban.com/subject/6013886/,,,,,,喜剧,,,"韩国
MBC",姜敏赫,金允慧,,, 20,2011.06.29,郑容和,朴信惠,,,JS Pictures
巨兴茂,灵魂摆渡3,7.8,小吉祥天,,,,,,,,9035,,13,,中国大陆,2016,1,,,,2016-11-04(中国大陆),https://movie.douban.com/subject/26670687/,,每周五、周六20点各一集,,,,悬疑/奇幻,,,爱奇艺,肖茵,岳丽娜,,, 35分钟,2016年11月4日,刘智扬,于毅,,,爱奇艺、完美建信影视、完美世界影视
赵晨阳,漂亮的李慧珍,4.7,卢至柔,,,,,,,,9001,,40,,中国大陆,2017,1,,,,2017-01-02(中国大陆),https://movie.douban.com/subject/26752700/,,,,,,喜剧/爱情,,,,李溪芮,张彬彬,,, 43分钟,,盛一伦,迪丽热巴,,,芒果影视文化有限公司，霍尔果斯嘉行影视文化有限公司，乐视视频
Oliver Refson,废柴舅舅 第一季,9,Oliver Refson,,,,,,,,20974,,6,,英国,2014,3,,,,2014-01-14(英国),https://movie.douban.com/subject/25811267/,,,,,,喜剧,,,,埃利奥特·斯佩勒-吉洛特,丹尼尔·劳伦斯·泰勒,,, 28分钟,,黛西·海格达,尼克·赫尔姆,,,
查尔斯·麦克道格,傲骨贤妻  第二季,9.2,Michelle King,,,,,,,,22871,,23,,美国,2010,7,,,,2010-09-28,https://movie.douban.com/subject/5028366/,,2010-09-28,,,,犯罪/剧情/悬疑,,,,克里斯汀·芭伦斯基,马特·朱克瑞,,, 42分钟,,乔西·查尔斯,朱丽安娜· 玛格丽丝,,,哥伦比亚广播公司
西坂瑞城,神探伽利略 第二季,7.6,福田靖,,,,,,,,25942,,11,,日本,2013,1,,,,2013-04-15(日本),https://movie.douban.com/subject/20268721/,,,,,,剧情/悬疑/犯罪,,,,澤部佑,柴崎幸,,, 45分钟,,吉高由里子,福山雅治,,,
刘惠宁,你是我兄弟,7.7,彭三源,,,,,,,,7599,,36,,中国大陆,2010,1,,,,2011-02-10(中国大陆),https://movie.douban.com/subject/4735188/,,,,,,剧情/家庭,,,,董洁,张雷雨,,, 45分钟,,张嘉译,邓超,,,
金·曼纳斯,X档案 第一季,8.9,克里斯·卡特,,,,,,,,10476,,24,,美国/加拿大,1993,11,,,,1993-09-10(美国),https://movie.douban.com/subject/1295520/,,,,,,剧情/悬疑/科幻,,,,米彻·佩勒吉,汤姆·布莱德伍德,,, 45分钟,,吉莲·安德森,大卫·杜楚尼,,,
石井康晴,欺诈师猎人,7.5,篠崎絵里子,,,,,,,,25857,,11,,日本,2006,1,,,,2006-04-14(日本),https://movie.douban.com/subject/1825679/,,,,,,动作/犯罪/剧情,,,,山崎努,加藤浩次,,,,,堀北真希,山下智久,,,
江海洋,婆婆媳妇小姑,7.4,王丽萍,,,,,,,,4390,,23,,中国大陆,1998,1,,,,,https://movie.douban.com/subject/3009054/,,,,,,喜剧/家庭,,,,杨昆,吕凉,,, 46分钟,,郑毓芝 ,傅艺伟,,,
尚敬,炊事班的故事2,8.3,尚敬,,,,,,,,7015,,22,,中国大陆,2004,1,,,,,https://movie.douban.com/subject/2301027/,,,,,,喜剧,,,,毛孩,范明,,, 48分钟,,周小斌,洪剑涛,,,
林添一,回家的诱惑,5.1,简远信,,,,,,,,5990,,68,,中国大陆,2011,1,17.197750000000003,0,3.4910000000000005,2011-02-21(中国大陆),https://movie.douban.com/subject/4914642/,,2011年2月21日,,,,剧情/爱情/家庭,,,湖南卫视,凌潇肃,郑逸桐,,, 41分钟,每晚22:00两集联播，3月29-31日23:00播出,李彩桦,秋瓷炫,,,上海展杰文化艺术有限公司
黄伟声,刑事侦缉档案4,8.5,邵丽琼,,,,,,,,13058,,50,,中国香港,1999,1,,,,1999-03-29(香港),https://movie.douban.com/subject/2190931/,,,,,,爱情/悬疑/惊悚,,,,宣萱,佘诗曼,,, 45分钟,,陈锦鸿,古天乐,,,
杨亚洲,空镜子,8.2,万方,,,,,,,,4602,,20,,中国大陆,2001,1,,,,2001-07-20(中国大陆),https://movie.douban.com/subject/2229563/,,,,,,剧情/家庭,,,,姜武,许亚军,,,,,牛莉,陶虹,,,深圳万科影视有限公司
李朝永,唐太宗李世民,7.9,徐斌扬,黄金剧场,,,,,,,3731,,54,,台湾,1994,1,,,,1994-08-01(中国大陆),https://movie.douban.com/subject/2300213/,,,,,,剧情/历史,,,陕西卫视,童爱玲,王筱婵,,, 56分钟,19:30,傅艺伟,林俊贤,,,台湾电视公司，陕西电视台 中央电视台影视部
卫翰韬,少年杨家将,7.9,王莉芝,,,,,,,,5333,,43,,中国大陆,2007,1,,,,2007-03-10(中国大陆),https://movie.douban.com/subject/2303265/,,2006-09-26,,,,剧情/古装,,,,何润东,陈龙,,, 45分钟,,彭于晏,胡歌,,,华谊兄弟影业；上海唐人电影
李添胜,碧血剑,6.6,麦贯之,,,,,,,,6334,,30,,香港,2000,1,,,,2000-11-20(香港),https://movie.douban.com/subject/2295783/,,,,,,,,,,吴美珩,林家栋,,,,,欧子欣,江华,,,
,难兄难弟,,赵静蓉,,,,,,,,,,,,香港,1997,,,,,1997-06-23,https://movie.douban.com/subject/1475579/,,,,,,剧情/喜剧,,,,张可颐,宣萱,,, 45分钟,1997年6月23日,罗嘉良,吴镇宇,,,TVB
汪俊,我爱男闺蜜,7.4,李潇,"《
梦想剧场
》",,,,,,,9337,,34,,中国大陆,2014,1,,,,2014-04-04(中国大陆),https://movie.douban.com/subject/25728507/,,,,,,剧情/喜剧/爱情,,,东方卫视,刘芮麟,汪俊,,,,2014年4月4日起每晚19:30,陈数,黄磊,,,
赵秀沅,清潭洞爱丽丝,7.1,金英贤,周末特别计划剧,,,,,,,16996,,16,,韩国,2012,1,,,,2012-12-01,https://movie.douban.com/subject/19971661/,,2012年12月01日,,,,爱情,,,韩国SBS,苏怡贤,金知硕,,, 60分钟,,朴施厚,文根英,,,SBS
光野道夫,老大,8.6,林宏司,,,,,,,,34026,,11,,日本,2009,1,,,,2009-04-16(日本),https://movie.douban.com/subject/3692611/,,,,,,剧情,,,,户田惠梨香,沟端淳平,,, 47分钟,,竹野内丰,天海祐希,,,
John T. Kretchmer,妙警贼探  第二季,8.9,Jeff Eastin,,,,,,,,20164,,16,,美国,2010,6,,,,2010-07-14(美国),https://movie.douban.com/subject/4828296/,,,,,,喜剧/犯罪/剧情,,,,格罗瑞亚·沃特西斯,威利·加森,,,,,Tim DeKay,Matthew Bomer,,,
安建,小姨多鹤,7.9,严歌苓,海豚第一剧场,,,,,,,5683,,36,,中国大陆,2009,1,,,,2009-10-31(中国大陆),https://movie.douban.com/subject/4034093/,,,,,,剧情/家庭,,,"安徽卫视
[3]",闫学晶,萨日娜,,, 43分钟,2012年2月8日,姜武,孙俪,,,大连天歌传媒股份有限公司
松山博昭,失恋巧克力职人,7.4,安达奈绪子,,,,,,,,36364,,11,,日本,2014,1,,,,2014-01-13(日本),https://movie.douban.com/subject/25760591/,,2014年01月13日,,,,剧情/爱情,,,,水原希子,水川麻美,,, 45分钟,,石原里美,松本润,,,
Sarah Pia Anderson,丑女贝蒂 第一季,7.8,,,,,,,,,18251,,23,,美国,2006,4,,,,2006-09-28(美国),https://movie.douban.com/subject/1889299/,,,,,,喜剧/剧情,,,,托尼·普拉纳,阿娜·奥缇兹,,, 42分钟,2006年9月28日,埃里克·马比斯,亚美莉卡·费雷拉,,,美国ABC电视台
沈怡,千金百分百,6.3,郑文华,,,,,,,,9772,,40,,台湾,2004,1,,,,2004-05-16(中国大陆),https://movie.douban.com/subject/3041504/,,,,,,剧情/爱情,,,,陈乔恩,,,, 40分钟,2003年11月13日,霍建华,温兆伦,,,麻吉製作、三立電視
毕鑫业,一起同过窗,8.7,毕鑫业,,,,,,,,11784,,34,,中国大陆,2016,1,,,,2016-07-15(中国大陆),https://movie.douban.com/subject/26391976/,,,,,,剧情,,,,庞瀚辰,桑砚,,, 45分钟,,应岱臻,李若嘉,,,上海见独影视有限公司
钮承泽,我在垦丁天气晴,8.1,王小棣,,,,,,,,14074,,20,,台湾,2007,1,,,,2007-12-15(台湾),https://movie.douban.com/subject/2357381/,,2007.12.15-2008.02.16,,,,剧情/爱情,,,台湾公共电视,阮经天,李康宜,,,,,张钧甯,彭于晏,,,台湾公共电视
吴贤锤,举重妖精金福珠,8.5,杨熙胜,,,,,,,,20626,,16,,韩国,2016,1,,,,2016-11-16(韩国),https://movie.douban.com/subject/26836808/,,2016年11月16日,,,,剧情,,,MBC电视台,庆收真,李载允,,, 60分钟,每周三、周四晚22:00（韩国时间）,南柱赫,李圣经,,,绿蛇传媒
高群书,征服,8.6,陈育新,,,,,,,,6077,,20,,中国大陆,2003,1,,,,2003,https://movie.douban.com/subject/1917796/,,,,,,剧情/犯罪,,,,石兆琪,刘威葳,,, 43分钟,,江珊,孙红雷,,,
塞巴斯蒂安·席尔瓦,毒枭 第二季,9.3,T·J·布雷迪,,,,,,,,12644,,10,,美国,2016,4,,,,2016-09-02(美国),https://movie.douban.com/subject/26604456/,,,,,,剧情/动作/犯罪,,,,波伊德·霍布鲁克,鲍琳娜·盖坦,,, 50分钟,,瓦格纳·马拉,佩德罗·帕斯卡,,,Netflix
保罗·索伦蒂诺,年轻的教宗 第一季,9.1,保罗·索伦蒂诺,,,,,,,,7334,,10,,意大利/法国/西班牙/美国/英国,2016,2,,,,2016-09-03(威尼斯电影节),https://movie.douban.com/subject/25884125/,,,,,,剧情,,,,西尔维奥·奥兰多,斯科特· 谢泼德,,, 50分钟,,黛安·基顿,裘德·洛,,,
,摩登家庭 第五季,,克里斯托弗·洛伊德,,,,,,,,,,,,美国,2013,,,,,2013-09-25(美国),https://movie.douban.com/subject/22523273/,,,,,,喜剧/家庭,,,,朱丽·鲍温,泰·布利尔,,, 21分钟,,索菲娅·维加拉,艾德·奥尼尔,,,
钱雁秋,神探狄仁杰3,7.5,钱雁秋,,,,,,,,4876,,48,,中国大陆,2008,1,,,,2008-03-15(中国大陆),https://movie.douban.com/subject/3012331/,,,,,,剧情/动作/悬疑,,,央视八套,董璇,吕中,,, 46分钟,2008年3月15日,张子健,梁冠华,,,东阳荣煊影视文化发展有限公司
水田伸生,宽松世代又如何,8.6,宫藤官九郎,,,,,,,,16639,,10,,日本,2016,1,,,,2016-04-17(日本),https://movie.douban.com/subject/26724684/,,,,,,喜剧,,,,柳乐优弥,安藤樱,,, 47分钟,2016年4月17日,松坂桃李,冈田将生,,,日本电视台
大卫·E·凯利,波士顿法律 第一季,9.2,大卫·E·凯利,,,,,,,,14922,,17,,美国,2004,5,,,,2004-10-03,https://movie.douban.com/subject/1754882/,,,,,,喜剧/犯罪/剧情,,,,詹姆斯·斯派德,威廉·夏特纳,,, 45分钟,,马克·瓦雷,雷内·奥博诺伊斯,,,
马科斯·西恩加,吸血鬼日记 第四季,7.7,凯文·威廉姆森,,,,,,,,25458,,23,,美国,2012,8,,,,2012-10-11(美国),https://movie.douban.com/subject/10733231/,,,,,,剧情/爱情/恐怖,,,,伊恩·萨默海尔德,约瑟夫·摩根,,, 43分钟,,保罗·韦斯利,妮娜·杜波夫,,,哥伦比亚及华纳兄弟联合电视网
成浩,外来妹,7.3,,,,,,,,,3672,,10,,中国大陆,1991,1,,,,1991,https://movie.douban.com/subject/2212651/,,,,,,剧情/爱情,,,,李婷,杨青,,, 50分钟,,汤镇宗,陈小艺,,,
杨亚洲,浪漫的事,7.9,臧希,,,,,,,,4555,,20,,中国大陆,2003,1,,,,,https://movie.douban.com/subject/2284424/,,,,,,剧情/喜剧/家庭,,,,张延,朱媛媛,,, 45分钟,,倪萍,彭玉,,,中央电视台中国电视剧制作中心、北京普通人影视有限公司
李光勋 Kwang-hoon Lee,天桥风云,8.4,李润泽 Yun-taek Lee,"《
第一周播剧场
》",,,,,,,14925,,36,,韩国,1997,1,3.5806923076923076,1.0,1.0895384615384616,1997-04-09(韩国),https://movie.douban.com/subject/1761707/,,2013年3月2日,,,,剧情,,,湖南卫视,韩在硕,金南珠,,, 50分钟,每周六、日22:00,张东健,廉晶雅,,,湖南卫视/北京响巢国际
余淳,金太狼的幸福生活,6.8,娟子,海豚第一剧场,,,,,,,7808,,40,,中国大陆,2012,1,,,,2012-05-22(中国大陆),https://movie.douban.com/subject/10514846/,,2012年5月22日,,,,爱情/家庭,,,"安徽卫视
[14]",范明,王雷,,, 45分钟,每晚7:30,李小璐,宋丹丹,,,华录百纳
张多福,快嘴李翠莲,5.3,路远,,,,,,,,4414,,20,,中国,2001,1,,,,2001-11(中国大陆),https://movie.douban.com/subject/2229601/,,,,,,喜剧/古装,,,,陆剑民,哈斯高娃,,, 40分钟,,陈庭威,李湘,,,北京东方天艺文化艺术有限公司
河合勇人,请和这个没用的我谈恋爱,7.3,中原アヤ（原作）,,,,,,,,27854,,10,,日本,2016,1,,,0,2016-01-12(日本),https://movie.douban.com/subject/26665269/,,,,,,喜剧/爱情,,,日本TBS电视台,三浦翔平,野波麻帆,,, 45分钟,2016年1月12日-3月15日每周二22:00-23:09,藤冈靛,深田恭子,,,东宝、TBS
余淳,李春天的春天,8.2,庄羽,,,,,,,,8307,,24,,中国大陆,2011,1,,,,2011-07-20(中国大陆),https://movie.douban.com/subject/5948622/,,2011年7月20日,,,,剧情/喜剧/爱情,,,上海卫视,李崇霄,李凤绪,,, 45分钟,每天19:30,李佳璇,宋丹丹,,,北京紫禁城影业有限责任公司
林志华,雷霆扫毒,7,梁恩东,,,,,,,,17692,,30,,香港,2012,1,,,,2012-09-24(香港),https://movie.douban.com/subject/6866815/,,,,,,剧情/动作/犯罪,,,高清翡翠台、翡翠台,徐子珊,官恩娜,,, 40分钟,2012年9月24日至11月4日21:30-22:30,林峰,苗侨伟,,,香港电视广播有限公司
布莱恩·派西维尔,南方与北方,9.2,桑迪·维尔奇,,,,,,,,34432,,4,,英国,2004,1,,,,2004-11-14(英国),https://movie.douban.com/subject/1439487/,,,,,,剧情/爱情,,,,西妮德·库萨克,蒂姆·皮戈特-史密斯,,, 58分钟,,理查德·阿米蒂奇,丹妮拉·丹拜-阿什,,,BBC
Bruno Muschio,总而言之 第一季,9,Bruno Muschio,,,,,,,,14346,,40,,法国,2011,2,,,,2011-09-01,https://movie.douban.com/subject/10440112/,,,,,,喜剧,,,,Alice David,Keyvan Khojandi,,, 1分50秒,,Berengere Krief,Kyan Khojandi,,,
福泽克雄,脑神探,7.9,蒔田光治,,,,,,,,30459,,8,,日本,2009,1,,,,2009-05-23(日本),https://movie.douban.com/subject/3730636/,,2009年5月23日,,,,剧情,,,,水岛宏,大地真央,,, 50分钟,,绫濑遥,木村拓哉,,,日本TBS电视台
井上刚,海女,9.3,宫藤官九郎,,,,,,,,14854,,156,,日本,2013,1,,,,2013-04-01(日本),https://movie.douban.com/subject/10581289/,,,,,,剧情/喜剧,,,日本关东NHK综合台,小泉今日子,宫本信子,,, 15分钟,"2013年4月1日至9月28日

每周一至周六8:00～8:15",桥本爱,能年玲奈,,,日本放送协会（MHK）
,爱情魔发师,,刘殿润,,,,,,,,,,,,台湾,2006,,,1.0434782608695652,4.6259999999999994,2006-02-12,https://movie.douban.com/subject/2085029/,,,,,,,,,,黄玉荣,王绍伟,,, 46分钟,2006.2.12-2006.7.9,曾之乔,明道,,,三立电视
尚敬,炊事班的故事3,8.2,徐君东,,,,,,,,6800,,31,,中国大陆,2007,1,,,,2007-07-27(中国大陆),https://movie.douban.com/subject/2158699/,,,,,,喜剧,,,,姜超,王超,,, 46分钟,,毛孩,周小斌,,,北京后方国际影视文化传播有限公司
罗永贤,大太监,6.8,关颂玲,,,,,,,,13602,,33,,香港,2012,1,,,,2012-11-05,https://movie.douban.com/subject/5384573/,,,,,,剧情/传记/历史,,,TVB,胡定欣 ,梁烈唯,,, 44分钟,"2012年11月5日－12月16日

每周一至周五 21:30－22:30；11月19日 暂停播映；12月14日暂停播映；12月15日（周六）20:45－22:45；12月16日（周日）21:15－23:15（大结局）",米雪,黎耀祥,,,香港电视广播有限公司
杰克·本德,迷失  第四季,8.6,Jeffrey Lieber,,,,,,,,15604,,14,,美国,2008,6,,,,2008-01-31(美国),https://movie.douban.com/subject/2153016/,,2008-01-31,,,,冒险/剧情/悬疑,,,,乔什·哈洛威,迈克尔·爱默生,,, 43分钟,,伊万杰琳·莉莉,马修·福克斯,,,
汪俊,苍穹之昴,8.4,杨海薇,,,,,,,,3672,,28,,中国大陆/日本,2010,1,,,,2010-03-14(中国大陆),https://movie.douban.com/subject/4226460/,,,,,,剧情/古装,,,,周一围,余少群,,, 40分钟,,殷桃,田中裕子,,,NHK、中国华录百纳
乔斯·韦登,神盾局特工 第二季,8.2,斯坦·李,,,,,,,,18255,,22,,美国,2014,4,,,,2014-09-23(美国),https://movie.douban.com/subject/25851827/,,,,,,剧情/动作/科幻,,,,布雷特·道顿,汪可盈,,, 45分钟,2014年09月23日,温明娜,克拉克·格雷格,,,Marvel Television
吴培民,田教授家的28个保姆,6.7,王晓玉,,,,,,,,4332,,20,,中国大陆,1998,1,,,,1998,https://movie.douban.com/subject/2238731/,,,,,,剧情/家庭,,,,杨昆,,,, 40分钟,,保剑锋,李立群,,,
曾丽珍,摩登家庭,8,林黎胜,,,,,,,,4664,,33,,中国大陆,2002,1,,,,2002-01-24,https://movie.douban.com/subject/2373209/,,,,,,家庭,,,,雅各布,童正维,,, 47分钟,2009.9.23,刘奕君,赵明明,,,二十世纪福克斯电影公司
Jack Bender,迷失 第六季,8.8,J·J·艾布拉姆斯,,,,,,,,16341,,18,,美国,2010,6,,,,2010-02-02(美国),https://movie.douban.com/subject/4018324/,,2010-02-02,,,,冒险/剧情/悬疑,,,,伊万杰琳·莉莉,纳威恩·安德利维斯,,, 42分钟,,乔什·哈洛威,马修·福克斯,,,
明泉辉,名扬花鼓,6.2,王莉芝,,,,,,,,4401,,34,,中国大陆,2004,1,,,,2004,https://movie.douban.com/subject/2995180/,,,,,,剧情/古装,,,,陈志朋,顾宝明,,, 46分钟,,曾宝仪,陈坤,,,中国国际电视总公司影视事业部
Charles Bail,霹雳游侠 第一季,8.6,格伦·A·拉尔森,,,,,,,,7389,,22,,美国,1982,2,,,,1982-09-26(美国),https://movie.douban.com/subject/1459021/,,,,,,动作/犯罪/科幻,,,,Rebecca Holden,Edward Mulhare,,, 46分钟,,理查德·贝斯哈特,大卫·哈塞尔霍夫,,,
于敏,蓝色妖姬,6.4,桂雨清,,,,,,,,3370,,22,,中国大陆,2000,1,,,,,https://movie.douban.com/subject/2279715/,,,,,,剧情,,,,宋佳,苏岩,,, 45分钟,,于荣光,王思懿,,,
Guy Norman Bee,犯罪心理  第三季,9.2,Jeff Davis,,,,,,,,19024,,20,,美国,2007,12,,,,2007-09-26(美国),https://movie.douban.com/subject/2346491/,,,,,,剧情/悬疑/惊悚,,,,帕姬·布鲁斯特,谢默·摩尔,,, 45分钟,2007-09-26,托马斯·吉布森,乔·曼特纳,,,美国哥伦比亚广播公司
邝业生,陀枪师姐4,7.5,林少枝,,,,,,,,10019,,40,,中国香港,2002,1,,,,2004-02-16(香港),https://movie.douban.com/subject/2190972/,,,,,,剧情,,,"中国香港TVB翡翠台
[1]",滕丽名,林文龙,,, 45分钟,2004年2月16,蔡少芬,欧阳震华,,,香港电视广播有限公司
夏晓昀,大好时光,5.9,王丽萍,,,东方卫视CSM50城收视,,4.526315789473684,,,10313,,38,,中国大陆,2015,1,3.126,2.0526315789473686,1.1362,2015-10-16(中国大陆),https://movie.douban.com/subject/26322641/,,2015年10月16日,,0.7953500000000001,,剧情/爱情,,安徽卫视CSM50城收视,"东方卫视
[24]",周楚楚,徐百卉,,,,,王晓晨,胡歌,,2.1916,上海贯一文化、上海尚世影业、安徽广播电视台、唐人影视
孙亨锡,个人取向,7,朴惠京,,,,,,,,15110,,16,,韩国,2010,1,,,,2010-03-31(韩国),https://movie.douban.com/subject/4262201/,,,,,,喜剧/爱情,,,,任瑟雍,奉太奎,,, 55分钟,2010.3.31~2010.5.20水木剧,孙艺珍,李敏镐,,,Winning Productions
杰西·沃恩,斯巴达克斯：竞技场之神,8.6,斯蒂文·S·迪奈特,,,,,,,,15421,,6,,美国,2011,1,,,,2011-01-21(美国),https://movie.douban.com/subject/5370010/,,,,,,剧情/传记/动作,,,,彼得·门萨,达斯汀·克莱尔,,, 55分钟,2011年1月21日,马努·贝内特,约翰·汉纳,,,Starz! Network
Mark Beesley,斯巴达克斯：诅咒者之战 第三季,8.8,斯蒂文·S·迪奈特,,,,,,,,12872,,10,,美国,2013,3,,,,2013-01-25(美国),https://movie.douban.com/subject/10781865/,,,,,,剧情/传记/动作,,,,丹尼尔·弗雷里格尔,帕纳·贺玛·泰勒,,, 55分钟,,马努·贝内特,连姆·麦肯泰尔,,,
Edward Allen Bernero,犯罪心理 第四季,9.2,Jeff Davis,,,,,,,,18787,,26,,美国,2008,12,,,,2008-09-24(美国),https://movie.douban.com/subject/3214020/,,,,,,犯罪/剧情/悬疑,,,,谢默·摩尔,马修·格雷·古柏勒,,, 43分钟,2008-09-24,帕姬·布鲁斯特,乔·曼特纳,,,美国哥伦比亚广播公司
马进,幸福来敲门,8.1,严歌苓,黄金强档,,,,,,,7262,,20集,,中国大陆,2011,1,,,,2011-02-20(中国大陆),https://movie.douban.com/subject/5966739/,,,,,,剧情/爱情/家庭,,,"CCTV-1
[2]",曹翠芬,杨紫,,, 40分钟,2011年2月20日每晚20点,孙淳,蒋雯丽,,,天视卫星传媒股份有限公司、北京同乐电影制作有限公司
庄伟建,鱼跃在花见,7.3,欧冠英,,,,,,,,12328,,20,,香港,2011,1,,,,2011-02-07(香港),https://movie.douban.com/subject/4082304/,,,,,,喜剧/爱情/家庭,,,,杨怡,谢天华,,, 44分钟,,张智霖,刘松仁,,,香港电视广播有限公司
戚其义,妙手仁心2,7.9,陈宝华,,,,,,,,9269,,40,,香港,2000,1,,,,2000-11-20,https://movie.douban.com/subject/1830582/,,,,,,剧情,,,,陈慧珊,蔡少芬,,, 45分钟,,林保怡,吴启华,,,
王晶,八大豪侠,6.2,王晶,,,,,,,,4359,,40,,中国大陆/香港,2005,1,,,,2005,https://movie.douban.com/subject/2330220/,,,,,,剧情/武侠,,,,刘松仁,李冰冰,,,,,陈冠希,黄秋生,,,亚洲电视有限公司
沈严,中国式关系,7.1,浮石,红星剧场,,北京卫视CSM52城市网收视率,,2.85,,,7726,,36,,中国大陆,2016,1,3.658,1.95,1.1876190476190476,2016-09-07(中国大陆),https://movie.douban.com/subject/26640851/,,2016年09月07日,,1.030190476190476,,剧情/家庭,,东方卫视CSM52城市网收视率,北京卫视,胡可,赵立新,,, 45分钟,,马伊琍,陈建斌,,3.170095238095238,天马映像影业、上海九只鹿影视、幸福蓝海影视文化集团
三宅喜重,不能结婚的男人,8.9,尾崎将也,,,,,,,,18024,,12,,日本,2006,1,,,,2006-07-04,https://movie.douban.com/subject/2160933/,,2006-07-04,,,,喜剧,,,,国仲凉子,塚本高史,,, 57分钟,,夏川结衣,阿部宽,,,日本关西电视台
杨磊,九州天空城,5.1,唐缺 Que Tang,周播剧场,,,,,,,7820,,29,,中国大陆,2016,1,,,,2016-07-20(中国大陆),https://movie.douban.com/subject/26611039/,,,,,,奇幻/古装,,,江苏卫视,刘畅,鞠婧祎,,, 34分钟,2016年7月20日,关晓彤,张若昀,,,企鹅影业、上影寰亚
孙皓,大女当嫁,7.7,饶晖,,,,,,,,6901,,25,,中国大陆,2010,1,,,,2010-04-03(中国大陆),https://movie.douban.com/subject/4011034/,,,,,,剧情/爱情,,,央视8套,周杰,于小伟,,, 45分钟,2010年4月3日19:30,郭涛,宋佳,,,广东华夏电视传播有限公司
,是，首相 第一季,,安东尼·杰依,,,,,,,,,,,,英国,1986,,,,,1986-01-09,https://movie.douban.com/subject/1441948/,,,,,,喜剧,,,,德里克·福德斯,戴安娜·霍迪诺特,,, 30 分钟,,奈杰尔·霍桑,保罗·爱丁顿,,,
张刚,聊斋,8.1,蒲松龄,,,,,,,,3521,,72,,中国大陆,1987,1,,,,,https://movie.douban.com/subject/3010196/,,,,,,剧情,,,,张茜,孙继红,,, 46分钟,,楚宏伟,张力,,,福建电视台，南昌影视创作研究所
马克·匹兹纳斯基,绯闻女孩  第五季,7.1,乔什·施瓦兹,,,,,,,,19207,,24,,美国,2011,6,,,,2011-09-26(美国),https://movie.douban.com/subject/6753079/,,,,,,剧情/爱情,,,,佩恩·拜德格雷,切斯·克劳福,,, 45分钟,,莉顿·梅斯特,布蕾克·莱弗利,,,华纳兄弟影片公司
佐藤东弥,极道鲜师2,7.7,江头美智留,,,,,,,,23296,,10,,日本,2005,1,,,,2005-01-15(日本),https://movie.douban.com/subject/1465087/,,,,,,剧情/喜剧,,,,赤西仁,小池彻平,,, 45分钟,,龟梨和也,仲间由纪惠,,,日本电视台
汤姆·沃恩,福斯特医生 第一季,9,迈克·巴特利,,,,,,,,18853,,5,,英国,2015,2,,,,2015-09-09(英国),https://movie.douban.com/subject/26388908/,,,,,,剧情,,,,Tom Taylor,Thusitha Jayasundera,,, 60分钟,,博迪·卡维尔,苏兰·琼斯,,,
Larry Shaw Arlene Sanford,绝望主妇 第四季,8.7,,,,,,,,,18946,,17,,美国,2007,8,,,,2007-09-30(美国),https://movie.douban.com/subject/2969278/,,,,,,剧情/喜剧/爱情,,,,玛西亚·克劳斯,伊娃·朗格利亚,,, 43分钟,,菲丽西提·霍夫曼,泰瑞·海切尔,,,ABC
迈克尔·帕特里克·金,破产姐妹 第五季,7.7,迈克尔·帕特里克·金,,,,,,,,11255,,22,,美国,2015,6,,,,2015-11-12(美国),https://movie.douban.com/subject/26342541/,,,,,,喜剧,,,CBS电视台,加勒特·莫里斯,马修·摩伊,,, 20分钟,"2015年11月18日
[1]",贝丝·比厄,凯特·戴琳斯,,,美国哥伦比亚广播公司
格里高利·尼克特洛,行尸走肉 第六季,8.9,弗兰克·德拉邦特,,,,,,,,18403,,16,,美国,2015,8,,,,2015-10-12(美国),https://movie.douban.com/subject/26101081/,,2015-10-11,,,,剧情/恐怖,,,,奥斯汀·艾布拉姆斯,史蒂文·连,,, 43分钟,,诺曼·瑞杜斯,安德鲁·林肯,,,美国AMC
甘露,一触即发,8.8,张勇,浪漫剧场,,,,,,,7025,,32,,中国大陆,2011,1,,,,2012-02(中国大陆),https://movie.douban.com/subject/6534101/,,,,,,剧情,,,,杨蕊,徐翠翠,,, 45分钟,,李立群,钟汉良,,,北京光彩世纪文化艺术有限公司
丁黑,大秦帝国之纵横,8.6,张建伟,,,,,,,,9232,,43,,中国大陆,2013,1,,4.0,0,2013-09-05(中国大陆),https://movie.douban.com/subject/4858790/,,,,,,剧情/历史/古装,,,,傅淼,喻恩泰,,, 45分钟,2012年9月27日起 周一至周五 每晚8点,富大龙,宁静,,,西安曲江大秦帝国影业投资有限公司
杨阳,牵手,7.7,王海鸰,黄金剧场,,,,,,,3604,,18,,中国大陆,1999,1,,,,,https://movie.douban.com/subject/2225011/,,,,,,爱情,,,"央视一套
[7]",蒋雯丽,高发,,, 47分钟,1999年5月,俞飞鸿,吴若甫,,,中国国际电视总公司、北京金色池塘影视公司
托德·海因斯,幻世浮生,8.2,托德·海因斯,,,,,,,,11132,,5,,美国,2011,1,,,,2011-03-27(美国),https://movie.douban.com/subject/3986125/,,,,,,剧情,,,,埃文·蕾切尔·伍德,梅尔·温宁汉姆,,, 60分钟,,盖·皮尔斯,凯特·温丝莱特,,,
鞠觉亮,棋武士,6.9,,,,,,,,,3425,,20,,香港,1999,1,,,,2000-02-14,https://movie.douban.com/subject/2303777/,,,,,,剧情/古装,,,,樊亦敏,何美钿,,,,,黄文豪,张卫健,,,
Steve Bendelack,小不列颠  第一季,8.7,马特·卢卡斯,,,,,,,,12637,,8,,英国,2003,3,,,,2003-02-09(英国),https://movie.douban.com/subject/1440348/,,,,,,喜剧,,,,,,,, 30分钟,,大卫·威廉姆斯,马特·卢卡斯,,,
王明台,东方茱丽叶,5.8,齐锡鏻,,,,,,,,8845,,16,,台湾,2006,1,,,,2006-06-03(台湾),https://movie.douban.com/subject/2237995/,,2006.06.03-2006.09.23,,,,剧情/爱情,,,"台湾
八大综合台",吴尊,张睿家,,,,,任达华,林依晨,,,八大电视
沈怡,新月格格,6.3,林久愉,,,,,,,,3936,,18,,中国,1995,1,,,,,https://movie.douban.com/subject/2262123/,,,,,,,,,,林秀玲,,,,,,刘德凯,岳翎,,,可人传播有限公司，台湾电视公司
陈赫,Doctor异乡人,7.1,朴真佑,月火剧,,,,,,,29236,,20,,韩国,2014,1,,0,,2014-05-05(韩国),https://movie.douban.com/subject/25792670/,,,,,,剧情/爱情/悬疑,,,韩国SBS电视台,朴海镇,姜素拉,,, 60分钟,"2014年5月5日
[11]",陈世妍,李钟硕,,,Aura Media
唐基明,刑警,7.6,刘彩云,,,,,,,,11962,,30,,香港,2010,1,,,,2010-11-01(香港),https://movie.douban.com/subject/4046891/,,"2010年11月1日-12月10日
[10]",,,,剧情/犯罪,,,"翡翠台
及
高清翡翠台

马来西亚Astro On Demand剧集

澳州翡翠卫星台

美国翡翠娱乐台",宣萱,胡定欣 ,,, 45分钟,"逢星期一至五

21:30－22:30（含广告）",苗侨伟,黄日华,,,香港无线电视台
埃德·拜,极品基老伴 第二季,9.3,加里·詹内蒂,,,,,,,,14088,,6,,英国,2015,2,,,,2015-06-01(英国),https://movie.douban.com/subject/24748854/,,,,,,喜剧/爱情/同性,,,,弗朗西斯·德·拉·图瓦,伊万·瑞恩,,, 25分钟,,德里克·雅各比,伊恩·麦克莱恩,,,
大卫·塞梅尔,疑犯追踪 第三季,9.4,乔纳森·诺兰,,,,,,,,20186,,23,,美国,2013,5,,,,2013-09-24(美国),https://movie.douban.com/subject/22220086/,,,,,,剧情/动作/悬疑,,,,塔拉吉·P·汉森,凯文·查普曼,,, 43分钟,,迈克尔·爱默生,吉姆·卡维泽,,,哥伦比亚广播公司（CBS）
陆江,情定爱琴海,5.8,Jing Hua Chen,,,,,,,,4433,,40,,台湾,2004,1,,,,2004,https://movie.douban.com/subject/1999635/,,,,,,剧情/爱情,,,,何润东,鲍逸琳,,,,,蔡琳,苏有朋,,,山西电影制片厂
张晓光,新恋爱时代,6.5,王海鸰,"《
幸福剧场
》每晚19:30播出",,,,,,,7703,,36,,中国大陆,2013,1,3.6650000000000005,0,1.2754999999999999,2013-06-10(中国大陆),https://movie.douban.com/subject/10581339/,,,,1.2511428571428573,,爱情/家庭,,,江苏卫视,高露,郑凯,,,,"2013年06月10日
[2]",姚笛,任重,,3.62,江苏卫视、幸福蓝海影视文化集团
乔斯·韦登,萤火虫,9.1,乔斯·韦登,,,,,,,,6689,,14,,美国,2002,0,,,,2002-09-20(美国),https://movie.douban.com/subject/1462550/,,,,,,剧情/科幻,,,,亚当·鲍德温,莫蕾娜·巴卡林,,, 42 分钟,,吉娜·托瑞斯,内森·菲利安,,,
Larry Shaw,绝望主妇 第五季,8.7,,,,,,,,,21229,,24,,美国,2008,8,,,,2008-09-28(美国),https://movie.douban.com/subject/3227844/,,,,,,剧情/喜剧/爱情,,,,玛西亚·克劳斯,伊娃·朗格利亚,,, 43分钟,,菲丽西提·霍夫曼,泰瑞·海切尔,,,
张黎,少帅,6.8,江奇涛,,,北京卫视CSM50城收视,,6.416666666666667,,,9181,,48,,中国大陆,2015,1,3.295,3.4583333333333335,1.2876666666666667,2015-12-29(中国大陆),https://movie.douban.com/subject/25986654/,,2015年12月29日,,0.9109166666666665,,剧情/传记/历史,,东方卫视CSM50城收视,"武汉二套
[3]",宋佳,张歆怡,,, 40分钟,,李雪健,文章,,2.333916666666667,长春电影制片厂等
Russell Lee Fine,妙警贼探  第三季,8.9,杰夫·艾斯汀,,,,,,,,16541,,16,,美国,2011,6,,,,2011-06-07(美国),https://movie.douban.com/subject/5975464/,,,,,,剧情/喜剧/犯罪,,,,海莉·伯顿,,,, 40分钟,,蒂姆·迪凯,马特·波莫,,,
石井裕也,小小食杂铺,8.5,石井裕也,,,,,,,,9567,,10,,日本,2015,1,,,,2015-10-21(日本),https://movie.douban.com/subject/26602200/,,,,,,剧情,,,,胜地凉,前野朋哉,,, 30分钟,,尾野真千子,小田切让,,,
董成鹏  Chengpeng Dong,屌丝男士 第二季,7.3,董成鹏  Chengpeng Dong,,,,,,,,16209,,6,,中国大陆,2013,1,,,,2013-06-05(中国大陆),https://movie.douban.com/subject/20470058/,,,,,,喜剧,,,,马丽,后舍男生,,, 16分钟,,林志玲 Chiling Lin,大鹏,,,搜狐视频
金子文纪,流星之绊,8.2,宫藤官九郎,,,,,,,,37874,,10,,日本,2008,1,,,,2008-10-17(日本),https://movie.douban.com/subject/3268241/,,,,,,剧情,,,,户田惠梨香,三浦友和,,, 54分钟,2008年10月17日,锦户亮,二宫和也,,,TBS电视台
瑞恩·墨菲,欢乐合唱团 第一季,8.3,瑞恩·墨菲,,,,,,,,20544,,22,,美国,2009,6,,,,2009-05-19(美国),https://movie.douban.com/subject/3328794/,,,,,,喜剧/剧情/音乐,,,,柯瑞·蒙特斯,克里斯·柯尔弗,,, 44分钟,"晚9:00
（周三）",杰玛·梅斯,马修·莫里森,,,Ryan Murphy Productions
徐庆东,重案六组2,7.7,申捷,,,,,,,,4460,,32,,中国大陆,2003,1,,,,2003,https://movie.douban.com/subject/2190973/,,,,,,剧情/犯罪,,,,王挺,张潮,,, 47分钟,2003年7月11日,王茜,丁志城,,,海润影视有限公司
高希希,楚汉传奇,6.8,汪海林,"《
海豚第一剧场
》",,,,,,,7096,,80,,中国大陆,2012,1,,,,2012-12-28(中国大陆),https://movie.douban.com/subject/6804373/,,,,,,历史/古装,,,安徽卫视,秦岚,李依晓,,, 45分钟,"2012年12月28日

起每晚19:30两集",何润东,陈道明,,,博纳影业集团、北京完美影视传媒有限责任公司、希世纪影视等[1]
靳德茂,三少爷的剑,6.9,赵志红,,,,,,,,4179,,34,,中国大陆,2000,1,,,,2001,https://movie.douban.com/subject/2279835/,,,,,,武侠/古装,,,,陈龙,陈继铭,,, 47分钟,,俞飞鸿,何中华,,,博纳影业集团
陈维冠,冲上云霄II,7.6,欧冠英,,,,,,,,27152,,43,,香港,2013,1,,,,2013-07-15(香港),https://movie.douban.com/subject/6518754/,,,,,,剧情/爱情,,,香港无线电视翡翠台,胡杏儿,陈法拉,,, 40分钟,2013-07-15~2013-09-08,张智霖,吴镇宇,,,香港电视广播有限公司
丹尼·加农,妮基塔 第二季,8.1,克雷格·西尔弗斯坦,,,,,,,,17460,,23,,美国,2011,4,,,,2011-09-23(美国),https://movie.douban.com/subject/6436783/,,,,,,剧情/动作/惊悚,,,,琳德西·冯塞卡,亚伦·斯坦福,,, 42分钟,,夏恩·韦斯特,李美琪,,,
刘惠宁,半路夫妻,7.7,彭三源,,,,,,,,3927,,28,,中国大陆,2005,1,,,,,https://movie.douban.com/subject/2347404/,,,,,,剧情/家庭,,,,张嘉译,张少华,,, 54分钟,,孙红雷,陈小艺,,,
李亨民,雪之女王,7.8,金恩熙,,,,,,,,15046,,16,,韩国,2006,1,,,,2006-11-13(韩国),https://movie.douban.com/subject/3017813/,,,,,,爱情,,,,刘仁英 ,高珠妍 ,,, 45分钟,,成宥利,玄彬,,,
梦继,福星高照猪八戒,5.5,黄永辉,,,,,,,,4165,,40,,中国大陆,2004,1,,,,2004-05-10,https://movie.douban.com/subject/3063818/,,,,,,剧情/奇幻,,,,范冰冰,杨若兮,,, 45分钟,,韩雪,黄海波,,,苏州福纳文化科技股份有限公司
李国立,聊斋奇女子,7.2,王莉,,,,,,,,3732,,38,,中国大陆,2007,1,,,,,https://movie.douban.com/subject/3032443/,,,,,,剧情/恐怖/爱情,,,四川电视台公共频道,陈晓东,孙莉,,, 43分钟,2007年7月17日,范文芳,吴奇隆,,,上海唐人电影制作有限公司
张健伟,卧虎藏龙,6.8,,,,,,,,,3517,,20,,中国大陆,2002,1,,,,,https://movie.douban.com/subject/3055386/,,,,,,剧情/动作/武侠,,,,黄奕,邱心志,,, 53分钟,,蒋勤勤,何润东,,,
生野慈朗,美丽人生,8.3,北川悦吏子,,,,,,,,14518,,11,,日本,2000,1,,,,2000-01-16(日本),https://movie.douban.com/subject/1465021/,,,,,,剧情/爱情,,,,水野美纪,池内博之,,, 45分钟,,常盘贵子,木村拓哉,,,
李洪绸,毛骗 第一季,8.4,李洪绸,,,,,,,,7478,,20,,中国大陆,2010,1,,,,2010-06(中国大陆),https://movie.douban.com/subject/4888230/,,,,,,犯罪/悬疑,,,,杨羽,黎伟,,, 42分钟,,赵宁,安宁,,,
白尚勋,你是谁 - 学校2015,7.7,金贤贞,,,,,,,,16498,,16,,韩国,2015,1,,,,2015-04-27(韩国),https://movie.douban.com/subject/26334949/,,,,,,剧情,,,,陆星材,,,, 约60分钟,,南柱赫,金所炫,,,
王文杰,红十字方队,8.4,马继红,,,,,,,,3605,,14,,中国大陆,1997,1,,,,1997,https://movie.douban.com/subject/2155366/,,,,,,剧情,,,"宁夏卫视
[7]",刘威葳,杨圣文,,, 50分钟,2007年7月31日,傅冲,罗刚,,,中央电视台影视部
李慧珠,宫锁珠帘,4.2,于正,金鹰独播剧场,,,,1.0,,,7107,,37,,中国大陆,2012,1,11.19,1.0,2.39,2012-01-20(中国大陆),https://movie.douban.com/subject/6560033/,,,,,,剧情/爱情/古装,,,湖南卫视,舒畅,张嘉倪,,, 46分钟,2012年01月20日22:00,袁姗姗,何晟铭,,,湖南经视、欢瑞世纪、于正工作室
吴锦源,我和僵尸有个约会2,8.6,陈十三,,,,,,,,7605,,43,,香港,2000,1,,,,2000-03-06,https://movie.douban.com/subject/2119417/,,,,,,动作/爱情/科幻,,,,杨恭如,陈启泰,,, 45分钟,,万绮雯,尹天照,,,香港亚洲电视
李路,老大的幸福,8.2,谢丽虹,,,,,,,,4629,,41,,中国大陆,2010,1,,,,2010-03-04(中国大陆),https://movie.douban.com/subject/4090606/,,,,,,剧情,,,,孟广美,金巧巧,,, 42分钟,,孙宁,范伟,,,江苏广播电视总台、华视影视传媒公司
Pamela Fryman,老爸老妈的浪漫史 第六季,9.1,卡特·贝斯,,,,,,,,15809,,24,,美国,2010,9,,,,2010-09-20(美国),https://movie.douban.com/subject/5262275/,,,,,,喜剧/爱情,,,,乔什·拉德诺,杰森·席格尔,,, 22分钟,,寇碧·史莫德斯,尼尔·帕特里克·哈里斯,,,
李国立,秦时明月,4.6,徐子沅,,,,,,,,5848,,58,,中国大陆,2015,1,,,,2015-11-29(中国大陆),https://movie.douban.com/subject/25919408/,,,,,,剧情/奇幻/武侠,,,,蒋劲夫,孙艺洲,,, 45分钟,,陈妍希,陆毅,,,
派蒂·杰金斯,谋杀 第一季,8.5,魏娜·莎德,,,,,,,,9405,,13,,美国,2011,4,,,,2011-04-03(美国),https://movie.douban.com/subject/4826178/,,,,,,剧情,,,,埃里克·拉丁,安妮·科利,,, 45分钟,,杰米·安妮·奥尔曼,米瑞·伊诺丝,,,
韩晓军,镖门,8.4,徐浩峰,,,,,,,,6418,,38,,中国大陆,2014,1,,,,2014-12-25(中国大陆),https://movie.douban.com/subject/25752412/,,2014年12月25日,,,,剧情/爱情,,,"深圳卫视、贵州卫视、东南卫视、陕西卫视
[16]",李健,王庆祥,,, 45分钟,,贾青,霍建华,,,浙江华策影视、容丞和悦（北京）影视传媒投资
Allen Coulter,欲望都市  第二季,8.9,,,,,,,,,16546,,18,,美国,1999,6,,,,1999-06-06,https://movie.douban.com/subject/2153599/,,,,,,喜剧/爱情,,,,Kristin Davis,Cynthia Nixon,,, 30分钟,,Kim Cattrall,Sarah Jessica Parker,,,
Pamela Fryman,老爸老妈的浪漫史 第五季,9,卡特·贝斯,,,,,,,,17187,,24,,美国,2009,9,,,,2009-09-21(美国),https://movie.douban.com/subject/3990479/,,,,,,喜剧/爱情,,,,艾丽森·汉妮根,杰森·席格尔,,, 30分钟,,尼尔·帕特里克·哈里斯,乔什·拉德诺,,,美国广播公司
河野圭太,绅士刑警1,9.1,三谷幸喜,,,,,,,,12762,,12,,日本,1994,1,,,,1994-04-13(日本),https://movie.douban.com/subject/1440971/,,,,,,犯罪/喜剧/悬疑,,,,小林隆,中森明菜,,, 46分钟,,西村雅彦,田村正和,,,
李达超,华胥引之绝爱之城,6.1,解嬿嬿,,,,,,,,6178,,48,,中国大陆,2015,1,,,,2015-07-09(中国大陆),https://movie.douban.com/subject/20413548/,,,,,,奇幻/古装,,,,蒋欣,保剑锋,,,,,袁弘,郑嘉颖,,,慈文传媒、天津北方电影集团·天津滨海国际影业等
金井纮,有喜欢的人,6.8,桑村沙也香,,,,,,,,14131,,10,,日本,2016,1,,,,2016-07-11(日本),https://movie.douban.com/subject/26783513/,,,,,,剧情,,,,三浦翔平,野村周平,,, 50分钟,,山崎贤人,桐谷美玲,,,
李敏弘,学校2013,7.6,高正沅,,,,,,,,13617,,16,,韩国,2012,1,,,,2012-12-03,https://movie.douban.com/subject/20278813/,,2012-12-03,,,,剧情/爱情,,,KBS,李钟硕,朴世荣,,, 1:05,,张娜拉,崔丹尼尔,,,Content K
迈克尔·帕特里克·金,欲望都市 第六季,9.1,,,,,,,,,15776,,20,,美国,2003,6,,,,2003-06-22,https://movie.douban.com/subject/2153590/,,,,,,喜剧/爱情,,,,Kristin Davis,Cynthia Nixon,,, 30分钟,,Kim Cattrall,Sarah Jessica Parker,,,
Fatball,玛嘉烈与大卫  绿豆,8.9,黄绮琳,,,,,,,,6628,,26,,香港,2016,1,,,,2016-04-11(香港),https://movie.douban.com/subject/26742360/,,,,,,剧情/爱情,,,,廖碧儿,潘灿良,,, 24分钟,,周家怡,林保怡,,,
迪兰·莫兰,布莱克书店  第二季,9.3,迪兰·莫兰,,,,,,,,15097,,6,,英国,2002,3,,,,2002-09-01,https://movie.douban.com/subject/4073744/,,,,,,喜剧,,,,塔姆辛·格雷格,,,, 25分钟,"1 March
2002",比尔·贝利,迪兰·莫兰,,,
并木道子,问题餐厅,8.8,坂元裕二,,,,,,,,24077,,10,,日本,2015,1,,,,2015-01-15(日本),https://movie.douban.com/subject/26266666/,,,,,,剧情,,,,二阶堂富美,高畑充希,,, 46分钟,,东出昌大,真木阳子,,,富士电视台
马克·米罗,童话镇 第一季,7.4,Adam Horowitz,,,,,,,,12435,,22,,美国,2011,6,,,,2011-10-23(美国),https://movie.douban.com/subject/5986494/,,,,,,剧情/奇幻/冒险,,,,金妮弗·古德温,乔希·达拉斯,,, 45分钟,2011年10月23日,杰瑞德·吉尔摩尔,詹妮弗·莫里森,,,美国广播公司
艾伦·保尔,新闻编辑室 第二季,9,艾伦·索金,,,,,,,,18486,,9,,美国,2013,3,,,,2013-07-14,https://movie.douban.com/subject/10867124/,,,,,,剧情,,,,艾丽森·皮尔,小约翰·加拉赫,,, 60,,艾米莉·莫迪默,杰夫·丹尼尔斯,,,
刘心刚,五星大饭店,7.2,海岩,,,,,,,,4159,,32,,中国大陆,2007,1,,,,,https://movie.douban.com/subject/2301064/,,,,,,剧情/爱情,,,中央电视台一套,牛萌萌,曹曦文,,, 44分钟,2007年11月06日,张峻宁,郑柔美,,,北京中圣春秋影视文化有限公司
铃木雅之,律政英雄,8.7,福田靖,,,,,,,,16543,,11,,日本,2001,1,,,,2001-01-08(日本),https://movie.douban.com/subject/1441060/,,,,,,剧情/悬疑,,,,三浦友和,大塚宁宁,,,,,松隆子,木村拓哉,,,日本富士电视台
布鲁克·肯尼迪,傲骨贤妻 第四季,9.1,Robert Lee King,,,,,,,,17533,,22,,美国,2012,7,,,,2012-09-30,https://movie.douban.com/subject/10549253/,,,,,,剧情,,,,克里斯·诺斯,雅奇·潘嘉比,,, 45分钟,,艾伦·卡明,朱丽安娜· 玛格丽丝,,,
潘嘉德,再生缘,7.8,黄国辉,,,,,,,,8268,,32,,中国香港,2002,1,,,,2002-08-05,https://movie.douban.com/subject/2154765/,,2002年08月05日至09月13日,,,,爱情/古装,,,翡翠台,马德钟,杨怡,,, 40分钟,周一至周五 19:30 - 20:30,叶璇,林峰,,,香港电视广播有限公司
李达超,灵镜传奇,6.7,陈曼玲,,,,,,,,3755,,30,,中国大陆,2003,1,,,,,https://movie.douban.com/subject/2333675/,,,,,,剧情/动作/爱情,,,,蔡少芬,杨俊毅,,, 45分钟,,陈法蓉,于波,,,海南周易影视制作公司
徐进良,少年梁祝,6.6,徐进良,,,,,,,,4717,,42,,台湾,2000,1,,,,,https://movie.douban.com/subject/2342552/,,,,,,剧情/喜剧/历史,,,"台湾中视
[10]",陈嘉辉,江祖平,,, 35分钟,2000年,罗志祥,梁小冰,,,中国电视事业股份有限公司
平野俊一,家族的形式,8.8,后藤法子,,,,,,,,29459,,10,,日本,2016,1,,,,2016-01-17(日本),https://movie.douban.com/subject/26663070/,,,,,,剧情,,,,水原希子,荒川良良,,, 45分钟,2016年1月17日,上野树里,香取慎吾,,,TBS
尼尔·乔丹,波吉亚家族 第一季,8.1,Michael Hirst,,,,,,,,6603,,9,,美国/加拿大/爱尔兰/匈牙利,2011,3,,,,2011-04-03(美国),https://movie.douban.com/subject/4290151/,,,,,,剧情/历史/犯罪,,,,荷丽黛·格兰杰,大卫·奥克斯,,, 50分钟,,弗朗索瓦·阿诺德,杰瑞米·艾恩斯,,,
James Hayman,美女上错身 第一季,8.1,Josh Berman,,,,,,,,16550,,13,,美国,2009,6,,,,2009-07-12,https://movie.douban.com/subject/3236478/,,,,,,喜剧,,,,杰克逊·赫斯特,艾普尔·鲍白,,, 60分钟,,本·费德曼,布洛克·艾略特,,,Lifetime
Matt Lipsey,疯城记 第一季,8.8,史蒂夫·佩姆伯顿,,,,,,,,12233,,7,,英国,2009,2,,,,2009-06-18,https://movie.douban.com/subject/3287611/,,,,,,喜剧/悬疑/恐怖,,,,丹尼尔·卡卢亚,Daisy Haggard,,, 30分钟,,史蒂夫·佩姆伯顿,里斯·谢尔史密斯,,,
Jack Bender,迷失  第五季,8.7,J·J·艾布拉姆斯,,,,,,,,13794,,17,,美国,2009,6,,,,2009-01-21(美国),https://movie.douban.com/subject/3196716/,,2009-01-21,,,,冒险/剧情/悬疑,,,,乔治·加西亚,乔什·哈洛威,,, 43分钟,,马修·福克斯,纳威恩·安德利维斯,,,Bad Robot
萧显辉,冤家宜结不宜解,7.3,黄伟强,,,,,,,,8384,,20,,中国香港,1998,1,,,,1998,https://movie.douban.com/subject/2241523/,,,,,,喜剧/爱情,,,,何宝生,吴美珩,,, 45分钟,,郭可盈,吴启华,,,香港电视广播有限公司
张惠中,乡村爱情,7.3,张继,,,,,,,,3881,,30,,中国大陆,2006,1,,,,2006-09-30(中国大陆),https://movie.douban.com/subject/2295764/,,,,,,喜剧/剧情/爱情,,,,王亚彬,于月仙,,, 45分钟,,范伟,赵本山,,,中国电视艺术家协会影视中心
王重光,追妻三人行,8,王蕙玲,,,,,,,,3824,,30,,台湾,1989,1,,,,1989-08-03,https://movie.douban.com/subject/2252908/,,,,,,,,,,林在培,蓝心湄,,,,,常枫,方芳,,,
马克·匹兹纳斯基,绯闻女孩 第六季,7.6,Cecily von Ziegesar,,,,,,,,20366,,10,,美国,2012,6,,,,2012-10-08(美国),https://movie.douban.com/subject/10756709/,,,,,,剧情/爱情,,,,佩恩·拜德格雷,切斯·克劳福,,, 42分钟,,莉顿·梅斯特,布蕾克·莱弗利,,,CW
,流金岁月,,欧冠英,,,,,,,,,,,,香港,2002,,,,,2002-09-16,https://movie.douban.com/subject/2154781/,,,,,,剧情/爱情,,,TVB翡翠台,,,,,,2002年9月16日至11月15日,,,,,香港电视广播有限公司
文伟鸿,法网狙击,6.8,汤健萍,,,,,,,,13518,,26,,香港,2012,1,,,,2012-12-18(香港),https://movie.douban.com/subject/10514817/,,,,,,剧情/犯罪,,,香港翡翠台,阮兆祥,李思捷,,, 40,2012年12月18日－2013年1月19日,谢天华,陈炜,,,香港电视广播有限公司
王小棣,荼蘼,8.6,徐誉庭,,,,,,,,9927,,6,,台湾,2016,1,,,,2016-10-07(台湾),https://movie.douban.com/subject/26785286/,,2016年10月7日,,,,剧情/爱情,,,,路斯明,张复建,,, 90分钟,每周五 22:00-23:50,顏毓麟,杨丞琳,,,风光创意执行股份有限公司
胡安·安东尼奥·巴亚纳,低俗怪谈 第一季,7.6,John Logan,,,,,,,,13174,,8,,美国/英国,2014,3,,,,2014-05-12(英国),https://movie.douban.com/subject/22992200/,,,,,,剧情/恐怖,,,,乔什·哈奈特,罗里·金奈尔,,, 60分钟,,伊娃·格林,提摩西·道尔顿,,,
李国立,步步惊情,4.2,王莉芝,中国蓝剧场,,,,,,,9180,,41,,中国大陆,2014,1,6.151999999999999,2.375,2.181438888888889,2014-04-22(中国大陆),https://movie.douban.com/subject/10561869/,,2014.04.22,,,,剧情/爱情,,,浙江卫视,孙艺洲,蒋劲夫,,, 45分钟,每晚19:30三集联播,刘诗诗,吴奇隆,,,上海唐人电影制作有限公司、飞虎信息技术(天津)有限公司
梅小青,洛神,7.9,陈静仪,,,,,,,,8325,,26,,香港,2002,1,,,,2002-6-24,https://movie.douban.com/subject/1302832/,,,,,,剧情/古装,,,,陈豪,郭羡妮,,, 45,,马浚伟,蔡少芬,,,
林志华,少年四大名捕,6.7,李绮华,钻石独播剧场,,,,,,,10649,,25,,香港,2008,1,,,,2008-09-22(香港),https://movie.douban.com/subject/2995158/,,2015年3月17日,,,,剧情/古装,,,湖南卫视,陈键锋,马国明,,, 45分钟,每周二周三晚22:00,吴卓羲,林峰,,,欢瑞世纪影视传媒股份有限公司、光线传媒
黄伟声,憨夫成龙,6.9,刘彩云,,,,,,,,8194,,20集,,香港,2002,1,,,,2002-12-30,https://movie.douban.com/subject/2224146/,,,,,,喜剧/爱情/古装,,,tvb翡翠台,曹永廉,,,, 44分钟,2002年12月30日,宣萱,郭晋安,,,香港无线电视（TVB）
冢原亚由子,为了N,8.8,凑佳苗,,,,,,,,30948,,10,,日本,2014,1,,,,2014-10-17(日本),https://movie.douban.com/subject/25960944/,,,,,,剧情/悬疑,,,,贺来贤人,小出惠介,,, 46分钟,2014年10月17日,洼田正孝,荣仓奈奈,,,TBS电视台
韦家辉,义不容情,8.7,邓特希,,,,,,,,5350,,30,,香港,1989,1,,,,1989-04-03,https://movie.douban.com/subject/2046853/,,,,,,剧情,,,香港无线电视台,刘嘉玲,,,, 70,1989年,温兆伦,黄日华,,,TVB
潘文杰,功夫足球,5.8,胡耀辉,,,,,,,,6386,,40,,香港,2004,1,,,,2003,https://movie.douban.com/subject/1468032/,,,,,,剧情/喜剧/科幻,,,,黄秋生,吴君如,,,,,容祖儿,张卫健,,,寰亚
