ranking4,play_count,ranking2,actors3,name4,show_theatre,thumbs_down,actors4,location,name1,production_company,style,ranking3,length,director,seasons,show_platform,show_date,link,actors2,rating3,share4,actors1,writer,title,episodes,language,rating1,ranking1,rating2,thumbs_up,douban_score,share1,name3,name2,rating4,share3,show_time,first_show,douban_num,share2,year,score
,4.06亿,,,,,21896,,内地,,,言情剧/谍战剧/剧情,,,牟晓杰,,,,http://www.iqiyi.com/a_19rrh9oo4h.html,,,,,,双刺,,国语,,,,40258,5,,,,,,,,862,,,6.5
,77.85亿,,,,,1848104,,内地,,,言情剧/古装剧/偶像剧/剧情,,,高林豹/林玉芬/梁胜权,,,,http://www.iqiyi.com/a_19rrhc1zfx.html,,,,,,花千骨,,国语,,,,9648308,6.2,,,,,,,,28785,,,8.4
,37.58亿,,,,,181849,,内地,,,偶像剧/谍战剧/军旅剧,,,金琛/周远舟,,,,http://www.iqiyi.com/a_19rrhbapjx.html,,,,,,麻雀,,国语,,,,621196,6.3,,,,,,,,27197,,,7.7
,1.37亿,,,,,30476,,内地,,,言情剧/偶像剧/喜剧/青春剧,,,韦正,,,,http://www.iqiyi.com/a_19rrgjefid.html,,,,,,爱情公寓那些事儿,,国语,,,,221104,,,,,,,,,,,,8.8
,1.76亿,,,,,17830,,内地,,,言情剧/历史剧/武侠剧/古装剧,,,王响伟,,,,http://www.iqiyi.com/a_19rrgib2x1.html,,,,,,隋唐英雄4,,国语,1.1195862068965519,3.1724137931034484,,120355,3.3,3.0015724137931032,,,,,,,275,,,8.7
,2.96亿,,,,,17030,,内地,,,言情剧/农村剧/家庭剧,,,王振宏,,,,http://www.iqiyi.com/a_19rrh9y4t5.html,,,,,,木兰妈妈,,国语,,,,38057,2.6,,,,,,,,174,,,6.9
,4.27亿,,,,,27827,,内地,,,言情剧/剧情,,,黄建勋,,,,http://www.iqiyi.com/a_19rrhb5t19.html,,,,,,罗龙镇女人,,国语,,,,103636,5,,,,,,,,84,,,7.9
,1.99亿,,,,,217195,,内地,,,历史剧/年代剧/剧情,,,郭靖宇/刘礴/满意,,,,http://www.iqiyi.com/a_19rrifssgr.html,,,,,,打狗棍,,国语,,,,926422,6.4,,,,,,,,2041,,,8.1
,1.74亿,,,,,8525,,内地,,,言情剧/喜剧/都市,,,小岛,,,,http://www.iqiyi.com/a_19rrha4fm5.html,,,,,,别让爱你的人等太久,,国语,,,,18816,5.7,,,,,,,,47,,,6.9
,18.17亿,,,,,120215,,内地,浙江卫视CSM50城收视,,言情剧/年代剧/偶像剧/悬疑剧,,,吴锦源/冯柏源,,,,http://www.iqiyi.com/a_19rrhbc1fh.html,,,,,,煮妇神探,,国语,1.4105200000000002,2.5416666666666665,,1161227,,3.6174999999999997,,,,,,,,,,9.1
,8363万,,,,,5629,,内地,,,年代剧/军旅剧,,,董亚春,,,,http://www.iqiyi.com/a_19rrhb7b9t.html,,,,,,长沙保卫战,,国语,,,,21497,8.1,,,,,,,,778,,,7.9
,6.41亿,4.777777777777778,,,,29081,,内地,,,言情剧/偶像剧/家庭剧,,,丁黑,,,,http://www.iqiyi.com/a_19rrju4egp.html,,,,,,门第,,,0.7732777777777776,4.388888888888889,0.8059444444444446,96759,6.7,2.211666666666667,,,,,,,3819,2.2461111111111105,,7.7
,3.33亿,1.0,,,,35084,,内地,,,言情剧/历史剧/武侠剧/古装剧,,,王响伟,,,,http://www.iqiyi.com/a_19rrgjciwl.html,,,,,,隋唐英雄3,,国语,1.1595757575757577,1.0,1.7712121212121215,191248,3.8,3.0909090909090904,,,,,,,545,4.677575757575759,,8.4
,3.88亿,,,,,55252,,内地,,,言情剧/偶像剧/剧情/都市,,,徐纪周,,,,http://www.iqiyi.com/a_19rrhb1tal.html,,,,,,我的宝贝,,国语,0.9587142857142857,2.5714285714285716,,220370,5.7,2.8764285714285713,,,,,,,653,,,8.0
,7.78亿,17.666666666666668,,,,61327,,内地,山东卫视CSM52城收视,,言情剧/家庭剧/剧情,,,余丁,,,,http://www.iqiyi.com/a_19rrhagxp5.html,,,,,,两个女人的战争,,国语,0.7900476190476191,6.476190476190476,0.2822857142857143,175706,5,2.2443333333333335,,江西卫视CSM52城收视,,,,,983,0.770857142857143,,7.4
,1.37亿,,,,,10590,,内地,,,言情剧/历史剧/年代剧,,,王文杰,,,,http://www.iqiyi.com/a_19rrgjd4h9.html,,,,,,大染坊,,国语,,,,39260,8.8,,,,,,,,10187,,,7.9
,13.10亿,,,,,181261,,内地,,,言情剧/家庭剧/剧情/都市,,,王伟廷/王淑志,,,,http://www.iqiyi.com/a_19rrhbahnt.html,,,,,,家和万事兴,,国语,,,,521875,6.2,,,,,,,,48,,,7.4
,5022万,,,,,12107,,内地,,,喜剧/网络剧,,,龙冠武/彭大卫,,,,http://www.iqiyi.com/a_19rrha6jbd.html,,,,,,穿梭恋人,,,,,,32600,0,,,,,,,,3,,,7.3
,1.57亿,,,,,31770,,内地,,,古装剧/喜剧/宫廷剧,,,刘家成,,,,http://www.iqiyi.com/a_19rrj6uujp.html,,,,,,铁齿铜牙纪晓岚第一部,,40集全,,,,252211,,,,,,,,,,,,8.9
5.1923076923076925,6.23亿,4.961538461538462,,浙江卫视,,10340,,内地,安徽卫视,,历史剧/古装剧,5.8076923076923075,,鞠觉亮,,,,http://www.iqiyi.com/a_19rrg4psih.html,,0.6079999999999999,,,,精忠岳飞,,,0.6395,5.038461538461538,0.6531153846153845,42837,6.5,,山东卫视,天津卫视,0.7005384615384617,,,,3596,,,8.1
,12.90亿,1.0,,,,130704,,内地,,,言情剧/年代剧/偶像剧/剧情,,,吴锦源/邓衍成/陈国华,,,,http://www.iqiyi.com/a_19rrhaxnc1.html,,,,,,偏偏喜欢你,,国语,1.465185185185185,1.0740740740740742,2.898571428571429,859713,5.4,4.379153846153846,,,,,,,3334,8.826666666666666,,8.7
,1.84亿,,,,,13252,,内地,,,言情剧/年代剧/商战剧,,,张新建/孔笙,,,,http://www.iqiyi.com/a_19rrj6ueml.html,,,,,,闯关东,,52集全,,,,78579,8.8,,,,,,,,23057,,,8.6
,9.03亿,,,,,61379,,内地,,,谍战剧/军旅剧/剧情,,,赵青,,,,http://www.iqiyi.com/a_19rrhbgr8t.html,,,,,,枪侠,,国语,,,,177938,5,,,,,,,,151,,,7.4
,2.37亿,,,,,14510,,内地,,,青春剧/军旅剧/剧情,,,林建中,,,,http://www.iqiyi.com/a_19rrhbzisx.html,,,,,,我要当八路,,国语,,,,70872,2.8,,,,,,,,65,,,8.3
,6.99亿,,,,,58655,,内地,,,喜剧/网络剧,,,尹琪,,,,http://www.iqiyi.com/a_19rrgib6x5.html,,,,,,废柴兄弟1,,国语,,,,524314,,,,,,,,,,,,9.0
,4.52亿,,,,,18610,,内地,,,,,,马跃千,,,,http://www.iqiyi.com/a_19rrhas2wp.html,,,,,,硬骨头,,国语,,,,37912,7.3,,,,,,,,53,,,6.7
,3.35亿,,,,,44861,,内地,,,剧情/网络剧,,,韦正,,,,http://www.iqiyi.com/a_19rrhaznch.html,,,,,,爱情公寓番外篇,,国语,,,,348440,,,,,,,,,,,,8.9
,4.09亿,,,,,19566,,内地,,,言情剧,,,潘越,,,,http://www.iqiyi.com/a_19rrhaqs4p.html,,,,,,我的爱情撞上了战争,,国语,,,,37631,4.2,,,,,,,,162,,,6.6
,5585万,,,,,3669,,内地,,,历史剧/谍战剧/家庭剧/军旅剧/剧情,,,国建勇,,,,http://www.iqiyi.com/a_19rrhbk8ax.html,,,,,,利箭行动,,国语,,,,13898,3.9,,,,,,,,277,,,7.9
,7956万,,,,,3312,,内地,,,悬疑剧/谍战剧/剧情,,,徐昂,,,,http://www.iqiyi.com/a_19rrhagil1.html,,,,,,猎人,,国语,,,,8953,6.8,,,,,,,,1388,,,7.3
,1.40亿,,,,,14457,,内地,,,年代剧/军旅剧/剧情,,,徐善杰,,,,http://www.iqiyi.com/a_19rrhc464h.html,,,,,,苍狼,,国语,,,,52418,4.8,,,,,,,,134,,,7.8
,9.32亿,,,,,44752,,内地,,,言情剧/偶像剧/青春剧/剧情,,,林健龙/徐惠康,,,,http://www.iqiyi.com/a_19rrhb9aux.html,,,,,,旋风十一人,,国语,,,,622238,6.8,,,,,,,,6022,,,9.3
,15.09亿,,,,,105328,,内地,,,言情剧/偶像剧/喜剧/剧情/都市,,,夏晓昀,,,,http://www.iqiyi.com/a_19rrhb27kd.html,,,,,,大好时光,,国语,,,,747249,5.9,,,,,,,,10378,,,8.8
,3.67亿,,,,,41980,,内地,,,年代剧/军旅剧/剧情,,,耿明吉,,,,http://www.iqiyi.com/a_19rrhb94rh.html,,,,,,终极对决,,国语,,,,120187,8.8,,,,,,,,416,,,7.4
,2.60亿,,,,,10427,,内地,,,历史剧/军旅剧,,,康洪雷,,,,http://www.iqiyi.com/a_19rrk2uopt.html,,,,,,我的团长我的团,,43集全,,,,135844,8.8,,,,,,,,20039,,,9.3
,8.26亿,,,,,43100,,内地,,,家庭剧/都市,,,沈严/刘海波,,,,http://www.iqiyi.com/a_19rrh9rhq5.html,,,,,,太太万岁,,国语,,,,102475,8.3,,,,,,,,3954,,,7.0
,3.42亿,,,,,13575,,内地,,,青春剧/军旅剧,,,康洪雷,,,,http://www.iqiyi.com/a_19rrk2uolh.html,,,,,,士兵突击,,国语,,,,119105,9.2,,,,,,,,54866,,,9.0
,1.76亿,,,,,134784,,内地,,,喜剧/青春剧/家庭剧,,,林丛,,,,http://www.iqiyi.com/a_19rrj6rle5.html,,,,,,家有儿女 第四部,,67集全,,,,762481,,,,,,,,,,,,8.5
,10.32亿,0,,,,77673,,内地,广东卫视CSM52城收视率,,言情剧/偶像剧/商战剧/剧情/都市,,,牛乐,,,,http://www.iqiyi.com/a_19rrhacind.html,,,,,,远得要命的爱情,,国语,0.43466666666666665,13.61111111111111,0,382115,7.4,1.149888888888889,,全国网收视率,,,,,4384,0,,8.3
,3.28亿,,,,,51517,,内地,,,言情剧/青春剧/都市,,,王迎,,,,http://www.iqiyi.com/a_19rrhazxk5.html,,,,,,敢爱,,国语,,,,124354,6.5,,,,,,,,1086,,,7.1
,7853万,,,,,4323,,内地,,,年代剧/谍战剧/剧情,,,张永生,,,,http://www.iqiyi.com/a_19rrhbb8dx.html,,,,,,战火连天,,国语,,,,8857,0,,,,,,,,30,,,6.7
,2941万,,,,,1732,,内地,,,言情剧/都市,,,袁英明/朱少杰,,,,http://www.iqiyi.com/a_19rrh95i7p.html,,,,,,守护丽人未删减版,,国语,,,,8049,,,,,,,,,,,,8.2
,2257万,,,,,1167,,内地,,,家庭剧,,,张多福,,,,http://www.iqiyi.com/a_19rrhbdszd.html,,,,,,妈妈像花儿一样,,国语,1.1460454545454544,2.4761904761904763,,8844,6.1,3.162136363636364,,,,,,,1906,,,8.8
,7.60亿,,,,,56813,,内地,,,喜剧/青春剧/网络剧,,,尹琪/姬智,,,,http://www.iqiyi.com/a_19rrhb48wx.html,,,,,,废柴兄弟3,,国语,,,,381738,7.4,,,,,,,,960,,,8.7
,14.42亿,,,,,70201,,内地,,,历史剧/军旅剧,,,张黎,,,,http://www.iqiyi.com/a_19rrhbf5th.html,,,,,,少帅,,国语,,,,344521,6.8,,,,,,,,9237,,,8.3
,18.57亿,,,,,172866,,内地,,,言情剧/武侠剧/古装剧/偶像剧,,,黄伟杰,,,,http://www.iqiyi.com/a_19rrhaam8t.html,,,,,,蜀山战纪剑侠传奇,,国语,,,,1405154,,,,,,,,,,,,8.9
,1.26亿,,,,,44504,,内地,,,年代剧/军旅剧/剧情,,,李小亭,,,,http://www.iqiyi.com/a_19rrjae3ax.html,,,,,,地道战,,国语,,,,249562,8.2,,,,,,,,37482,,,8.5
,3.89亿,,,,,47017,,内地,,,历史剧/军旅剧/剧情,,,焦晓雨,,,,http://www.iqiyi.com/a_19rrhb9gyd.html,,,,,,地雷战,,国语,,,,170080,8,,,,,,,,22071,,,7.8
,2922万,,,,,1905,,内地,,,言情剧/古装剧/家庭剧,,,罗福,,,,http://www.iqiyi.com/a_19rrh9vj25.html,,,,,,哑巴新娘,,国语,,,,5619,6,,,,,,,,3190,,,7.5
,3.25亿,,,,,27615,,内地,《爱闪亮》江苏卫视首播csm46城收视,,言情剧/偶像剧/青春剧,,,宋洋,,,,http://www.iqiyi.com/a_19rrgj9k5t.html,,,,,,爱闪亮,,国语,1.2147419354838707,2.6774193548387095,,109988,4.7,,,,,,,,177,,,8.0
,7640万,,,,,2530,,内地,,,古装剧/神话剧/剧情,,,金国钊,,,,http://www.iqiyi.com/a_19rrj6vl71.html,,,,,,封神榜之凤鸣岐山,,38集全,,,,49396,6,,,,,,,,2817,,,9.5
,2.37亿,,,,,20184,,内地,,,言情剧/偶像剧/青春剧,,,滕文骥,,,,http://www.iqiyi.com/a_19rrj5unmp.html,,,,,,血色浪漫,,国语,,,,224208,8.7,,,,,,,,33013,,,9.2
,1.90亿,,,,,29438,,内地,,,言情剧/古装剧/喜剧,,,张子恩,,,,http://www.iqiyi.com/a_19rrj5ql11.html,,,,,,上错花轿嫁对郎,,国语,,,,326424,7.2,,,,,,,,29890,,,9.2
,2.45亿,,,,,35422,,韩国,,,言情剧/偶像剧/穿越剧/剧情,,,张太侑,,,,http://www.iqiyi.com/a_19rrhadkyt.html,,,,,,来自星星的你国语版,,国语,,,,243187,,,,,,,,,,,,8.7
,5.36亿,,,,,53387,,韩国,,,言情剧/喜剧/青春剧/剧情/都市,,,刘济元,,,,http://www.iqiyi.com/a_19rrhbhrt1.html,,,,,,哦我的鬼神大人,,韩语,0,,0,387479,8.2,,,,,,,,29753,,,8.8
,2.17亿,,,,,14695,,内地,,,言情剧/悬疑剧/家庭剧/都市,,,高先明,,,,http://www.iqiyi.com/a_19rrhai6k9.html,,,,,,情谜睡美人,,国语,,,,28022,3,,,,,,,,323,,,6.6
,2.62亿,,,,,11281,,内地,,,年代剧/军旅剧/剧情,,,孙小光,,,,http://www.iqiyi.com/a_19rrhc0w6t.html,,,,,,铁血武工队,,国语,,,,57685,4.7,,,,,,,,97,,,8.4
,2.51亿,,,,,13509,,内地,,,历史剧/古装剧/悬疑剧/罪案剧,,,钱雁秋,,,,http://www.iqiyi.com/a_19rrk6yyt5.html,,,,,,神探狄仁杰第一部,,27集全,,,,84536,,,,,,,,,,,,8.6
,2.39亿,,,,,155313,,内地,,,古装剧/神话剧/剧情,,,江天/陈咏歌,,,,http://www.iqiyi.com/a_19rrj5p70x.html,,,,,,欢天喜地七仙女,,38集全,,,,1429282,5.7,,,,,,,,5430,,,9.0
,18.55亿,3.391304347826087,,,,136287,,内地,东方卫视CSM50城,,言情剧/偶像剧/喜剧/青春剧/家庭剧/都市,,,姚晓峰,,,,http://www.iqiyi.com/a_19rrhaywod.html,,,,,,虎妈猫爸,,国语,1.3198333333333332,1.826086956521739,0.8205416666666668,675720,6.9,3.869173913043478,,天津卫视CSM50城,,,,,13301,2.3980434782608695,,8.3
,3.12亿,,,,,51131,,内地,,,科幻剧/喜剧/青春剧/剧情/网络剧,,,李泽露,,,,http://www.iqiyi.com/a_19rrh9q7a1.html,,,,,,我不是妖怪,,国语,,,,268949,6.7,,,,,,,,847,,,8.4
,3.87亿,,,,,237269,,内地,,,喜剧/青春剧/家庭剧,,,林丛,,,,http://www.iqiyi.com/a_19rrj6rvel.html,,,,,,家有儿女 第二部,,100集全,,,,2463815,,,,,,,,,,,,9.1
,2.34亿,,,,,51842,,内地,,,言情剧/偶像剧/青春剧,,,张孝正,,,,http://www.iqiyi.com/a_19rrgig0kt.html,,,,,,涛女郎,,国语,1.069608695652174,2.090909090909091,,174510,3.3,,,,,,,,166,,,7.7
,29.22亿,,,,,251360,,内地,,,古装剧/偶像剧,,,鞠觉亮,,,,http://www.iqiyi.com/a_19rrhbd4i9.html,,,,,,幻城,,国语,,,,1553251,3,,,,,,,,17012,,,8.6
,6.53亿,,,,,53477,,内地,,,言情剧/古装剧/神话剧/剧情,,,黄祖权/蓝志伟/麦炳华/谭朗昌,,,,http://www.iqiyi.com/a_19rrhb2ipl.html,,,,,,聊斋新编,,国语,,,,189136,5.3,,,,,,,,755,,,7.8
,10.36亿,,,,,38051,,内地,,,军旅剧,,,谷诗阳,,,,http://www.iqiyi.com/a_19rrh9wb2d.html,,,,,,寒山令,,国语,,,,82609,5.3,,,,,,,,77,,,6.8
,7.85亿,,,,,86117,,内地,,,言情剧/农村剧/家庭剧,,,王梓,,,,http://www.iqiyi.com/a_19rrhbahb5.html,,,,,,俺娘田小草,,国语,,,,197705,3.4,,,,,,,,435,,,7.0
,1.85亿,,,,,11306,,内地,,,言情剧/武侠剧/剧情,,,邓衍成/梁欣全,,,,http://www.iqiyi.com/a_19rrgierkx.html,,,,,,天下第一,,国语,,,,92590,7.3,,,,,,,,15571,,,8.9
,2.72亿,,,,,14697,,内地,《大年初一立春》天津卫视GSM52城收视,,喜剧/家庭剧/都市,,,韩兆,,,,http://www.iqiyi.com/a_19rrhadrld.html,,,,,,大年初一立春,,国语,0.5245555555555556,9.61111111111111,,59762,5,1.4036666666666668,,,,,,,105,,,8.0
,16.86亿,1.0769230769230769,,,,64296,,内地,,,古装剧/偶像剧/神话剧/青春剧,,,黄建勋/苏沅峰,,,,http://www.iqiyi.com/a_19rrg5m185.html,,,,,,天天有喜,,,3.8865000000000003,1.0,1.5368249999999999,621108,3.5,12.48125,,,,,,,2095,4.486750000000001,,9.1
,20.17亿,,,,,163836,,内地,,,言情剧/偶像剧/青春剧/都市,,,张思麟,,,,http://www.iqiyi.com/a_19rrhb8fjp.html,,,,,,那年青春我们正好,,国语,,,,709159,4.7,,,,,,,,9409,,,8.1
,34.01亿,,,,,276720,,内地,,,历史剧/年代剧,,,郭靖宇,,,,http://www.iqiyi.com/a_19rrhbc5yl.html,,,,,,大秧歌,,国语,,,,1049799,4.9,,,,,,,,2796,,,7.9
,2.62亿,,,,,490558,,内地,,,言情剧/剧情/都市,,,李文岐,,,,http://www.iqiyi.com/a_19rrj6v1m1.html,,,,,,李小龙传奇,,国语,,,,4217329,6.5,,,,,,,,2660,,,9.0
,2.22亿,,,,,5224,,内地,,,古装剧/喜剧/宫廷剧,,,张国立/罗长安,,,,http://www.iqiyi.com/a_19rrj5qeg1.html,,,,,,铁齿铜牙纪晓岚第四部,,国语,,,,199479,,,,,,,,,,,,9.7
,13.64亿,1.0,,,,187389,,内地,,,言情剧/年代剧/偶像剧/剧情,,,林合隆,,,,http://www.iqiyi.com/a_19rrhbze5h.html,,,,,,锦绣缘华丽冒险,,国语,1.9085416666666664,1.0,3.4119047619047613,1061837,4.6,5.342333333333333,,,,,,,4221,9.762380952380951,,8.5
,3.53亿,,,,,5279,,内地,,,偶像剧/军旅剧,,,林建中,,,,http://www.iqiyi.com/a_19rrk4nrux.html,,,,,,向着炮火前进,,,,,,28751,4.3,,,,,,,,929,,,8.4
,8954万,,,,,5324,,内地,,,农村剧/青春剧/家庭剧,,,乌兰塔娜,,,,http://www.iqiyi.com/a_19rrj6wii5.html,,,,,,暖春,,26集全,,,,443930,7.9,,,,,,,,20640,,,9.9
,23.48亿,3.1923076923076925,,,,143453,,内地,"东方卫视CSM52城收视
率",,言情剧/古装剧/偶像剧/宫廷剧/剧情,,,李国立/郑伟文,,,,http://www.iqiyi.com/a_19rrhc496p.html,,,,,,女医明妃传,,国语,1.2970000000000002,1.8461538461538463,1.1671481481481483,824857,6.1,3.40062962962963,,江苏卫视CSM52城收视率,,,,,19285,3.065222222222222,,8.5
,9.40亿,,,,,165688,,内地,,,言情剧/古装剧/偶像剧/青春剧,,,黄祖权,,,,http://www.iqiyi.com/a_19rrgjdll1.html,,,,,,金玉良缘,,国语,,,,1217393,6.9,,,,,,,,16774,,,8.8
,7.37亿,1.0,,,,161703,,内地,,,偶像剧/剧情/都市,,,王小列,,,,http://www.iqiyi.com/a_19rrhb6mfh.html,,,,,,神犬小七,,国语,1.6389130434782606,1.2608695652173914,3.589166666666667,1747553,,4.603521739130436,,,,,,,,10.627499999999998,,9.2
,1.90亿,,,,,8759,,内地,,,古装剧/悬疑剧/罪案剧/剧情,,,阚卫平,,,,http://www.iqiyi.com/a_19rrk2u67t.html,,,,,,大宋提刑官,,52集全,,,,54718,8.7,,,,,,,,15602,,,8.6
,8.20亿,,,,,95365,,内地,,,悬疑剧/罪案剧/剧情/网络剧,,,五百,,,,http://www.iqiyi.com/a_19rrhaviyp.html,,,,,,心理罪,,国语,,,,570213,7.6,,,,,,,,13856,,,8.6
,8.72亿,,,,,30473,,内地,,,剧情,,,国建勇,,,,http://www.iqiyi.com/a_19rrh9zgah.html,,,,,,伏击,,国语,,,,65589,4.8,,,,,,,,48,,,6.8
,5.97亿,,,,,39153,,内地,,,言情剧/武侠剧/古装剧/偶像剧/宫廷剧,,,赖水清/邓衍成/谭锐铭,,,,http://www.iqiyi.com/a_19rrhc1sr9.html,,,,,,鹿鼎记韩栋版,,国语,,,,320115,,,,,,,,,,,,8.9
,6.80亿,7.296296296296297,,,,62852,,内地,北京卫视,,言情剧/农村剧/剧情,,,毛卫宁,,,,http://www.iqiyi.com/a_19rrhc1qy5.html,,,,,,平凡的世界,,国语,0.684607142857143,6.25,0.6551851851851851,327393,8.1,,,东方卫视,,,,,12466,,,8.4
,1.96亿,,,,,26172,,内地,,,年代剧/悬疑剧/谍战剧,,,钱雁秋,,,,http://www.iqiyi.com/a_19rrgi95ux.html,,,,,,大漠枪神,,国语,,,,131369,4.4,,,,,,,,220,,,8.3
,7.77亿,1.0,,,,61733,,内地,csm48城收视率,,言情剧/偶像剧/家庭剧,,,张哲书,,,,http://www.iqiyi.com/a_19rrgia9zd.html,,,,,,妻子的秘密,,国语,1.0819583333333334,2.608695652173913,2.170416666666666,355732,4.7,3.0288749999999993,,全国网收视率,,,,,1157,6.366249999999998,,8.5
,2.04亿,,,,,8183,,内地,,,历史剧/谍战剧/军旅剧,,,孙小光,,,,http://www.iqiyi.com/a_19rrgjc6rp.html,,,,,,战火兵魂,,国语,,,,40688,,,,,,,,,,,,8.3
,15.92亿,,,,,142415,,内地,,,言情剧/家庭剧/都市,,,徐辅军/周家文,,,,http://www.iqiyi.com/a_19rrhb0om5.html,,,,,,妻子的谎言,,国语,1.644096774193548,1.032258064516129,,717740,4.2,4.758677419354838,,,,,,,1285,,,8.3
,4.43亿,,,,,25381,,内地,,,历史剧/古装剧/悬疑剧/罪案剧,,,钱雁秋,,,,http://www.iqiyi.com/a_19rrk7444x.html,,,,,,神探狄仁杰第二部,,40集全,,,,186464,,,,,,,,,,,,8.8
,11.13亿,10.083333333333334,,,,95529,,内地,深圳卫视CSM50城收视,,偶像剧/家庭剧,,,沈怡,,,,http://www.iqiyi.com/a_19rrhb8xrd.html,,,,,,幸福归来,,国语,0.8116249999999999,7.083333333333333,0.6354583333333333,407927,4,2.145625,,江西卫视CSM50城收视,,,,,319,1.6715833333333334,,8.1
,3.02亿,,,,,10304,,内地,,,历史剧/古装剧/宫廷剧,,,冯小宁,,,,http://www.iqiyi.com/a_19rrk57bhl.html,,,,,,朱元璋,,46集全,,,,40085,7.6,,,,,,,,821,,,8.0
,2.11亿,,,,,30333,,内地,,,武侠剧/古装剧/剧情,,,胡明凯,,,,http://www.iqiyi.com/a_19rrj5onv5.html,,,,,,隋唐英雄传,,国语,,,,205058,7.4,,,,,,,,4727,,,8.7
,6.19亿,9.666666666666666,,,,87147,,内地,,,言情剧/偶像剧/喜剧/青春剧,16.0,,蒋家骏,,,,http://www.iqiyi.com/a_19rrgiigpp.html,,0.3746666666666666,,,,爱情回来了,,国语,0.5359285714285714,9.642857142857142,0.5184,941723,6.7,,,,,,,,3020,,,9.2
,3.04亿,,,,,52438,,内地,,,偶像剧/喜剧/都市/网络剧,,,张修诚,,,,http://www.iqiyi.com/a_19rrhav5u5.html,,,,,,校花的贴身高手3,,国语,,,,291105,4.3,,,,,,,,51,,,8.5
,2.00亿,,,,,75859,,内地,,,言情剧/偶像剧/都市/网络剧,,,欧阳奋强,,,,http://www.iqiyi.com/a_19rrh9rnop.html,,,,,,我的蠢萌老公,,国语,,,,170495,5.8,,,,,,,,285,,,6.9
,11.27亿,,,,,39931,,内地,,,军旅剧,,,于震/耿明吉,,,,http://www.iqiyi.com/a_19rrh9xdbt.html,,,,,,不可能完成的任务,,国语,,,,95361,5.1,,,,,,,,502,,,7.0
,5.36亿,,,,,12236,,内地,,,言情剧/军旅剧,,,余明生,,,,http://www.iqiyi.com/a_19rrjpha8l.html,,,,,,箭在弦上,,,,,,75553,5.1,,,,,,,,1214,,,8.6
,3.16亿,1.0303030303030303,,,,141834,,内地,,,言情剧/偶像剧/青春剧/都市,,,曾丽珍,,,,http://www.iqiyi.com/a_19rrifssl2.html,,,,,,最美的时光,,,1.3715294117647059,1.0303030303030303,2.4281818181818187,664387,6.7,3.7138823529411766,,,,,,,12937,6.549393939393938,,8.2
,2.91亿,,,,,27252,,内地,,,武侠剧/古装剧/罪案剧,,,刘立立,,,,http://www.iqiyi.com/a_19rrj6vgq5.html,,,,,,新包青天,,国语,,,,146314,6.8,,,,,,,,953,,,8.4
,4.95亿,,,,,528586,,内地,,,喜剧/青春剧/家庭剧,,,林丛,,,,http://www.iqiyi.com/a_19rrj6rl8l.html,,,,,,家有儿女 第一部,,100集全,,,,4226541,,,,,,,,,,,,8.9
,3.58亿,,,,,46807,,内地,,,言情剧/农村剧/喜剧/家庭剧,,,孟令宇,,,,http://www.iqiyi.com/a_19rrhbvwn1.html,,,,,,收获的季节,,国语,,,,182651,6.5,,,,,,,,187,,,8.0
,26.25亿,,,,,179535,,内地,CSM52城市网收视率,,言情剧/历史剧/古装剧/偶像剧,,,袁英明/程力栋/国建勇,,,,http://www.iqiyi.com/a_19rrhb0u3t.html,,,,,,武神赵子龙,,国语,1.1129285714285715,2.2142857142857144,,1038075,3.3,3.195,,,,,,,3723,,,8.5
,2.80亿,,,,,32143,,内地,,,古装剧/悬疑剧/网络剧,,,杨东亮,,,,http://www.iqiyi.com/a_19rrha0d01.html,,,,,,妖出长安,,,,,,69758,5.3,,,,,,,,1236,,,6.8
,5.92亿,,,,,102381,,内地,,,言情剧/偶像剧/青春剧/剧情/网络剧,,,郑军,,,,http://www.iqiyi.com/a_19rrhax8et.html,,,,,,白衣校花与大长腿2,,国语,,,,412260,3.9,,,,,,,,109,,,8.0
,1041万,,,,,3636,,台湾,,,喜剧/青春剧/家庭剧/剧情/网络剧,,,张钦,,,,http://www.iqiyi.com/a_19rrginwxt.html,,,,,,樱桃小丸子（真人版）,,国语,,,,4742,,,,,,,,,,,,5.7
,1.96亿,,,,,10605,,内地,,,历史剧/谍战剧/军旅剧,,,赵浚凯,,,,http://www.iqiyi.com/a_19rrhc4539.html,,,,,,狙击部队,,国语,,,,38087,4.4,,,,,,,,68,,,7.8
,1.17亿,,,,,17352,,内地,,,历史剧/古装剧/宫廷剧,,,陈家林,,,,http://www.iqiyi.com/a_19rrifs6we.html,,,,,,武则天刘晓庆版,,30集全,,,,54204,,,,,,,,,,,,7.6
,1.64亿,,,,,7514,,内地,,,言情剧/偶像剧/青春剧,,,宋洋,,,,http://www.iqiyi.com/a_19rrgj9uh5.html,,,,,,闪亮爱,,国语,,,,28401,,,,,,,,,,,,7.9
,4.20亿,,,,,36372,,内地,,,年代剧/农村剧/家庭剧,,,刘家成,,,,http://www.iqiyi.com/a_19rrhb0xzp.html,,,,,,我的二哥二嫂,,国语,,,,85109,7.5,,,,,,,,1272,,,7.0
,2.08亿,,,,,9972,,内地,,,历史剧/年代剧/家庭剧,,,郭宝昌,,,,http://www.iqiyi.com/a_19rrk57msh.html,,,,,,大宅门,,40集全,,,,30626,9.2,,,,,,,,47413,,,7.5
,3792万,,,,,4891,,内地,,,历史剧/年代剧/家庭剧,,,郭宝昌,,,,http://www.iqiyi.com/a_19rrhbzvfl.html,,,,,,大宅门续,,国语,,,,10067,,,,,,,,,,,,6.7
,3.48亿,,,,,52032,,内地,,,年代剧/军旅剧/剧情,,,国建勇/曾晓欣,,,,http://www.iqiyi.com/a_19rrgico1p.html,,,,,,飞哥大英雄,,国语,,,,173063,5.8,,,,,,,,196,,,7.7
,2.82亿,13.0,,,,25172,,内地,辽宁卫视,,言情剧/年代剧/剧情,14.31578947368421,,张汉杰,,,,http://www.iqiyi.com/a_19rrhc2u5x.html,,0.41136842105263155,,,,花火花红,,国语,0.49861111111111117,10.38888888888889,0.44815789473684214,59691,,1.3166666666666669,广东卫视,河北卫视,,1.083684210526316,,,,1.1878947368421053,,7.0
,5.58亿,,,,,21386,,内地,,,剧情,,,谭俏/高峰,,,,http://www.iqiyi.com/a_19rrhal739.html,,,,,,猎刃,,国语,,,,45323,3.7,,,,,,,,62,,,6.8
,13.07亿,,,,,164610,,内地,,,年代剧/军旅剧/剧情,,,郭靖宇,,,,http://www.iqiyi.com/a_19rrhbvx9h.html,,,,,,勇敢的心,,国语,,,,659799,8.8,,,,,,,,277776,,,8.0
,3.96亿,,,,,27127,,内地,,,悬疑剧/谍战剧/军旅剧/剧情,,,刘进,,,,http://www.iqiyi.com/a_19rrk22q4t.html,,,,,,悬崖,,国语,,,,96466,8.1,,,,,,,,7894,,,7.8
,15.70亿,,,,,82762,,内地,,,军旅剧/剧情,,,尤小刚,,,,http://www.iqiyi.com/a_19rrhb56rx.html,,,,,,反恐特战队,,国语,0.9107500000000002,4.55,,430869,,2.4221500000000002,,,,,,,,,,8.4
,3.23亿,,,,,31528,,内地,,,年代剧/军旅剧/剧情,,,张健,,,,http://www.iqiyi.com/a_19rrhc0kld.html,,,,,,雪豹坚强岁月,,国语,,,,225377,5.9,,,,,,,,735,,,8.8
,5.97亿,,,,,51283,,内地,,,军旅剧/剧情,,,白涛,,,,http://www.iqiyi.com/a_19rrhbhqtt.html,,,,,,嫂子嫂子,,国语,,,,118632,,,,,,,,,,,,7.0
,2.44亿,,,,,24425,,内地,,,青春剧/军旅剧/都市,,,刘猛,,,,http://www.iqiyi.com/a_19rrgjdqi9.html,,,,,,特种兵之火凤凰未删减版,,国语,,,,124650,,,,,,,,,,,,8.4
,18.66亿,,,,,731482,,内地,,,言情剧/穿越剧/剧情/都市/网络剧,,,邹曦,,,,http://www.iqiyi.com/a_19rrhb8bd1.html,,,,,,花千骨2015,,国语,,,,3069225,3.2,,,,,,,,558,,,8.1
,8.65亿,,,,,66801,,内地,,,言情剧/家庭剧,,,罗灿然,,,,http://www.iqiyi.com/a_19rrhab8yl.html,,,,,,搭错车,,国语,,,,360460,8.3,,,,,,,,7178,,,8.4
,18.06亿,,,上海东方卫视,,148403,,内地,北京卫视,,言情剧/年代剧/偶像剧,,,郑晓龙,,,,http://www.iqiyi.com/a_19rrhbzf1l.html,,2.1882083333333333,,,,红高粱,,国语,2.8986666666666667,,2.919541666666667,482989,7.6,,浙江卫视,山东卫视,1.8838750000000004,,,,14416,,,7.6
,4515万,,,,,5438,,内地,,,喜剧/青春剧/网络剧,,,张荣华,,,,http://www.iqiyi.com/a_19rrh90uv5.html,,,,,,拜托！别黑我！,,,,,,28762,7.5,,,,,,,,241,,,8.4
,1.47亿,,,,,10283,,内地,,,喜剧/家庭剧/剧情,,,王义明,,,,http://www.iqiyi.com/a_19rrhag1t9.html,,,,,,好运来临,,国语,0.8966999999999998,4.75,,36629,4.3,2.411,,,,,,,106,,,7.8
,5.50亿,,,,,30812,,内地,,,言情剧/古装剧,,,林添一,,,,http://www.iqiyi.com/a_19rrjzq32p.html,,,,,,薛平贵与王宝钏,,,0,1.619047619047619,,227548,0,0,,,,,,,12,,,8.8
,5.39亿,,,,,52299,,内地,,,武侠剧/古装剧/悬疑剧/宫廷剧,,,钱雁秋,,,,http://www.iqiyi.com/a_19rrj5tr9l.html,,,,,,神探狄仁杰第三部,,48集全,,,,590393,,,,,,,,,,,,9.2
,1.39亿,,,,,11571,,内地,,,言情剧/家庭剧/剧情,,,顾晶,,,,http://www.iqiyi.com/a_19rrhaj2id.html,,,,,,遥远的婚约,,国语,,,,23589,4.4,,,,,,,,300,,,6.7
,14.46亿,,,,,187994,,内地,,,言情剧/偶像剧/家庭剧,,,刘江,,,,http://www.iqiyi.com/a_19rrgj9kvh.html,,,,,,咱们结婚吧,,国语,,,,973531,6,,,,,,,,56833,,,8.4
,1.27亿,,,,,9908,,内地,,,悬疑剧/罪案剧/剧情,,,张族权/黄丹/吉桥/项海明,,,,http://www.iqiyi.com/a_19rrhb3ugl.html,,,,,,中国刑警803,,国语,,,,42551,5.4,,,,,,,,210,,,8.1
,1.90亿,,,,,10002,,内地,,,言情剧/都市,,,林妍,,,,http://www.iqiyi.com/a_19rrhbelit.html,,,,,,你好乔安,,国语,0.8399374999999999,2.533333333333333,,38286,5.7,2.6075999999999997,,,,,,,2460,,,7.9
,1.27亿,,,,,14267,,内地,,,言情剧/家庭剧/都市,,,林建中,,,,http://www.iqiyi.com/a_19rrha7jp9.html,,,,,,向着幸福前进,,国语,,,,30640,,,,,,,,,,,,6.8
,1.52亿,,,,,22965,,内地,,,言情剧/偶像剧/青春剧/剧情/都市/网络剧,,,曾丽珍,,,,http://www.iqiyi.com/a_19rrh91zid.html,,,,,,不得不爱第1季,,国语,,,,57011,,,,,,,,,,,,7.1
,4.13亿,,,,,21079,,内地,,,言情剧/农村剧,,,张惠中,,,,http://www.iqiyi.com/a_19rrha15hp.html,,,,,,九九,,国语,,,,39998,3.6,,,,,,,,99,,,6.5
,11.58亿,1.1428571428571428,,,,168900,,内地,,,武侠剧/古装剧/神话剧/剧情,,,梁辛全,,,,http://www.iqiyi.com/a_19rrhbwt35.html,,,,,,新济公活佛,,国语,2.541357142857143,1.0,1.4953571428571428,1515619,,7.198571428571428,,,,,,,,4.553642857142856,,9.0
,15.14亿,,,,,135759,,内地,,,历史剧/军旅剧/剧情,,,国建勇,,,,http://www.iqiyi.com/a_19rrhc0jcp.html,,,,,,战神,,国语,,,,508666,7.9,,,,,,,,13627,,,7.9
,590万,,,,,573,,内地,,,年代剧/家庭剧/剧情,,,姚远/张波,,,,http://www.iqiyi.com/a_19rrhb7jed.html,,,,,,女儿门,,国语,,,,1104,,,,,,,,,,,,6.6
,1.29亿,,,,,8480,,内地,,,言情剧/年代剧/偶像剧,,,李平,,,,http://www.iqiyi.com/a_19rrhaqf75.html,,,,,,情深深雨濛濛,,国语,,,,35304,7,,,,,,,,47297,,,8.1
,15.81亿,,,,,82700,,内地,,,偶像剧/军旅剧,,,刘猛,,,,http://www.iqiyi.com/a_19rrhbd5ml.html,,,,,,特种兵之霹雳火,,国语,1.1065909090909094,5.136363636363637,,487210,4.9,2.8391818181818187,,,,,,,1372,,,8.5
,10.90亿,2.85,,,,53459,,内地,北京卫视CSM52城市网收视率,,言情剧/都市,,,沈严/刘海波,,,,http://www.iqiyi.com/a_19rrh9oonl.html,,,,,,中国式关系,,国语,1.1876190476190476,1.95,1.030190476190476,157309,7.1,3.658,,东方卫视CSM52城市网收视率,,,,,7856,3.170095238095238,,7.5
,8780万,,,,,5627,,内地,,,言情剧/家庭剧,,,余中和/林宏杰,,,,http://www.iqiyi.com/a_19rrhagwb9.html,,,,,,爱人的谎言,,国语,0.8198214285714285,5.972178571428572,,18727,4.5,2.2210714285714284,,,,,,,175,,,7.7
,4.18亿,,,,,113268,,内地,,,偶像剧/喜剧/青春剧/都市/网络剧,,,张修诚,,,,http://www.iqiyi.com/a_19rrhas8gt.html,,,,,,校花的贴身高手2,,国语,,,,443046,3.5,,,,,,,,880,,,8.0
,16.45亿,,,,,171280,,内地,江苏卫视CSM50城收视率,,言情剧/年代剧/偶像剧/剧情,,,陈玉珊/马华干/周晓鹏,,,,http://www.iqiyi.com/a_19rrhax53h.html,,,,,,千金女贼,,国语,1.2311250000000002,2.869565217391304,,1113932,4.9,,,,,,,,4757,,,8.7
,34.97亿,5.041666666666667,,,,170111,,内地,东方卫视CSM52城收视,,悬疑剧/谍战剧/剧情,,,徐纪周,,,,http://www.iqiyi.com/a_19rrhbf1gp.html,,,,,,胭脂,,国语,0.8900400000000002,2.44,0.7108333333333334,809723,5.8,2.64656,,浙江卫视CSM52城收视,,,,,13660,2.120416666666667,,8.3
,4.98亿,,,,,49761,,内地,,,偶像剧/喜剧/剧情/网络剧,,,韦正,,,,http://www.iqiyi.com/a_19rrhalkwd.html,,,,,,爱情公寓外传之开心原力,,国语,,,,494658,,,,,,,,,,,,9.1
,10.30亿,,,,,98580,,内地,,,言情剧/武侠剧/古装剧/神话剧,,,王伟廷,,,,http://www.iqiyi.com/a_19rrgjbvap.html,,,,,,封神英雄榜,,国语,,,,732801,3.5,,,,,,,,2173,,,8.8
,8.48亿,,,,,1295165,,内地,,,言情剧/军旅剧/剧情,,,陈皓威,,,,http://www.iqiyi.com/a_19rrj67lfl.html,,,,,,雪豹,,40集全,,,,11804199,7.8,,,,,,,,9497,,,9.0
,37.34亿,,,,,487710,,韩国,,,言情剧/偶像剧/科幻剧/喜剧/青春剧,,,张太侑,,,,http://www.iqiyi.com/a_19rrgja8xd.html,,,,,,来自星星的你,,韩语,,1.0,,4243203,8.4,,,,,,,,133832,,,9.0
,3660万,,,,,4224,,日本,,,言情剧/偶像剧,,,熊坂出/御法川修,,,,http://www.iqiyi.com/a_19rrh94yld.html,,,,,,宠物情人,,日语,0,,0,15450,8.2,,,,,,,,2044,,,7.9
,10.27亿,,,,,45906,,内地,,,言情剧/偶像剧/青春剧,,,麦贯之,,,,http://www.iqiyi.com/a_19rrjwujdh.html,,,,,,盛夏晚晴天,,,1.859190476190476,2.736842105263158,,469872,5.8,5.168904761904762,,,,,,,3952,,,9.1
,9.06亿,,,,,151346,,韩国,,,言情剧/偶像剧/喜剧/青春剧/都市,,,权赫灿/李敏宇,,,,http://www.iqiyi.com/a_19rrhas7pd.html,,,,,,灰姑娘与四骑士,,韩语,,,,871816,5.7,,,,,,,,4417,,,8.5
,16.41亿,,,,,622699,,内地,,,言情剧/偶像剧/青春剧/剧情/网络剧,,,吴建新,,,,http://www.iqiyi.com/a_19rrhaz48t.html,,,,,,校花的贴身高手,,国语,,,,3108803,3.8,,,,,,,,623,,,8.3
,3.35亿,,,,,29677,,内地,,,言情剧/谍战剧/剧情,,,林建中/焦晓雨,,,,http://www.iqiyi.com/a_19rrk7u9bd.html,,,,,,铁血使命,,国语,,,,161623,4.1,,,,,,,,548,,,8.4
,13.40亿,1.0,,,,113136,,内地,,,言情剧/偶像剧/青春剧/都市,,,高先明,,,,http://www.iqiyi.com/a_19rrhbz2oh.html,,,,,,因为爱情有奇迹,,国语,1.6279777777777777,1.511111111111111,3.6082222222222224,428187,3.4,4.455999999999999,,,,,,,580,10.202444444444444,,7.9
,2.41亿,,,,,42385,,内地,,,剧情,,,巍子,,,,http://www.iqiyi.com/a_19rrhazxil.html,,,,,,英雄祭,,国语,,,,91434,6.4,,,,,,,,91,,,6.8
19.53846153846154,8.05亿,5.352941176470588,,陕西卫视,,97274,,内地,东方卫视,,言情剧/喜剧/家庭剧/都市,7.266666666666667,,刘进,,,,http://www.iqiyi.com/a_19rrgiagfh.html,,0.7439333333333332,,,,一仆二主,,国语,1.4507058823529406,1.0,0.851,313995,7.3,,山东卫视,深圳卫视,0.27199999999999996,,,,11703,,,7.6
,5.62亿,,,,,43461,,内地,,,言情剧/喜剧/家庭剧,,,张学松,,,,http://www.iqiyi.com/a_19rrgia3qd.html,,,,,,男人四十要出嫁,,国语,,,,149365,4.8,,,,,,,,163,,,7.7
,1.70亿,,,,,19269,,内地,,,言情剧/年代剧/家庭剧/剧情,,,李云亮,,,,http://www.iqiyi.com/a_19rrhc3kc1.html,,,,,,妇道,,国语,,,,39024,5.9,,,,,,,,235,,,6.7
,8219万,,,,,5238,,内地,,,历史剧/悬疑剧/谍战剧/剧情,,,赵青/虎子,,,,http://www.iqiyi.com/a_19rrhbzno1.html,,,,,,五号特工组,,国语,,,,28972,7.7,,,,,,,,1691,,,8.5
,13.86亿,,,,,133233,,内地,,,古装剧/偶像剧/神话剧/青春剧,,,林玉芬/高林豹/徐惠康,,,,http://www.iqiyi.com/a_19rrhb8d05.html,,,,,,青丘狐传说,,国语,,,,830565,5.3,,,,,,,,6542,,,8.6
,6.64亿,,,,,61797,,内地,,,言情剧/家庭剧/都市,,,刘雪松,,,,http://www.iqiyi.com/a_19rrhb2z11.html,,4.764705882352941,,,,下一站婚姻,,国语,0,,0.727,167533,6.6,,,,0.36000000000000004,,,,625,,,7.3
,9072万,,,,,6872,,内地,,,言情剧/偶像剧/剧情/都市/网络剧,,,曾丽珍,,,,http://www.iqiyi.com/a_19rrh94d9d.html,,,,,,不得不爱第2季,,国语,,,,17850,,,,,,,,,,,,7.2
,4.82亿,,,,,35329,,内地,,,言情剧/悬疑剧,,,花箐,,,,http://www.iqiyi.com/a_19rrhal77l.html,,,,,,狭路,,国语,,,,60266,4.7,,,,,,,,153,,,6.3
,16.74亿,,,,,114470,,内地,,,古装剧/神话剧/剧情,,,黄建勋/苏沅峰,,,,http://www.iqiyi.com/a_19rrhaare5.html,,,,,,天天有喜2之人间有爱,,国语,,,,4168594,,,,,,,,,,,,9.7
,4.19亿,,,,,23027,,内地,,,年代剧/青春剧/家庭剧/剧情,,,刘家成,,,,http://www.iqiyi.com/a_19rriftubi.html,,,,,,正阳门下,,,,,,86795,8.2,,,,,,,,3289,,,7.9
,9.44亿,,,,,84314,,内地,,,言情剧/偶像剧/悬疑剧/罪案剧/青春剧/剧情/网络剧,,,李达超/梁辛全,,,,http://www.iqiyi.com/a_19rrh9xr8p.html,,,,,,美人为馅2,,国语,,,,461259,,,,,,,,,,,,8.5
,2.35亿,,,,,11277,,内地,,,谍战剧/军旅剧/剧情,,,赵青,,,,http://www.iqiyi.com/a_19rrk02fdd.html,,,,,,五号特工组2,,,,,,45383,6.6,,,,,,,,645,,,8.0
,6.31亿,,,,,25081,,内地,,,国语,,,王德庆,,,,http://www.iqiyi.com/a_19rrha4f3l.html,,,,,,黑狐之风影,,42集全,,,,67919,4,,,,,,,,119,,,7.3
,3.73亿,,,,,31441,,内地,,,悬疑剧/罪案剧/剧情/网络剧,,,洪金泼/梁国斌,,,,http://www.iqiyi.com/a_19rrh9s4yl.html,,,,,,无间道,,国语,,,,80350,9,,,,,,,,365320,,,7.2
,4.21亿,,,,,23945,,内地,,,历史剧/古装剧/年代剧/宫廷剧,,,陈家林、刘大印,,,,http://www.iqiyi.com/a_19rrk57m5x.html,,,,,,康熙王朝,,46集全,,,,112947,9,,,,,,,,48172,,,8.3
,3.80亿,,,,,159272,,内地,,,言情剧/武侠剧/古装剧/剧情,,,赖成,,,,http://www.iqiyi.com/a_19rrj6swnt.html,,,,,,倚天屠龙记,,国语,,,,2882892,7.8,,,,,,,,31201,,,9.5
,5252万,,,,,6756,,内地,,,言情剧/偶像剧/喜剧/剧情/都市,,,赵晨阳,,,,http://www.iqiyi.com/a_19rrh92qw1.html,,,,,,漂亮的李慧珍未删减版,,国语,,,,40821,,,,,,,,,,,,8.6
,2.48亿,,,,,36586,,内地,,,偶像剧/都市/网络剧,,,张修诚,,,,http://www.iqiyi.com/a_19rrh9pand.html,,,,,,校花的贴身高手4,,国语,,,,227156,5.2,,,,,,,,46,,,8.6
,7.56亿,4.9523809523809526,,,,49559,,内地,,,言情剧/偶像剧/青春剧/都市,,,刘俊杰,,,,http://www.iqiyi.com/a_19rrhb1zzl.html,,,,,,我是杜拉拉,,国语,1.110608695652174,2.391304347826087,0.4814285714285713,203834,5.5,3.195739130434783,,,,,,,1404,1.4966666666666664,,8.0
,3.18亿,,,,,38256,,台湾,,,言情剧/偶像剧/青春剧,,,瞿友宁,,,,http://www.iqiyi.com/a_19rrhc3mhp.html,,,,,,恶作剧之吻,,国语,,,,278997,4.5,,,,,,,,556,,,8.8
,4.13亿,,,,,3566,,内地,,,言情剧/青春剧,,,刘猛,,,,http://www.iqiyi.com/a_19rrk3xs6h.html,,,,,,我是特种兵,,25集全,,,,448911,7.6,,,,,,,,6330,,,9.9
,2.34亿,,,,,47703,,内地,,,言情剧/家庭剧/都市,,,张自强,,,,http://www.iqiyi.com/a_19rrhb5j0p.html,,,,,,妈妈向前冲,,国语,,,,103850,4.2,,,,,,,,253,,,6.9
,13.26亿,,,,,108614,,内地,,,谍战剧/军旅剧/剧情,,,张国庆,,,,http://www.iqiyi.com/a_19rrk60bih.html,,,,,,火蓝刀锋,,,,,,823456,,,,,,,,,,,,8.8
,10.22亿,,,,,108091,,内地,,,言情剧/偶像剧/悬疑剧/罪案剧/青春剧/剧情/网络剧,,,李达超/梁辛全,,,,http://www.iqiyi.com/a_19rrhaltkd.html,,,,,,美人为馅,,国语,,,,580187,5.7,,,,,,,,16885,,,8.4
,9.69亿,,,,,124228,,内地,,,言情剧/青春剧/剧情,,,袁晓满,,,,http://www.iqiyi.com/a_19rrhaodrt.html,,,,,,神犬小七第二季,,国语,,,,1010270,,,,,,,,,,,,8.9
,2.77亿,,,,,16278,,内地,,,言情剧/剧情,,,王义明,,,,http://www.iqiyi.com/a_19rrhaq4o9.html,,,,,,遥远的距离,,国语,,,,30247,4.1,,,,,,,,416,,,6.5
,4.59亿,,,,,17322,,内地,江苏卫视CSM52城收视,,喜剧/家庭剧,,,白杨,,,,http://www.iqiyi.com/a_19rrhajb0h.html,,,,,,老公们的私房钱,,国语,1.15096,2.375,,50231,5.3,3.3508,,,,,,,359,,,7.4
,3.17亿,,,,,11914,,内地,央视一套CSM52城收视,,古装剧/宫廷剧,,,吴子牛,,,,http://www.iqiyi.com/a_19rrh91l69.html,,,,,,于成龙,,国语,1.2870000000000001,2.0588235294117645,,54040,6.8,4.14764705882353,,,,,,,2564,,,8.2
,3.60亿,,,,,32352,,内地,,,武侠剧/古装剧/青春剧/剧情/网络剧,,,五百/王伟,,,,http://www.iqiyi.com/a_19rrha11ch.html,,,,,,画江湖之不良人2,,国语,,,,150809,6.2,,,,,,,,2249,,,8.2
,18.04亿,,,,,187481,,内地,,,青春剧/军旅剧/都市,,,刘猛,,,,http://www.iqiyi.com/a_19rrgjbgx1.html,,,,,,特种兵之火凤凰,,国语,3.4059615384615394,1.5,,1377399,5.2,,,,,,,,3462,,,8.8
,13.51亿,1.0769230769230769,,,,135038,,内地,CSM52城收视率,,言情剧/偶像剧/青春剧/都市,,,袁晓满,,,,http://www.iqiyi.com/a_19rrhbevjp.html,,,,,,麻辣变形计,,国语,1.1423461538461537,1.8846153846153846,2.341538461538461,1027392,,3.435923076923077,,全国网收视率,,,,,,7.524615384615386,,8.8
,13.62亿,,,,,92523,,内地,,,偶像剧/谍战剧/青春剧,,,安建,,,,http://www.iqiyi.com/a_19rrhaniyh.html,,,,,,解密,,国语,,,,452038,4.7,,,,,,,,4456,,,8.3
,11.10亿,7.305555555555555,,,,145072,,内地,安徽卫视,,武侠剧/古装剧/神话剧/剧情,,,杨健武,,,,http://www.iqiyi.com/a_19rrhc1qpt.html,,,,,,封神英雄,,国语,0.6192571428571428,7.294117647058823,0.603108108108108,881026,3.4,,,深圳卫视,,,,,501,,,8.6
,13.70亿,,,,,831658,,内地,,,言情剧/喜剧/青春剧/家庭剧,,,韦正,,,,http://www.iqiyi.com/a_19rrjaf9kd.html,,,,,,爱情公寓2,,20集全,,,,12398772,8.3,,,,,,,,58643,,,9.4
,18.83亿,,,,,186678,,内地,,,偶像剧/悬疑剧/科幻剧/青春剧/网络剧,,,满意,,,,http://www.iqiyi.com/a_19rrgi8d91.html,,,,,,灵魂摆渡,,国语,,,,1230002,8.1,,,,,,,,18418,,,8.7
,39.86亿,2.8821666666666665,,,,203121,,内地,浙江卫视CSM52城收视情况,,言情剧/偶像剧/剧情/都市,,,张晓波,,,,http://www.iqiyi.com/a_19rrhbgtnx.html,,,,,,好先生,,国语,1.1904166666666665,2.590375,1.1578333333333335,994487,6.6,3.522166666666667,,江苏卫视CSM52城收视情况,,,,,21106,3.415083333333334,,8.3
,30.05亿,4.875,,,,355007,,内地,江苏卫视,,言情剧/偶像剧/青春剧/都市,,,刘俊杰,,,,http://www.iqiyi.com/a_19rrhc3wk1.html,,,,,,何以笙箫默,,国语,1.233941176470588,3.0,0.955764705882353,2440785,6.5,,,东方卫视,,,,,43578,,,8.7
,24.72亿,,,,,142184,,内地,电视剧《警花与警犬》浙江卫视GSM52城收视,,罪案剧/青春剧/剧情,,,谷锦云,,,,http://www.iqiyi.com/a_19rrhanm25.html,,,,,,警花与警犬,,国语,0.96388,1.8333333333333333,,853175,5.5,3.0252,,,,,,,1495,,,8.6
,34.99亿,6.029411764705882,,,,998476,,内地,浙江卫视CSM50城收视,,言情剧/偶像剧/青春剧/都市,,,陈铭章,,,,http://www.iqiyi.com/a_19rrhaxnhl.html,,,,,,克拉恋人,,国语,1.1186571428571428,2.235294117647059,0.7121764705882353,5723747,4.2,3.2519428571428572,,安徽卫视CSM50城收视,,,,,8545,2.059514285714285,,8.5
,168万,,,,,147,,内地,,,悬疑剧,,,齐星,,,,http://www.iqiyi.com/a_19rrh94xw1.html,,,,,,破晓,,国语,,,,478,7.8,,,,,,,,56,,,7.6
,5.57亿,,,,,35447,,内地,,,喜剧/都市/网络剧,,,张轩南,,,,http://www.iqiyi.com/a_19rrhav2kx.html,,,,,,傻根进城,,国语,,,,130989,6.5,,,,,,,,122,,,7.9
,8.81亿,1.15,,,,74309,,内地,CSM50城市网收视率,,言情剧/偶像剧/都市,,,柯翰辰,,,,http://www.iqiyi.com/a_19rrhc1qo9.html,,,,,,美丽的秘密,,国语,1.265857142857143,3.5714285714285716,2.6175,593119,4.3,3.4254761904761906,,全国网收视率,,,,,2231,7.544500000000001,,8.9
,5.09亿,,,,,63601,,内地,,,言情剧/古装剧/喜剧,,,李平,,,,http://www.iqiyi.com/a_19rrhc485x.html,,,,,,新还珠格格,,国语,,,,530494,3.3,,,,,,,,11300,,,8.9
,6.15亿,,,,,43114,,内地,,,言情剧/偶像剧/悬疑剧/罪案剧/青春剧/剧情/网络剧,,,李达超/梁辛全,,,,http://www.iqiyi.com/a_19rrha0l85.html,,,,,,美人为馅3,,国语,,,,261862,,,,,,,,,,,,8.6
,12.11亿,,,,,67358,,内地,,,古装剧/喜剧/剧情,,,尚敬,,,,http://www.iqiyi.com/a_19rrk2hct9.html,,,,,,武林外传,,国语,,,,880610,9.2,,,,,,,,95983,,,9.3
,8.59亿,,,,,214187,,内地,,,年代剧/军旅剧/剧情,,,张前/陈健,,,,http://www.iqiyi.com/a_19rrj6sgbt.html,,,,,,亮剑,,30集全,,,,2574345,8.9,,,,,,,,37731,,,9.2
,2.88亿,,,,,11374,,内地,,,谍战剧,,,姚星星/陈卫国,,,,http://www.iqiyi.com/a_19rrh91vbt.html,,,,,,孤战,,国语,,,,21179,5.4,,,,,,,,187,,,6.5
,16.04亿,1.0,,,,90470,,内地,CSM52城市网收视率,,言情剧/家庭剧/剧情/都市,,,刘俊杰,,,,http://www.iqiyi.com/a_19rrhbbked.html,,,,,,因为爱情有幸福,,国语,0.9611282051282052,3.6666666666666665,1.6110256410256407,637782,6.3,,,全国网收视率,,,,,3072,,,8.8
,24.29亿,1.0,,,,224131,,内地,"CSM50城收视
率",,年代剧/悬疑剧/谍战剧/剧情,,,李雪,,,,http://www.iqiyi.com/a_19rrhawpl5.html,,,,,,伪装者,,国语,1.8779310344827584,1.0344827586206897,2.186551724137931,1723975,8.3,5.477448275862068,,全国网收视率,,,,,66452,6.731379310344827,,8.8
,24.72亿,0,,,,90264,,内地,,,罪案剧/军旅剧/剧情,,,刘猛,,,,http://www.iqiyi.com/a_19rrhazgih.html,,,,,,特警力量,,国语,1.4040322580645164,1.3,0,768128,5.1,4.220129032258065,,,,,,,999,0,,8.9
,56.95亿,3.0930416666666667,,,,316056,,内地,浙江卫视CSM52城收视情况,,言情剧/剧情/都市,,,孔笙/简川訸,,,,http://www.iqiyi.com/a_19rrhagj55.html,,,,,,欢乐颂,,国语,0.9823333333333334,4.87425,1.2332500000000002,1838262,7.3,2.7720833333333332,,东方卫视CSM52城收视情况,,,,,84626,3.4540416666666673,,8.5
,74.54亿,,,,,213908,,内地,,,言情剧/古装剧,,,林玉芬,,,,http://www.iqiyi.com/a_19rrharlvd.html,,,,,,三生三世十里桃花,,国语,,,,1383846,6.2,,,,,,,,53806,,,8.7
,3.75亿,,,,,15605,,内地,,,年代剧,,,卢伦常,,,,http://www.iqiyi.com/a_19rrh91u5d.html,,,,,,乱世丽人行,,国语,,,,44502,,,,,,,,,,,,7.4
,28.74亿,,,,,549583,,内地,,,言情剧/偶像剧/喜剧/青春剧,,,刘俊杰,,,,http://www.iqiyi.com/a_19rrgie1z9.html,,,,,,杉杉来了,,国语,,,,4099430,7,,,,,,,,16860,,,8.8
,7.49亿,,,,,61458,,内地,,,农村剧/剧情,,,习辛,,,,http://www.iqiyi.com/a_19rrhamsox.html,,,,,,三妹,,国语,,,,99223,3.2,,,,,,,,481,,,6.2
,19.44亿,,,,,270250,,内地,,,言情剧/武侠剧/古装剧/偶像剧,,,李慧珠,,,,http://www.iqiyi.com/a_19rrhc3795.html,,,,,,神雕侠侣,,国语,,,,1867163,,,,,,,,,,,,8.7
,10.24亿,,,,,96034,,内地,,,悬疑剧/剧情/网络剧,,,巨兴茂,,,,http://www.iqiyi.com/a_19rrhaqtp1.html,,,,,,灵魂摆渡3,,国语,,,,706147,7.8,,,,,,,,9249,,,8.8
,5.92亿,,,,,72845,,韩国,,,言情剧/偶像剧/喜剧/剧情,,,申元浩,,,,http://www.iqiyi.com/a_19rrhbhrod.html,,,,,,请回答1988,,韩语,0,,,560859,9.5,,,,,,,,118166,,,8.9
,51.63亿,,,,,314998,,内地,,,历史剧/古装剧/偶像剧/宫廷剧,,,孔笙/李雪,,,,http://www.iqiyi.com/a_19rrhc0u75.html,,,,,,琅琊榜,,国语,,,,3920605,9.2,,,,,,,,177803,,,9.3
,84.64亿,,,,,375704,,内地,,,言情剧/古装剧/宫廷剧,,,李慧珠,,,,http://www.iqiyi.com/a_19rrhbft05.html,,,,,,锦绣未央,,国语,,,,2027526,4.8,,,,,,,,25022,,,8.4
,3.82亿,,,,,19067,,内地,,,言情剧/农村剧,,,王梓,,,,http://www.iqiyi.com/a_19rrha4mt9.html,,,,,,小草青青,,国语,,,,37540,3.2,,,,,,,,317,,,6.6
,17.53亿,,,,,96699,,内地,,,言情剧/偶像剧/青春剧,,,陈铭章,,,,http://www.iqiyi.com/a_19rrhc2kzt.html,,,,,,遇见爱情的利先生,,国语,,,,466666,4,,,,,,,,4481,,,8.3
,42.23亿,,,,,1327502,,内地,,,偶像剧/悬疑剧/剧情/网络剧,,,郑保瑞/罗永昌,,,,http://www.iqiyi.com/a_19rrhbyt65.html,,,,,,盗墓笔记,,国语,,,,6331308,4.7,,,,,,,,118406,,,8.3
,15.46亿,,,,,53794,,内地,,,言情剧/都市,,,袁英明/朱少杰,,,,http://www.iqiyi.com/a_19rrha36e1.html,,,,,,守护丽人,,国语,1.2215999999999998,1.56,,234709,5.2,3.5248000000000004,,,,,,,4594,,,8.1
,117.65亿,,,,,1208418,,内地,CSM52城市网收视率,,偶像剧/悬疑剧/剧情/网络剧,,,梁胜权,,,,http://www.iqiyi.com/a_19rrhbeaxt.html,,,,,,老九门,,国语,0.9410416666666669,1.2916666666666667,,6036842,5.6,4.713500000000001,,,,,,,30266,,,8.3
,1141万,,,,,1305,,内地,,,言情剧/偶像剧/剧情,,,卫翰韬,,,,http://www.iqiyi.com/a_19rrh984nt.html,,,,,,那片星空那片海未删减版,,国语,,,,9671,,,,,,,,,,,,8.8
,850万,,,,,722,,内地,,,言情剧/家庭剧/都市,,,王为,,,,http://www.iqiyi.com/a_19rrh96vxx.html,,,,,,周末父母未删减版,,国语,,,,3556,,,,,,,,,,,,8.3
,3.07亿,,,,,12954,,内地,,,言情剧/喜剧/家庭剧/都市,,,侯明杰,,,,http://www.iqiyi.com/a_19rrh957g9.html,,,,,,淘气爷孙,,国语,,,,62696,6.5,,,,,,,,286,,,8.3
,5216万,,,,,3585,,内地,,,言情剧/家庭剧/都市,,,罗灿然,,,,http://www.iqiyi.com/a_19rrh98bgh.html,,,,,,妈妈向前冲冲冲,,国语,,,,9865,3,,,,,,,,72,,,7.3
,56.31亿,4.333333333333333,,,,1291009,,内地,,,偶像剧/喜剧/青春剧/都市,,,韦正,,,,http://www.iqiyi.com/a_19rrifrm2n.html,,,,,,爱情公寓4,,国语,1.2192307692307691,2.5,1.0657142857142858,10677527,7.4,3.296923076923077,,,,,,,40838,3.0800000000000005,,8.9
,28.30亿,,,,,161180,,内地,,,言情剧/偶像剧/喜剧/青春剧/都市,,,赵晨阳,,,,http://www.iqiyi.com/a_19rrh91ifx.html,,,,,,漂亮的李慧珍,,国语,,,,1119860,4.7,,,,,,,,9605,,,8.7
,2.87亿,,,,,9769,,内地,,,言情剧/农村剧/喜剧/家庭剧,,,韩兆,,,,http://www.iqiyi.com/a_19rrh94yi9.html,,,,,,双喜盈门,,国语,,,,33434,5.6,,,,,,,,194,,,7.7
,4.22亿,,,,,15602,,内地,,,,,,陈晓雷/寇占文,,,,http://www.iqiyi.com/a_19rrh94xuh.html,,,,,,战火中的兄弟,,国语,,,,30091,3.6,,,,,,,,82,,,6.6
,6.43亿,,,,,76334,,内地,,,言情剧/古装剧/偶像剧/穿越剧/剧情/网络剧,,,高林豹,,,,http://www.iqiyi.com/a_19rrh9urbl.html,,,,,,寻找前世之旅,,国语,,,,513860,5.2,,,,,,,,2726,,,8.7
,1.71亿,,,,,6811,,内地,,,历史剧/古装剧,,,丁黑,,,,http://www.iqiyi.com/a_19rrh9mtlp.html,,,,,,大秦帝国之崛起,,国语,,,,27703,8.7,,,,,,,,13138,,,8.0
,1.56亿,,,,,12150,,内地,,,言情剧/偶像剧/青春剧/剧情/都市,,,李慧珠/邓伟恩/李文龙/陈家霖,,,,http://www.iqiyi.com/a_19rrhbezdh.html,,,,,,云巅之上第1季,,国语,,,,80776,,,,,,,,,,,,8.7
,5.67亿,1.0,,,,44253,,内地,CSM52城市网收视率,,言情剧/偶像剧/剧情,,,卫翰韬,,,,http://www.iqiyi.com/a_19rrhana69.html,,,,,,那片星空那片海,,国语,0.7617999999999998,1.2857142857142858,0.9666666666666668,271497,3.5,4.499300000000001,,全国网收视率,,,,,983,6.488333333333332,,8.6
,1.54亿,,,,,13074,,内地,,,言情剧/穿越剧/青春剧/网络剧,,,高林豹,,,,http://www.iqiyi.com/a_19rrh97pl5.html,,,,,,寻找前世之旅2,,国语,,,,88323,5.9,,,,,,,,148,,,8.7
,8.45亿,,,,,44803,,内地,,,言情剧/偶像剧/青春剧/都市,,,王连平,,,,http://www.iqiyi.com/a_19rrh957dh.html,,,,,,爱来的刚好,,国语,,,,143101,,,,,,,,,,,,7.6
,2.07亿,,,,,17705,,内地,,,言情剧/家庭剧,,,王为,,,,http://www.iqiyi.com/a_19rrhap1r5.html,,,,,,周末父母,,国语,,,,56060,5.2,,,,,,,,1810,,,7.6
,22.21亿,,,,,170788,,内地,东方卫视CSM52城收视,,言情剧/武侠剧/古装剧,,,蒋家骏,,,,http://www.iqiyi.com/a_19rrhatc1p.html,,,,,,射雕英雄传,,国语,0.5573846153846154,,,573556,8.1,2.970461538461538,,,,,,,27211,,,7.7
,1.96亿,,,,,12989,,内地,,,古装剧/宫廷剧/剧情,,,石零/张子恩,,,,http://www.iqiyi.com/a_19rrj5yac9.html,,,,,,宰相刘罗锅,,国语,,,,90252,8,,,,,,,,29675,,,8.7
,2.07亿,,,,,163981,,内地,,,喜剧/青春剧/家庭剧,,,林丛,,,,http://www.iqiyi.com/a_19rrj6rlih.html,,,,,,家有儿女 第三部,,100集全,,,,1084253,,,,,,,,,,,,8.7
,1.12亿,,,,,24784,,内地,,,言情剧/偶像剧/都市,,,柯翰辰,,,,http://www.iqiyi.com/a_19rrhbgic9.html,,,,,,美丽的秘密未删减版,,国语,,,,75170,,,,,,,,,,,,7.5
,2.06亿,,,,,642351,,内地,,,年代剧/家庭剧/剧情,,,陈朱煌,,,,http://www.iqiyi.com/a_19rrk3olch.html,,,,,,天涯赤子心,,38集全,,,,8312942,,,,,,,,,,,,9.3
,5.40亿,,,,,33772,,内地,,,言情剧/古装剧/偶像剧/神话剧,,,吴锦源/陈国华/黄锦田/陈俊,,,,http://www.iqiyi.com/a_19rrgcpnmp.html,,,,,,追鱼传奇,,国语,,,,255068,5.9,,,,,,,,1538,,,8.8
,4.29亿,2.6666666666666665,,,,39697,,内地,,,历史剧/军旅剧/剧情,,,侯明杰,,,,http://www.iqiyi.com/a_19rrhc0jpp.html,,,,,,我的特一营,,国语,1.0554444444444444,3.1666666666666665,1.1294444444444443,186276,6.7,2.995,,,,,,,374,3.3072222222222227,,8.2
,5123万,,,,,2180,,内地,,,罪案剧/剧情,,,穆龙,,,,http://www.iqiyi.com/a_19rrh9q67h.html,,,,,,铁腕行动,,国语,,,,4398,0,,,,,,,,4,,,6.7
,5.15亿,,,,,37779,,内地,江苏卫视,,言情剧/剧情/都市,,,刘国彤,,,,http://www.iqiyi.com/a_19rrhbzyqt.html,,,,,,第二次人生,,国语,0.8969583333333334,,,76487,3.6,,,,,,,,1530,,,6.7
,1.46亿,,,,,9231,,内地,,,喜剧/家庭剧/都市,,,郑凯南/田镇,,,,http://www.iqiyi.com/a_19rrhadsd5.html,,,,,,你是我的眼,,国语,,,,51936,0,,,,,,,,5,,,8.5
,5.08亿,,,,,48922,,内地,,,言情剧/偶像剧/青春剧/都市,,,邹集城,,,,http://www.iqiyi.com/a_19rrhbd5hd.html,,,,,,花火,,国语,,,,269009,8.5,,,,,,,,32913,,,8.5
,2.55亿,,,,,10535,,内地,电视剧《宜昌保卫战》央视八套CSM52城收视,,国语,,,齐星,,,,http://www.iqiyi.com/a_19rrh9pfpp.html,,,,,,宜昌保卫战,,35集全,128.07016666666667,2.75,,33873,6.9,4.0720833333333335,,,,,,,248,,,7.6
,1.27亿,,,,,18139,,台湾,,,武侠剧/古装剧/神话剧,,,李惠民,,,,http://www.iqiyi.com/a_19rrj6sus1.html,,,,,,风云2,,国语,,,,129001,,,,,,,,,,,,8.8
,5553万,,,,,5050,,内地,,,言情剧/偶像剧/喜剧/青春剧/家庭剧/剧情/都市,,,邵警辉,,,,http://www.iqiyi.com/a_19rrhbk2v5.html,,,,,,假如幸福来临,,国语,0.24679999999999996,19.0,,33383,5.6,0.6894666666666667,,,,,,,128,,,8.7
,7.56亿,,,,,36212,,内地,,,军旅剧/剧情,,,杜军,,,,http://www.iqiyi.com/a_19rrhafhz9.html,,,,,,铁血战狼,,国语,,,,98822,6.1,,,,,,,,43,,,7.3
,3102万,,,,,1990,,内地,,,武侠剧/古装剧/悬疑剧/喜剧,,,罗福,,,,http://www.iqiyi.com/a_19rrh9vi5h.html,,,,,,龙游天下,,国语,,,,14001,5.5,,,,,,,,1253,,,8.8
,3.23亿,,,,,14051,,内地,《闺蜜嫁到》CSM52城湖北卫视收视,,家庭剧/剧情,,,周俊伦,,,,http://www.iqiyi.com/a_19rrhas6yh.html,,,,,,闺蜜嫁到,,国语,0.36748000000000003,13.04,,39332,0,1.0495999999999999,,,,,,,42,,,7.4
,2.51亿,,,,,11317,,内地,,,古装剧/悬疑剧/剧情,,,胡明凯,,,,http://www.iqiyi.com/a_19rrj6v00p.html,,,,,,少年包青天Ⅲ,,45集全,,,,129822,,,,,,,,,,,,9.2
,1.99亿,,,,,19147,,内地,,,言情剧/偶像剧/青春剧/都市,,,刘新,,,,http://www.iqiyi.com/a_19rrhc0c61.html,,,,,,幸福三十六计,,国语,,,,103741,,,,,,,,,,,,8.4
,5.62亿,,,,,59503,,内地,,,言情剧/偶像剧/青春剧/都市,,,刘俊杰,,,,http://www.iqiyi.com/a_19rrhahnct.html,,,,,,柠檬初上,,国语,,,,181114,,,,,,,,,,,,7.5
,1573万,,,,,1265,,内地,,,言情剧/家庭剧,,,罗福,,,,http://www.iqiyi.com/a_19rrh9vik9.html,,,,,,木棉花的春天,,国语,,,,2654,5.7,,,,,,,,893,,,6.8
,505万,,,,,334,,内地,,,喜剧/都市/网络剧,,,王辉,,,,http://www.iqiyi.com/a_19rrh9aag5.html,,,,,,小饭桌的故事,,国语,,,,1088,0,,,,,,,,2,,,7.7
,7679万,,,,,6427,,内地,,,言情剧/年代剧/剧情,,,杜军,,,,http://www.iqiyi.com/a_19rrhayyip.html,,,,,,爱你一生,,国语,,,,13560,,,,,,,,,,,,6.8
,9709万,,,,,8923,,内地,,,家庭剧/剧情/都市,,,李平/华宁,,,,http://www.iqiyi.com/a_19rrhbb8i9.html,,,,,,穷孩子富孩子,,国语,,,,37928,4,,,,,,,,324,,,8.1
,1.54亿,,,,,74723,,内地,,,古装剧/悬疑剧/剧情,,,唐浩,,,,http://www.iqiyi.com/a_19rrjaa2b1.html,,,,,,包青天之七侠五义,,国语,,,,353169,,,,,,,,,,,,8.3
,2.00亿,,,,,11801,,内地,,,悬疑剧/谍战剧/剧情,,,甘露,,,,http://www.iqiyi.com/a_19rrk7wusl.html,,,,,,一触即发,,,,,,102514,5.7,,,,,,,,25308,,,9.0
,3561万,,,,,2841,,内地,,,言情剧/悬疑剧/剧情,,,穆龙/尚洪武,,,,http://www.iqiyi.com/a_19rrhbzuvl.html,,,,,,新四大名捕,,国语,,,,5593,5.2,,,,,,,,140,,,6.6
,6.49亿,,,,,55465,,内地,,,言情剧/古装剧/偶像剧/喜剧/神话剧,,,徐惠康/苏沅峯,,,,http://www.iqiyi.com/a_19rrgjdiu5.html,,,,,,土地公土地婆,,国语,,,,391008,4.5,,,,,,,,181,,,8.8
,4.19亿,,,,,19721,,内地,,,年代剧/谍战剧,,,高战/李宏宇/张磊,,,,http://www.iqiyi.com/a_19rrhbfqf1.html,,,,,,热血,,国语,,,,62213,,,,,,,,,,,,7.6
,3379万,,,,,2431,,内地,,,言情剧/偶像剧/都市,,,陈铭章,,,,http://www.iqiyi.com/a_19rrh90jut.html,,,,,,遇见爱情的利先生未删减版,,国语,,,,10458,,,,,,,,,,,,8.1
,3.04亿,,,,,1810453,,内地,,,古装剧/神话剧/穿越剧,,,蔡晶盛,,,,http://www.iqiyi.com/a_19rrjaj3hd.html,,,,,,女娲传说之灵珠,,36集全,,,,16797270,4.9,,,,,,,,2281,,,9.0
,2.44亿,,,,,26157,,内地,,,年代剧/青春剧/家庭剧,,,习辛,,,,http://www.iqiyi.com/a_19rrgj96y1.html,,,,,,二叔,,国语,,,,68776,6.5,,,,,,,,252,,,7.2
,4024万,,,,,11482,,内地,,,言情剧/武侠剧/古装剧/偶像剧/剧情,,,李慧珠,,,,http://www.iqiyi.com/a_19rrhc1yt5.html,,,,,,神雕侠侣陈晓版杨过特辑,,国语,,,,44010,,,,,,,,,,,,7.9
,9427万,,,,,10868,,内地,,,言情剧/偶像剧/青春剧/网络剧,,,凃俊光,,,,http://www.iqiyi.com/a_19rrh91yyx.html,,,,,,明星志愿2,,国语,,,,77449,,,,,,,,,,,,8.8
,2.58亿,,,,,16409,,内地,,,历史剧/古装剧/年代剧/宫廷剧,,,陈家林、刘大印,,,,http://www.iqiyi.com/a_19rrjs52kt.html,,,,,,康熙王朝50集版,,50集全,,,,72035,,,,,,,,,,,,8.1
,3.77亿,,,,,28365,,内地,,,年代剧/谍战剧/剧情,,,黄文利,,,,http://www.iqiyi.com/a_19rrhb0glp.html,,,,,,铁核桃,,国语,,,,73115,5.9,,,,,,,,159,,,7.2
,4.93亿,,,,,48879,,内地,,,武侠剧/古装剧/神话剧,,,钱雁秋/靳德茂,,,,http://www.iqiyi.com/a_19rrhawb4p.html,,,,,,石敢当之雄峙天东,,国语,,,,283261,3.5,,,,,,,,718,,,8.5
,2.46亿,,,,,14089,,内地,,,年代剧/悬疑剧/谍战剧/剧情,,,李雪,,,,http://www.iqiyi.com/a_19rrhb96l5.html,,,,,,伪装者未删减版,,国语,,,,114769,,,,,,,,,,,,8.9
,1.51亿,,,,,8452,,内地,,,谍战剧/军旅剧/剧情,,,张国庆,,,,http://www.iqiyi.com/a_19rrhc2541.html,,,,,,剿匪英雄,,国语,,,,20786,0,,,,,,,,32,,,7.1
,4.86亿,,,,,71003,,内地,,,言情剧/家庭剧/都市,,,滕文骥/王为,,,,http://www.iqiyi.com/a_19rrhb51bl.html,,,,,,二胎时代,,国语,,,,452241,7.3,,,,,,,,1342,,,8.6
,1757万,,,,,1768,,内地,,,家庭剧/剧情/都市,,,谭铭,,,,http://www.iqiyi.com/a_19rrhc343p.html,,,,,,中国式相亲,,国语,,,,3884,5.5,,,,,,,,1914,,,6.9
,4.33亿,,,,,46968,,内地,,,言情剧/年代剧/剧情,,,林添一,,,,http://www.iqiyi.com/a_19rrhb0w7x.html,,,,,,泪洒女人花,,国语,,,,104586,3.1,,,,,,,,192,,,6.9
,7.58亿,,,,,31931,,内地,,,谍战剧,,,曾辉,,,,http://www.iqiyi.com/a_19rrh9urn1.html,,,,,,锻刀,,国语,,,,78839,5,,,,,,,,207,,,7.1
,3820万,,,,,4354,,内地,,,言情剧/剧情/都市/网络剧,,,刘二威,,,,http://www.iqiyi.com/a_19rrh9yedp.html,,,,,,女人的武器,,国语,,,,60389,5.5,,,,,,,,48,,,9.3
,3.25亿,,,,,24933,,内地,,,剧情/都市,,,杨亚洲,,,,http://www.iqiyi.com/a_19rrhaxjhl.html,,,,,,嘿，老头！,,国语,,,,159445,7.8,,,,,,,,3979,,,8.6
,1.91亿,,,,,23339,,内地,,,悬疑剧/谍战剧/军旅剧/剧情,,,李森,,,,http://www.iqiyi.com/a_19rrhb8rp1.html,,,,,,刺蝶,,国语,,,,56694,2.8,,,,,,,,45,,,7.1
,25.15亿,,,,,198414,,内地,,,历史剧/武侠剧/偶像剧/剧情,,,李国立,,,,http://www.iqiyi.com/a_19rrhbaitd.html,,,,,,秦时明月,,国语,,,,1290948,4.6,,,,,,,,5897,,,8.7
,7799万,,,,,17651,,内地,,,年代剧/农村剧/谍战剧,,,徐耿,,,,http://www.iqiyi.com/a_19rrjtpi8h.html,,,,,,小兵张嘎,,20集全,,,,90128,7.8,,,,,,,,21701,,,8.4
,9840万,,,,,1704,,内地,,,历史剧/军旅剧,,,花箐,,,,http://www.iqiyi.com/a_19rrk3ya8t.html,,,,,,我的兄弟叫顺溜,,26集全,,,,10712,6.8,,,,,,,,6229,,,8.6
,1.01亿,,,,,5223,,内地,,,历史剧/军旅剧,,,高希希,,,,http://www.iqiyi.com/a_19rrk30cf5.html,,,,,,狙击手,,25集全,,,,10875,7.6,,,,,,,,465,,,6.8
,5.47亿,,,,,26470,,内地,,,武侠剧/古装剧/喜剧,,,王勇/宁财神,,,,http://www.iqiyi.com/a_19rrift3bg.html,,,,,,龙门镖局,,,0.5337333333333334,6.866666666666666,,227925,7.4,,,,,,,,43164,,,9.0
,7137万,,,,,5242,,内地,,,言情剧/武侠剧/古装剧/剧情,,,袁和平/鲁晓威,,,,http://www.iqiyi.com/a_19rrhbbvvh.html,,,,,,小李飞刀,,国语,,,,18773,7.3,,,,,,,,28873,,,7.8
,5.87亿,,,,,58664,,内地,,,言情剧/喜剧/网络剧,,,尹琪,,,,http://www.iqiyi.com/a_19rrhc26wp.html,,,,,,废柴兄弟2,,国语,,,,425233,7.5,,,,,,,,909,,,8.8
,5.35亿,,,,,21547,,内地,,,军旅剧,,,黄家辉/寇占文,,,,http://www.iqiyi.com/a_19rrh9vb61.html,,,,,,暗战危城,,国语,,,,49007,3.7,,,,,,,,53,,,6.9
,3992万,,,,,3043,,内地,,,年代剧/谍战剧/剧情,,,孙小光,,,,http://www.iqiyi.com/a_19rrgierdh.html,,,,,,狼烟2013版,,国语,,,,13507,,,,,,,,,,,,8.2
,3.05亿,,,,,18771,,内地,,,罪案剧/剧情/都市,,,徐庆东,,,,http://www.iqiyi.com/a_19rrjz3jwt.html,,,,,,重案六组第四部,,,,,,134067,,,,,,,,,,,,8.8
,2.03亿,,,,,8647,,内地,,,年代剧/军旅剧/剧情,,,周小兵,,,,http://www.iqiyi.com/a_19rrifu0th.html,,,,,,狼牙英雄,,,,,,26857,0,,,,,,,,34,,,7.6
,1.11亿,,,,,21251,,内地,,,古装剧/喜剧/宫廷剧,,,刘家成,,,,http://www.iqiyi.com/a_19rrj6v9s9.html,,,,,,铁齿铜牙纪晓岚第三部,,国语,,,,442022,,,,,,,,,,,,9.5
,2.93亿,,,,,25451,,内地,,,言情剧/家庭剧/都市,,,习辛,,,,http://www.iqiyi.com/a_19rrhbf9v9.html,,,,,,继父回家,,国语,,,,73839,4.3,,,,,,,,291,,,7.4
,2.58亿,,,,,14326,,内地,,,古装剧/悬疑剧/剧情,,,胡明凯,,,,http://www.iqiyi.com/a_19rrj5qmjl.html,,,,,,少年包青天Ⅱ,,40集全,,,,112947,6.8,,,,,,,,22266,,,8.9
,4.25亿,,,,,31631,,内地,,,剧情,,,李印,,,,http://www.iqiyi.com/a_19rrhb1zup.html,,,,,,生死连,,国语,,,,96637,9.4,,,,,,,,60,,,7.5
,12.09亿,,,,,184855,,内地,,,言情剧/古装剧/宫廷剧/剧情,,,李惠民/白云默,,,,http://www.iqiyi.com/a_19rrhb9929.html,,,,,,多情江山,,国语,1.0379310344827584,2.206896551724138,,590920,3.7,,,,,,,,598,,,7.6
,9.10亿,,,安徽卫视,,77067,,内地,北京卫视,,言情剧/偶像剧/青春剧/都市,,,赵宝刚,,,,http://www.iqiyi.com/a_19rrhbzeyt.html,,0.7898461538461538,,,,青年医生,,国语,1.0284615384615383,,0.8109230769230769,416821,5.7,,浙江卫视,天津卫视,0.408076923076923,,,,3693,,,8.4
,6.32亿,,,,,35038,,内地,,,年代剧/谍战剧,,,王利兴,,,,http://www.iqiyi.com/a_19rrhaamkl.html,,,,,,狐影,,国语,,,,104812,4.7,,,,,,,,156,,,7.5
,1.90亿,,,,,29213,,内地,,,武侠剧/古装剧/剧情,,,王新民,,,,http://www.iqiyi.com/a_19rrj5uryd.html,,,,,,侠客行,,40集全,,,,419887,5.8,,,,,,,,3030,,,9.3
,2.68亿,,,,,78291,,内地,,,言情剧/古装剧/喜剧,,,赖水清,,,,http://www.iqiyi.com/a_19rrjae2ml.html,,,,,,刁蛮公主,,33集全,,,,1085855,5.4,,,,,,,,10765,,,9.3
,3.66亿,,,,,18454,,内地,,,国语,,,周敏,,,,http://www.iqiyi.com/a_19rrhau4ox.html,,,,,,游击英雄,,36集全,,,,37220,2.9,,,,,,,,83,,,6.7
,2694万,,,,,1970,,内地,,,言情剧/家庭剧,,,习辛,,,,http://www.iqiyi.com/a_19rrh9ubdl.html,,,,,,七妹,,国语,,,,3815,5.7,,,,,,,,64,,,6.6
,1.43亿,,,,,17988,,内地,,,历史剧/武侠剧/古装剧,,,丁仰国,,,,http://www.iqiyi.com/a_19rrj6v1j9.html,,,,,,薛仁贵传奇,,国语,,,,126908,5.8,,,,,,,,2171,,,8.8
,2.18亿,,,,,36718,,内地,,,言情剧/青春剧/家庭剧,,,刘惠宁,,,,http://www.iqiyi.com/a_19rrjaf33x.html,,,,,,你是我的兄弟,,国语,,,,1387903,7,,,,,,,,42,,,9.7
,1.32亿,,,,,16059,,内地,,,罪案剧/军旅剧/剧情,,,刘猛,,,,http://www.iqiyi.com/a_19rrhb1km9.html,,,,,,特警力量未删减版,,国语,,,,69304,,,,,,,,,,,,8.1
,9287万,,,,,5900,,内地,,,历史剧,,,陈力,,,,http://www.iqiyi.com/a_19rrharmrp.html,,,,,,海棠依旧,,国语,,,,35186,8.1,,,,,,,,1203,,,8.6
,8.78亿,,,,,45725,,内地,,,言情剧/青春剧/家庭剧,,,刘二威/王兵,,,,http://www.iqiyi.com/a_19rrhb0965.html,,,,,,嫁个老公过日子,,国语,0.8224666666666667,,0.8857142857142859,151724,6.7,,,,,,,,843,,,7.7
,4755万,,,,,7424,,内地,,,言情剧/偶像剧/青春剧/都市,,,袁晓满,,,,http://www.iqiyi.com/a_19rrhasqb1.html,,,,,,麻辣变形计未删减版,,国语,,,,52479,,,,,,,,,,,,8.8
,2.99亿,,,,,32292,,内地,,,谍战剧/军旅剧/剧情,,,蒲腾晋/李志强,,,,http://www.iqiyi.com/a_19rrhb9g5p.html,,,,,,卧底,,国语,,,,97908,4.8,,,,,,,,88,,,7.5
