style,language,location,play_count,thumbs_down,thumbs_up,director,link,actors,score,title
悬疑剧/剧情/网络剧,国语,内地,2.63亿,21257,194866,巨兴茂,http://www.iqiyi.com/a_19rrhaqtp1.html,于毅/刘智扬/肖茵/岳丽娜/杨昆/倪虹洁/陈俐君/王纯/何花,9.0,灵魂摆渡3
言情剧/剧情/都市,国语,内地,54.89亿,306393,1770935,孔笙/简川訸,http://www.iqiyi.com/a_19rrhagj55.html,刘涛/蒋欣/王子文/杨紫/乔欣/祖峰/王凯/杨烁/靳东/张陆,8.5,欢乐颂
军旅剧/剧情/年代剧,30集全,内地,7.40亿,210802,2547922,张前/陈健,http://www.iqiyi.com/a_19rrj6sgbt.html,李幼斌/何政军/张桐/童蕾/孙俪/陆鹏/张笑君/车晓彤/江水/宗利群/张伟/陈旺林/袁满/梁林琳/杨联春/柳秉钰/田勇/赵中华/李江/张建祥/孟耿成,9.2,亮剑
家庭剧/都市,国语,内地,7.47亿,40071,94049,沈严/刘海波,http://www.iqiyi.com/a_19rrh9rhq5.html,闫妮/许亚军/赵子琪/张晨光/曦子/盛冠森/袁文康/朱锐/谭凯/刘莉莉,7.0,太太万岁
青春剧/家庭剧/言情剧,国语,内地,8.37亿,44152,144775,刘二威/王兵,http://www.iqiyi.com/a_19rrhb0965.html,陈乔恩/张译,7.7,嫁个老公过日子
言情剧/偶像剧/青春剧,国语,内地,703万,587,1589,蒋家骏,http://www.iqiyi.com/a_19rrh9uij1.html,陆毅/林心如/曾黎/于小伟/姜华/于毅/吴佳尼/冯绍峰/周蕾,7.3,男才女貌
剧情/都市/喜剧/言情剧/偶像剧,国语,内地,14.72亿,103365,736995,夏晓昀,http://www.iqiyi.com/a_19rrhb27kd.html,胡歌/王晓晨/许亚军/周楚楚/韩东君/徐百卉/高蓓蓓/鲁伊莎/吕凉/方芳,8.8,大好时光
古装剧/偶像剧/神话剧/青春剧,国语,内地,13.30亿,128469,800595,林玉芬/高林豹/徐惠康,http://www.iqiyi.com/a_19rrhb8d05.html,蒋劲夫/古力娜扎/张若昀/陈瑶/付辛博/小彩旗/王凯/金晨/Mike(泰星)/唐艺昕/翟天临/江铠同/张雪迎/傅隽,8.6,青丘狐传说
家庭剧/言情剧/都市,国语,内地,7.80亿,40928,193873,张晓波,http://www.iqiyi.com/a_19rrhagzsd.html,雷佳音/袁姗姗/车晓/曹曦文/刘楚恬,8.3,我爱男保姆
言情剧/年代剧/商战剧,52集全,内地,1.49亿,12110,73418,张新建/孔笙,http://www.iqiyi.com/a_19rrj6ueml.html,李幼斌/萨日娜/刘向京/朱亚文/齐奎/宋佳/牛莉/梁林琳/黄小蕾/靳东/马恩然/王奎荣/高明/毕彦君/鲍国安,8.6,闯关东
神话剧/穿越剧/古装剧,36集全,内地,2.71亿,1807484,16778367,蔡晶盛,http://www.iqiyi.com/a_19rrjaj3hd.html,钟欣潼/蒋毅/刘庭羽/蒲巴甲/朱紫汶/谭耀文/孙兴/郭珍霓/李倩/刘娜萍/Tae,9.0,女娲传说之灵珠
喜剧/神话剧/言情剧/古装剧/偶像剧,国语,内地,6.14亿,53268,377920,徐惠康/苏沅峯,http://www.iqiyi.com/a_19rrgjdiu5.html,谭耀文/穆婷婷/陈威翰/蒋毅/刘庭羽/黄少祺/刘心悠/戴春荣/解惠清/商忆沙,8.8,土地公土地婆
言情剧/家庭剧/剧情/都市,国语,内地,7.88亿,40030,219408,姚晓峰,http://www.iqiyi.com/a_19rrgi7bu9.html,王志文/李小冉/俞飞鸿/韩童生/许娣/田雨/关晓彤/杨玏/江珊/杨立新/耿乐/佟大为/李明珠1,8.5,大丈夫
家庭剧/剧情/都市,国语,内地,8334万,7979,34265,李平/华宁,http://www.iqiyi.com/a_19rrhbb8i9.html,张倬闻/李木子/汤镇宗/马羚/迟志强/博弘,8.1,穷孩子富孩子
神话剧/古装剧,国语,内地,4.09亿,54239,333512,梁辛全,http://www.iqiyi.com/a_19rrhb9o2h.html,陈浩民/林子聪/陈威翰/唐熙/陈紫函/穆婷婷/关智斌,8.6,新济公活佛下部
悬疑剧/罪案剧,英语,美剧,4073万,2471,19467,文斯-吉甘/米歇尔·麦克拉伦/亚当·伯恩斯坦,http://www.iqiyi.com/a_19rriftt98.html,布莱恩·克兰斯顿/安娜·冈/亚伦·保尔/Rj Mitte/Dean Norris/Betsy Brandt/Bob Odenkirk/Jonathan Banks/Giancarlo Esposito/Steven Michael Quezada,8.9,绝命毒师第4季
年代剧/谍战剧/悬疑剧,国语,内地,1.26亿,17585,82244,车父/刘礴,http://www.iqiyi.com/a_19rrgigaa1.html,杨烁/周牧茵/赵纯阳/夏凡/张译木/安泽豪/高蓓蓓/芦菲/尹国华/侯祥/王冠淇/耿长军,8.2,冒牌英雄
言情剧/古装剧,国语,台湾,7740万,9653,27080,刘立立,http://www.iqiyi.com/a_19rrk2iy09.html,李志希/岳翎/佟瑞欣/何音/刘子蔚/林秀君,7.4,鬼丈夫
罪案剧/悬疑剧/剧情,国语,内地,1.12亿,9085,39606,张族权/黄丹/吉桥/项海明,http://www.iqiyi.com/a_19rrhb3ugl.html,张磊/董维嘉/陆玲/王正军/陈颢文/韩含/候迪/蒋宇扬,8.1,中国刑警803
喜剧/家庭剧/言情剧/农村剧,国语,内地,1.43亿,8500,35814,王晓曦,http://www.iqiyi.com/a_19rrhaaph9.html,秦卫东/李菁菁/邵峰,8.1,欢天喜地对亲家
言情剧/古装剧/偶像剧,国语,内地,1.46亿,26906,83588,李慧珠/邓伟恩,http://www.iqiyi.com/a_19rrgifsv5.html,董洁/杜淳/何晟铭/张嘉倪/高昊/曹曦文/苏青/张晨光/李耀敬/邓萃雯/黄文豪/姜鸿/吴岱融,7.6,美人如画
言情剧/都市/偶像剧,国语,内地,1926万,3413,7658,杨冠玉,http://www.iqiyi.com/a_19rrhb71xx.html,李小璐/李威/金佳/洪小铃/姚元浩/戚薇,6.9,来电奇缘
年代剧/偶像剧/剧情,国语,内地,1.58亿,3500,10355,鞠觉亮/邹集城,http://www.iqiyi.com/a_19rrjwep15.html,陈国坤/樊少皇/徐少强/周牧茵/王紫瑄/徐熙颜/叶项明/贺贤威/何中华,7.5,新版马永贞
罪案剧/剧情,国语,内地,2181万,1896,8295,闫宇彤,http://www.iqiyi.com/a_19rrhbddz9.html,王志飞/颜世魁/徐卫,8.1,案发现场
言情剧/剧情/都市/偶像剧,韩语,韩国,4010万,12245,55759,李正浩,http://www.iqiyi.com/a_19rrhbho4d.html,崔珉豪/朴洙垣,8.2,因为是第一次
言情剧/家庭剧/剧情/都市,国语,内地,1.02亿,16628,50959,鄢颇,http://www.iqiyi.com/a_19rrhbk4ld.html,郭晓东/曹曦文/潘虹/戴春荣﻿/陈彦妃/郑奇/詹小楠/徐玺涵,7.5,当婆婆遇上妈之欢喜冤家
言情剧/年代剧/剧情,国语,内地,7712万,1740,13594,罗福,http://www.iqiyi.com/a_19rrjz8qrp.html,郭珍霓/丁子峻/叶静/王宇婕/陈莎莉/施羽/关少曾/许娣/任学海/姚卓君,8.9,流泪的新娘
言情剧/古装剧/神话剧,20集全,内地,5627万,22280,99635,卫翰韬/郑基成/黄伟明,http://www.iqiyi.com/a_19rrj5sc01.html,徐怀钰/郭晋安/张智尧/孙莉/何嘉文/梁家仁/郑嘉颖,8.2,天地传说之鱼美人
剧情/年代剧/谍战剧,国语,内地,3302万,2720,12615,孙小光,http://www.iqiyi.com/a_19rrgierdh.html,王珂/连奕名/王新/杨若兮/张京海/李杰/张岩/徐悦/张亚坤,8.2,狼烟2013版
言情剧/古装剧/剧情,国语,内地,7119万,9323,72984,林玉芬/高林豹/徐惠康,http://www.iqiyi.com/a_19rrhags3h.html,古力娜扎/金晨/陈瑶/小彩旗/蒋劲夫/江铠同/王凯/张若昀/乔欣/姚奕辰/翟天临/陈廷嘉/海铃,8.9,青丘狐传说未删减版
言情剧/偶像剧/青春剧/都市,国语,内地,3706万,13575,39646,陈铭章,http://www.iqiyi.com/a_19rrhb4ofp.html,郑智薰/唐嫣/罗晋/迪丽热巴/姚奕辰/郭柯彤/张雯/王艺博/郭静琳/白凡,7.4,克拉恋人未删减版
都市/言情剧/偶像剧/青春剧,国语,内地,7993万,4501,41816,赵宝刚,http://www.iqiyi.com/a_19rrhbzqix.html,任重/张俪/张铎/王阳/杜江/张佳宁/周放/方安娜/李婳/梁俊一/宗平,9.0,青年医生未删减版
罪案剧/剧情,国语,内地,1.06亿,6122,14938,张国立/陈昆晖,http://www.iqiyi.com/a_19rrhamtcd.html,张国立/闫妮/高晓菲/刘立/初俊辰/孙铱/樊昱君/孙岚,7.1,爱的追踪
家庭剧/言情剧/剧情,国语,内地,2592万,3731,18870,万盛华,http://www.iqiyi.com/a_19rrj5uwz1.html,任程伟/闫妮/朱琳/高放/石维坚,8.3,下辈子做你的女人
家庭剧/剧情/都市,国语,内地,341万,213,447,王志强,http://www.iqiyi.com/a_19rrhbb87h.html,童蕾/周海媚/刘佳/王策/奇道/傅冲,6.8,婚里婚外那些事
农村剧/喜剧,国语,内地,123万,97,156,彭澎,http://www.iqiyi.com/a_19rrh9ueit.html,杨波/田成仁/岳红/白雪,6.2,龙门村的故事
青春剧/言情剧/偶像剧,国语,内地,1.71亿,17274,88707,黄祖权/周家文,http://www.iqiyi.com/a_19rrgjb9zx.html,蒋梦婕/姚元浩/迟帅/阚清子/刘一含/李眸/李茂/周晓涵/安钧璨/赵越/迟志强/张晨光/王琳,8.4,一克拉梦想
言情剧/年代剧/家庭剧,40集全,内地,3730万,4352,60161,林健龙,http://www.iqiyi.com/a_19rrj5oqil.html,霍建华/吕一/陈思诚/刘芸/李立群/王琳/樊少皇/乔任梁,9.3,新一剪梅
言情剧/偶像剧,国语,内地,7008万,8870,34518,张晓光,http://www.iqiyi.com/a_19rrjt29f9.html,钟汉良/罗珊珊/柯蓝/郭晓东,8.0,午夜阳光
言情剧/武侠剧/古装剧/剧情,国语,内地,9330万,14260,102705,李惠民,http://www.iqiyi.com/a_19rrj5ygxl.html,王艳/陈楚河/陈意涵/刘德凯/黄维德/贺刚/刘永/张璇/桑伟淋/于洪亮/郭鑫/张昊/晨阳/王冰,8.8,流星蝴蝶剑
军旅剧/剧情,国语,内地,2463万,1979,4043,安澜,http://www.iqiyi.com/a_19rrhbdmlt.html,张秋歌/范明/叶欢,6.7,上将许世友
家庭剧/剧情/农村剧,国语,内地,1.50亿,10980,25086,滕文骥/王为,http://www.iqiyi.com/a_19rrhacikl.html,陈小艺/练束梅/崔林/马丽/陈思斯/陈婷/陆纪依/刘亭作,7.0,天伦
年代剧/家庭剧/都市,国语,内地,904万,557,1386,赖建国,http://www.iqiyi.com/a_19rrh9muv5.html,聂远/戴娇倩/黄曼/夏侯镔/赵慧仙/王诗蒙,7.1,极品妈妈
喜剧/青春剧/言情剧/偶像剧,国语,内地,1.35亿,27695,248307,蒋家骏,http://www.iqiyi.com/a_19rrginmp9.html,戚薇/陈赫/王传君/毛晓彤/乔任梁/姜妍/吴建飞/刘晓虎/刘智扬/董玉峰/王瑞子/恬妞/岳跃利,9.0,爱情回来了TV版
军旅剧/历史剧/谍战剧,国语,内地,3411万,3067,10094,张友龄,http://www.iqiyi.com/a_19rrgiivq9.html,孙维民/王伍福/宗利群/陈继铭/李君峰/杨丽晓,7.7,抗日名将左权
悬疑剧/家庭剧/剧情,国语,内地,1776万,2779,3792,金琛,http://www.iqiyi.com/a_19rrhc3q1t.html,周莉/吴若甫,5.8,走出监狱的女人
国语,38集全,内地,110万,169,731,邱浩强,http://www.iqiyi.com/a_19rrh9rad9.html,陈隆赫/冷若萌/黄一山/杨紫/张一山/孙德林/徐乐,8.1,不想长大
青春剧/剧情/都市,国语,内地,4229万,2075,4655,孔令晨,http://www.iqiyi.com/a_19rrhb7h51.html,陶惠/齐中旸/聂鑫/刘佩琦/赵纯阳/张倩,6.9,蓝狐
喜剧/都市,国语,内地,182万,119,578,杨议,http://www.iqiyi.com/a_19rrh9u7n5.html,杨议/韩兆/尚华/杨少华/买红妹/李立君,8.3,杨光的爱情故事
历史剧,国语,内地,442万,229,905,高希希,http://www.iqiyi.com/a_19rrh9miup.html,张丰毅/李雪健/孙松/李琳/刘小宁/王新军,8.0,历史的天空
历史剧/军旅剧/剧情,国语,内地,4240万,3955,7113,石伟,http://www.iqiyi.com/a_19rrhbz5ul.html,王霙/郭广平/洪涛/温峥嵘/安荣生/张世会/周征波/侯祥玲,6.4,领袖
家庭剧,国语,内地,616万,367,802,杨克,http://www.iqiyi.com/a_19rrh9o1oh.html,严敏求/陈瑾/于和伟/许亚军/咏梅/王乙竹,6.9,孝子
喜剧/家庭剧/都市,国语,内地,2.57亿,14111,57270,韩兆,http://www.iqiyi.com/a_19rrhadrld.html,潘长江/韩兆/买红妹/张洪杰/马丽/倪景阳/曹随风/张立/王彤,8.0,大年初一立春
青春剧/剧情/农村剧,国语,内地,6459万,7728,24577,周英男,http://www.iqiyi.com/a_19rrgi9jxl.html,贺刚/王力可/刘流/邵峰/王晓曦/吴连生/句号/乔杉/修睿/王红梅,7.6,大村官
罪案剧/悬疑剧,国语,内地,725万,908,1752,郭一洁/王永春,http://www.iqiyi.com/a_19rrhbdjy1.html,王海燕/刘研/曹蓬/赵克明/王跃进,6.6,女法医
家庭剧/言情剧,国语,内地,1.85亿,11036,50016,王伟廷/王淑志,http://www.iqiyi.com/a_19rrjp81k9.html,李宗翰/张咏棋/小李琳/李进荣/岳耀利/夏台凤/张亮/馨子/张迪/涂黎曼/唐艺昕/张宝雯/张明明/徐玉兰/郑鹏飞,8.2,百万新娘之爱无悔未删减版
家庭剧/言情剧/剧情,国语,内地,7525万,7651,17468,郭廷波,http://www.iqiyi.com/a_19rrhay3b9.html,郑国霖/杨恭如/娜仁花/宫筱轩/郭珍霓/黄俊鹏,7.0,当人心遇上仁心
军旅剧/剧情/谍战剧,国语,内地,9892万,6272,23112,潘军,http://www.iqiyi.com/a_19rrj60vk9.html,于震/施京明/李欣凌/刘牧/朱婷/刘冠军/叶静/孙敬涛/张博/傅子明/潘军/王亚梅/石天琦/刘东来,7.9,海狼行动
言情剧/青春剧,国语,内地,952万,1573,4131,罗灿然,http://www.iqiyi.com/a_19rrhb9grx.html,金莎/刘恩佑/杨贵媚/杨烁/吉祥/岳跃利/王蔚/陈姗姗,7.2,幸福的眼泪
罪案剧/家庭剧/悬疑剧,国语,内地,1.33亿,8494,47443,丁黑,http://www.iqiyi.com/a_19rrgjdj1l.html,张国强/殷桃/孙海英/曹炳琨/许娣/贾青/崔璨,8.5,无贼
喜剧,国语,内地,220万,101,489,许瑞生,http://www.iqiyi.com/a_19rrh9u4yp.html,郭德纲/闫学晶/李静 (演员)/张二丹/王璟/韩会亮,8.3,小房东
军旅剧/言情剧/剧情,国语,内地,1.88亿,15087,39830,李珩,http://www.iqiyi.com/a_19rrhavlj1.html,樊少皇/刘思彤/袁心冉/吕清超/崔钟/贾晓晨/魏春光,7.3,兄弟们上
军旅剧/谍战剧/悬疑剧,国语,内地,1.37亿,12419,50898,邵警辉,http://www.iqiyi.com/a_19rrifsnfz.html,刘小锋/黄曼/任柯诺/赵荀/宁晓志/周牧茵/程煜/杨舒/王长林/徐佳,8.0,神秘人质
青春剧/家庭剧/言情剧,国语,内地,7492万,9992,101809,钟澍佳,http://www.iqiyi.com/a_19rrj5ocph.html,霍思燕/李晨/于荣光/李曼/刘恩佑/孙玮/颖儿/丁嘉力,9.1,孽缘
家庭剧/言情剧/都市,国语,内地,1.66亿,11691,22629,李少飞,http://www.iqiyi.com/a_19rrhal7d5.html,袁咏仪/高鑫/王丽云/王一楠/金泽灏/李建义/司源/杨青/马赫遥/崔璨,6.6,港媳嫁到
年代剧,国语,内地,2.64亿,14710,28750,吴锦源,http://www.iqiyi.com/a_19rrhao9xl.html,于震/景岗山/马德华/李博/张一龙/尹航/王晓龙/李修蒙,6.6,踏破硝烟
剧情/都市/家庭剧/言情剧,国语,内地,5097万,7718,38498,刘雪松,http://www.iqiyi.com/a_19rrgiecd9.html,于和伟/王丽坤/韩烨/宋春丽/周炜/王同辉/杨明娜/张大静/李心敏/刘禹/郭晓然,8.3,爱的多米诺
悬疑剧/谍战剧,国语,内地,1223万,799,1986,车父,http://www.iqiyi.com/a_19rrhatyf1.html,钱泳辰/肖茵/杨子骅/王烈/郝岩/边潇潇/鞠庆洲,7.1,致命追踪
古装剧/神话剧/剧情,国语,内地,3397万,3702,18326,张子恩,http://www.iqiyi.com/a_19rrj64l59.html,张铁林/王菁华/李翔/闾汉彪/萧岱青/夏明辉/钱学格/刘龙,8.3,聊斋先生
家庭剧/言情剧/剧情/都市,国语,内地,1.45亿,9103,40227,曹慧生,http://www.iqiyi.com/a_19rrhb3779.html,王志文/朱丹/陈好/刘蓓/白卉子/邓伦/刘恩佑/陈洁/周采诗/雷诺儿/李勤勤/杨青,8.2,待嫁老爸
喜剧/家庭剧/都市,国语,内地,5120万,2658,4632,文铨,http://www.iqiyi.com/a_19rrgcz3kl.html,刘亚津/李黎/李明臣/张少华/张月/张海燕,6.4,男人四十跑出租
军旅剧/谍战剧,30集全,内地,5384万,421,39833,赖成,http://www.iqiyi.com/a_19rrj60umx.html,刘劲/于震/徐僧/邢宇菲/李玉峰/陈紫函/徐箭,9.9,江南锄奸
家庭剧/言情剧/剧情/都市,国语,内地,1.27亿,19739,58572,王伟廷/王淑志,http://www.iqiyi.com/a_19rrhberw5.html,李依晓/海陆/张迪/李进荣/叶项明/刘萌萌/孟瑶/李槐龙/陈怡真/贺镪,7.5,家和万事兴未删减版
武侠剧/剧情/年代剧,国语,内地,1262万,1110,2796,王新民,http://www.iqiyi.com/a_19rrhbcgu9.html,刘长纯/张立/林芳兵,7.2,燕子李三
剧情/武侠剧/古装剧,国语,内地,2995万,4008,8554,霍耀良,http://www.iqiyi.com/a_19rrhbznqt.html,赵文卓/王学兵/乔振宇/于承惠/张博/计春华/桑伟淋/吕良伟/蔡少芬/李小冉,6.8,七剑下天山
言情剧/青春剧/家庭剧,30集全,内地,3556万,8310,44790,王小康,http://www.iqiyi.com/a_19rrj5oh15.html,杜淳/姚芊羽/邵兵/刘莉莉/张凯丽/王天野/洛葳/李雯雯/岳跃利/刘昌伟/王正权,8.4,中国家庭
言情剧/家庭剧/剧情,国语,内地,74.4万,66,176,徐宗政,http://www.iqiyi.com/a_19rrh9ugbh.html,江姗/丁志诚/彭玉/吴秀波/尤浩然/韩雯雯/关晓彤,7.3,离婚进行时
军旅剧/剧情/谍战剧,国语,内地,1.29亿,7683,19530,张国庆,http://www.iqiyi.com/a_19rrhc2541.html,马诗红/袁志博/葛天/顾又铭,7.2,剿匪英雄
罪案剧/剧情/年代剧,国语,内地,1005万,1175,2988,刘惠宁,http://www.iqiyi.com/a_19rrhb7hw5.html,刘惠宁/王大治/马冀/胡伟/樊军,7.2,12.1枪杀大案
家庭剧/言情剧/都市,国语,内地,7953万,5449,16583,王响伟,http://www.iqiyi.com/a_19rrhbd5pp.html,蒋梦婕/黄维德/徐佳/孙耀琦/郑国霖/蒋林静/单薇/程耀辉/王翊菲,7.5,婚姻攻防战之爱要付出
军旅剧/剧情/谍战剧,国语,内地,8523万,9013,70983,沈悦/沈严,http://www.iqiyi.com/a_19rrj6wiud.html,郭广平/陈宝国/韩雪/潘虹/高明/傅淼/陶慧敏/王霙/孙维民/刘旭/沈保平/蔡传道/毕海峰,8.9,决战南京
剧情/家庭剧/喜剧,国语,内地,1205万,1495,5898,陆晓光/王岗/王胜起/刘卫平/杨甲年,http://www.iqiyi.com/a_19rrhb3c3t.html,龚锦堂/黄锦裳/苏志丹/丁玲/张纹博/郭昶,8.0,外来媳妇本地郎第二部
喜剧/剧情/都市/偶像剧,国语,内地,1.38亿,16015,135609,黄文利,http://www.iqiyi.com/a_19rrhb6sk1.html,王宝强/刘晓洁/傅程鹏/徐洪浩/张慧/陶慧敏,8.9,我是机器人
剧情/年代剧/谍战剧,国语,内地,1318万,1512,4248,李舒,http://www.iqiyi.com/a_19rrhb6pr1.html,王志文/马苏/李幼斌/申军谊/祖峰/刘佩琦/程瑶瑶,7.4,旗袍
剧情/家庭剧/年代剧/悬疑剧/言情剧,国语,内地,1.77亿,20889,136906,林清振,http://www.iqiyi.com/a_19rrhaxn4l.html,韩雪/刘恩佑/马天宇/叶童/王琳/陈翔/毛晓彤/徐百卉/王诗槐,8.7,淑女之家
家庭剧/剧情,国语,内地,1.01亿,11200,25265,阎建钢,http://www.iqiyi.com/a_19rrhbargp.html,张丰毅/颜丙燕/左小青/廖京生/李凤绪,6.9,岁月如金
罪案剧/言情剧/剧情,国语,内地,3024万,6206,331168,赵宝刚,http://www.iqiyi.com/a_19rrj6umz9.html,陆毅/袁立/苏瑾/尤勇/钱勇夫,9.8,永不瞑目
宫廷剧/历史剧/剧情,国语,内地,9613万,5832,33365,王响伟/郑延渝,http://www.iqiyi.com/a_19rrhaycb1.html,赵文瑄/蒋林静/余少群/孙耀琦/高昊/郑则仕/惠英红/归亚蕾/郑国霖/罗家英,8.5,末代皇帝传奇
军旅剧/历史剧/剧情,国语,内地,2341万,2805,3854,于立清,http://www.iqiyi.com/a_19rrhc469p.html,朱泳腾/傅淼/李雅希/马澜菲,5.8,烽火铁骑
商战剧/言情剧/都市/偶像剧,国语,内地,1.91亿,15635,103010,罗长安,http://www.iqiyi.com/a_19rrhbaw0d.html,秋瓷炫/唐禹哲/陈昊/赵擎/禹童/钱泳辰/王希维/胡睿/王翀/潘丽丽,8.7,恋上黑天使
家庭剧/言情剧/都市,国语,内地,6019万,5361,18495,刘一志,http://www.iqiyi.com/a_19rrhbcls1.html,郝平/李菁菁/徐黄丽/谢天华/翁虹/冷海铭/刘晓晔/吴竞/朱璇,7.8,爸爸是条龙
罪案剧/剧情,国语,内地,1600万,1548,3619,王连平,http://www.iqiyi.com/a_19rrhb6plt.html,陈洁/孙玮/申军谊/高一玮/吴晓东/胡桑,7.0,铁血雄心
言情剧/青春剧/都市,国语,内地,9739万,13615,71286,傅东育,http://www.iqiyi.com/a_19rrgie4bp.html,朱丹/周一围/张铎/黄小蕾/是安/张治坚/朱佳煜,8.4,金牌律师
家庭剧/言情剧/剧情/都市,国语,内地,4052万,3763,9787,孙滔,http://www.iqiyi.com/a_19rrhazryl.html,闫学晶/乔振宇/宋佳伦/丁柳元/刘佩琦/薛薇/宋晓英/林家川/徐翠翠/范雷/赵雪莲/王也农,7.2,不能没有家
言情剧/都市,国语,内地,1.03亿,6030,27285,李路,http://www.iqiyi.com/a_19rrhb2pjl.html,张博/刘威葳/凯丽/许文广/方芳/陈国坤/高亚麟/田野,8.2,坐88路车回家
家庭剧/剧情/年代剧,国语,内地,4038万,2320,6153,张汉杰,http://www.iqiyi.com/a_19rrk3rfmt.html,田海蓉/凌潇肃/刘立伟/赵纯阳/姬麒麟/杨梅/亓亮/彭玉凤/张宇彤/张峰,7.3,关中匪事
军旅剧/言情剧/谍战剧,国语,内地,1.90亿,10675,24252,海顿,http://www.iqiyi.com/a_19rrhbzrsx.html,海顿/张恒/赵恒煊/郑晓宁/王奎荣/娟子/于小磊/杨峰/赵小川/王宝光/乔杰,6.9,尖刀出鞘
家庭剧/言情剧/都市,国语,内地,7783万,6044,12605,赵晨阳,http://www.iqiyi.com/a_19rrhayyr1.html,姜武/颜丙燕/马丽/张秋歌/李萍/冯雷/于洋/高源/赵志刚,6.8,伙伴夫妻
谍战剧/悬疑剧/剧情,国语,内地,2.10亿,23621,72637,蒋钦民,http://www.iqiyi.com/a_19rrhb646l.html,张国强/斓曦/张汇仓/梁椰雯/孙骁潇/李梦男/朱德承/邱士鉴/汪裴,7.5,英雄戟之影子战士
言情剧/青春剧/剧情,国语,内地,4879万,9199,62590,陈家霖/张敏,http://www.iqiyi.com/a_19rrj64wvh.html,林心如/霍建华/郝蕾/孙兴/李立群/郑罗茜/吕洋/黄勐,8.7,地下铁
青春剧/家庭剧/言情剧/剧情,国语,内地,2404万,1671,15799,沈严,http://www.iqiyi.com/a_19rrj6svzh.html,陈道明/蒋雯丽/咏梅/吕中/石维坚/贾一平/左小青,9.0,中国式离婚
言情剧/古装剧/剧情,国语,内地,653万,1241,2926,梁永璋,http://www.iqiyi.com/a_19rrhbc53t.html,钱惠丽/余彬/何佳怡/王滨梅/苏素云,7.0,红楼梦越剧版
青春剧/言情剧/剧情/偶像剧,国语,内地,1.30亿,5530,62820,蒋家俊,http://www.iqiyi.com/a_19rrk02g31.html,彭于晏/张檬/张峻宁/冯媛甄/张世/赵楚仑/韩立/叶熙祺/章龄之/黄梓骏,9.2,牵牛的夏天
军旅剧/年代剧/谍战剧/悬疑剧,国语,内地,1.27亿,7244,26496,李云亮,http://www.iqiyi.com/a_19rrgi71p5.html,靳东/黄曼/周一围/郭明翔/姚卓君/杨婷婷/王伟/丁子玲,7.9,狼烟遍地
军旅剧/剧情,30集全,内地,5701万,1281,8037,花箐,http://www.iqiyi.com/a_19rrk3lqyd.html,朱亚文/姚笛/刘劲/刘劲/邬君梅/高峰/赵玲琪/刘彦卿/叶鹏/罗晋/贾延鹏,8.6,远去的飞鹰
喜剧/家庭剧,120集全,内地,1.62亿,1740,20483,英达,http://www.iqiyi.com/a_19rrjszibx.html,李琦/彭玉/金珠/巩汉林/吕小品/丹露/朱德承/朱家三/悠悠,9.2,东北一家人
网络剧/言情剧/偶像剧/穿越剧/青春剧,国语,内地,1.39亿,64320,180304,管晓杰/林小鑫,http://www.iqiyi.com/a_19rrhc0ay1.html,文卓/邹杨/王栎鑫/孙田莉子/秦汉擂/赵奕欢/温海波/苑琼丹,7.4,来自星星的继承者们
军旅剧,国语,内地,267万,113,696,何澍培,http://www.iqiyi.com/a_19rrh9wng9.html,于荣光/王力可/谢君豪/郑则仕/赵文瑄/张铁林/吕中/高明/吴樾,8.6,护国军魂传奇
谍战剧,国语,内地,577万,610,1029,张玉中/朱江华,http://www.iqiyi.com/a_19rrhaw48h.html,梅婷/刘磊/黑子/李君峰/徐光宇/王沫溪,6.3,兵变1938
喜剧/家庭剧/都市,国语,内地,4852万,4999,28446,阎建钢,http://www.iqiyi.com/a_19rrhc0ef5.html,闫妮/赵立新/冯远征/梁丹妮/杨志雯/洪剑涛/姜武/洛葳,8.5,婚姻料理
言情剧/古装剧/剧情,40集全,内地,5149万,6649,63092,赖水清,http://www.iqiyi.com/a_19rrj6str5.html,何润东/高圆圆/贾静雯/保剑锋/严屹宽/林江国/陈秀丽/吕行/岳跃利/归亚蕾,9.0,秦王李世民传奇
宫廷剧/古装剧,国语,内地,1007万,1176,2085,梁成,http://www.iqiyi.com/a_19rrhafzad.html,陈浩民/杜雨露/张晨光/归亚蕾/高圆圆/郝蕾,6.4,烟花三月
穿越剧/青春剧/言情剧/古装剧/偶像剧,国语,内地,2.27亿,20704,139931,吴亚桥,http://www.iqiyi.com/a_19rrk11wmt.html,谢霆锋/蔡卓妍/吴亚桥/关智斌/郑希怡/孙祖杨/张蒲薪/孙熙/江水,8.7,剑侠情缘
言情剧/剧情/农村剧,国语,内地,7601万,6771,21354,刘流/周英男,http://www.iqiyi.com/a_19rrhazsr5.html,贺刚/王力可/刘流/邵峰/王晓曦/吴连生/修睿/句号/王伟光/王红梅,7.6,大村官之放飞梦想
家庭剧/历史剧/剧情/年代剧,国语,内地,1.55亿,3298,12436,姚晓峰,http://www.iqiyi.com/a_19rrjwf6nl.html,佟丽娅/张国立/陈小艺/张涵予/许亚军/吴越/袁文康/朱铁,7.9,唐山大地震
言情剧/年代剧/剧情,36集全,内地,4623万,4793,49858,梦继,http://www.iqiyi.com/a_19rrj6sw91.html,陈数/黄觉/王学兵/刘一含/郑毓芝,9.1,倾城之恋
喜剧/军旅剧/剧情,28集全,内地,1.00亿,10976,55625,钱晓鸿,http://www.iqiyi.com/a_19rrk3aurh.html,高曙光/小叮咚/胡天阳/赵泽文/艾丽娅,8.4,小小飞虎队
宫廷剧/古装剧/剧情,国语,内地,9217万,7806,51174,李翰韬,http://www.iqiyi.com/a_19rrhb00zh.html,余少群/孙耀琦/惠英红/赵文瑄/张晓晨/于荣光/黄海冰/蒋林静,8.7,隋唐英雄5TV版
剧情/年代剧/谍战剧,国语,内地,6178万,3765,7235,张永生,http://www.iqiyi.com/a_19rrhbb8dx.html,曹征/唐一菲/田野/吕一丁/孙波/唐以诺,6.6,战火连天
剧情/家庭剧/言情剧/历史剧/年代剧,国语,内地,6128万,6966,38562,沈怡/丁仰国,http://www.iqiyi.com/a_19rrhavoxh.html,李晟/李承炫/李曼/高梓淇/阚清子/秦汉/李玲玉/徐敏/姜黎黎/傅艺伟,8.5,新京华烟云
言情剧/偶像剧/悬疑剧,国语,内地,112万,96,168,小岛,http://www.iqiyi.com/a_19rrh9ug11.html,贾一平/张歆艺/贾乃亮/陈艺戈/王诗槐/顾艳,6.4,燃烧的玫瑰
悬疑剧/剧情/网络剧,国语,内地,1.20亿,16998,58402,沈严/刘海波,http://www.iqiyi.com/a_19rrhac9dl.html,张歆艺/袁弘/江珊/孙淳/高鑫/李凤绪/袁文康/吕夏葳,7.7,穿越谜团
历史剧/剧情,国语,内地,1873万,1916,8235,王响伟/刘光,http://www.iqiyi.com/a_19rrhbcf41.html,唐国强/孙维民/卢奇/黄薇/薛淑杰/陈铎,8.1,五星红旗迎风飘扬2
年代剧/悬疑剧/谍战剧/军旅剧,国语,内地,7451万,7705,32692,邓衍成,http://www.iqiyi.com/a_19rrgi9fvp.html,陈冠霖/万美汐/毛晓彤/梁俊一/张译木,8.1,代号九耳犬
言情剧,国语,内地,353万,224,319,尤小刚,http://www.iqiyi.com/a_19rrh9n6m9.html,陈龙/戴娇倩/刘冠翔/李湘/赵毅/石小群/高明/王绘春/徐敏/武利平,5.9,情断上海滩
喜剧/家庭剧/剧情,国语,内地,2408万,3542,11615,杨议,http://www.iqiyi.com/a_19rrhc4679.html,杨议/杨少华/韩兆/马丽,7.7,杨光的夏天
青春剧/家庭剧/言情剧/偶像剧,国语,内地,1.33亿,9133,41736,易寒,http://www.iqiyi.com/a_19rrgj99rd.html,严屹宽/杜若溪/洪小铃/曹海军/铁政/陶慧娜/徐黄丽,8.2,闺中密友
喜剧,40集全,内地,4682万,2126,12539,英达,http://www.iqiyi.com/a_19rrjtc6jd.html,李琦/彭玉/金珠/巩汉林/吕小品/丹露/朱德承/朱家三/悠悠,8.6,东北一家人3
悬疑剧/罪案剧,国语,内地,145万,139,359,陈应歧,http://www.iqiyi.com/a_19rrh9ugix.html,吴秀波/郭涛/李静/尤勇/涓子/傅彪,7.2,立案侦查
悬疑剧/罪案剧/家庭剧,韩语,韩国,5342万,7441,61717,金秉洙,http://www.iqiyi.com/a_19rrgjcx21.html,延政勋/李英雅/李元钟/张铉诚/权贤相/金柱英,8.9,吸血鬼检察官
历史剧/剧情/年代剧,30集全,内地,864万,433,1633,沈好放,http://www.iqiyi.com/a_19rrk4cjad.html,陈刚/王同晖/米铁增/王馥荔/周莉/肖辉/李梁/许秀琳/李迎旗/郑铮/朱媛媛/黄猛/房斌,7.9,九九归一
喜剧/青春剧/家庭剧/剧情,国语,内地,5315万,5395,21672,李妮,http://www.iqiyi.com/a_19rrhbvhh5.html,何明翰/于小慧/李幼斌/屈菁菁/李菁菁/纪姿含/罗立群/齐溪,8.0,爱的保镖
言情剧/偶像剧/青春剧,26集全,内地,1485万,1073,15571,蒋家骏,http://www.iqiyi.com/a_19rrj5q71p.html,杨恭如/霍建华/王曦仪/于小伟/黎萱/翁虹/卢杰君/唐嫣/申珉熙,9.4,现代美女
言情剧/剧情/年代剧,40集全,内地,1.17亿,8679,22226,刘逢声/徐惠康,http://www.iqiyi.com/a_19rrjw7thl.html,刘恺威/戴娇倩/朱紫汶/王琳/陈莎莉/蒋毅/陆昱霖/刘娜萍/田丽/骆应钧,7.2,烽火儿女情
青春剧/都市/偶像剧,国语,内地,1.61亿,14089,95655,程力栋,http://www.iqiyi.com/a_19rrhc2e1t.html,张馨予/李佳航/郑凯/苗侨伟/于荣光/范明/王思懿/王伟光/范琳琳/何晴/沈丹萍/陶帅/张鹰,8.7,青春正能量之我是女神
军旅剧/剧情,国语,内地,1.94亿,3006,20601,宁海强,http://www.iqiyi.com/a_19rrk744wl.html,王雷/李健/马苏/冯国庆/宋丽娜/荆明华/芦芳生/李嘉明/王小虎,8.7,中国骑兵
言情剧/农村剧/家庭剧/剧情,国语,内地,5889万,6488,18104,牛建荣,http://www.iqiyi.com/a_19rrhc0ag5.html,杨阳/刘家良/褚栓忠/王丽涵/虞路/刘超/李景儿/李嘉桐/尚铁龙,7.4,翠兰的爱情
军旅剧/言情剧/剧情,国语,内地,9828万,6771,54898,于荣光/黄文利,http://www.iqiyi.com/a_19rrj5z7jl.html,于荣光/童蕾/成泰燊/王力可/高明/刘金山/杨光华/贺强/丁海峰/晋松/米学东/郭昊伦/孙玮,8.9,狼毒花
言情剧/家庭剧,国语,内地,810万,1059,1906,柳国庆,http://www.iqiyi.com/a_19rrhau12x.html,何政军/温峥嵘/娟子/张植绿/侯祥玲/陆昱颉,6.4,错爱2
科幻剧/剧情,国语,内地,1843万,5207,34430,董棣华,http://www.iqiyi.com/a_19rrhc3q6p.html,王成/肖博/任巡/苏航,8.7,天火传说
青春剧/言情剧/偶像剧,国语,内地,1.03亿,15784,45739,陈慧翎,http://www.iqiyi.com/a_19rrgjbjm1.html,丹尼斯·吴/马思纯/陈彦妃/袁成杰/法图麦·天缘/艾丽娅/张芝华/王志华/李国梁/王小红/娟子/席曼宁,7.4,未婚妻
历史剧/谍战剧/家庭剧/军旅剧/剧情,国语,内地,4127万,3087,12213,国建勇,http://www.iqiyi.com/a_19rrhbk8ax.html,于震/刘萌萌/杨烁/刘流/王小利/陈昊/杜奕衡/吴晓敏/林静/范雨林,8.0,利箭行动
喜剧/罪案剧/言情剧/悬疑剧/科幻剧,30集全,内地,6491万,3569,40202,何洛/罗刚,http://www.iqiyi.com/a_19rrk3xmch.html,霍建华/张萌/金莎/黄觉/曾黎/霍思燕/魏千翔/高雄/于毅/马文龙/许新宇/顾婷萱/方舟波,9.2,唐琅探案
商战剧/言情剧/年代剧,国语,内地,5629万,6465,24115,潘文杰,http://www.iqiyi.com/a_19rrgif1oh.html,袁立/钟汉良/巍子/陈锐/宋佳/刘雨鑫/石小群/刘毓滨/何涌生/袁苑,7.9,上海王
喜剧/青春剧/家庭剧/言情剧,国语,内地,2896万,11884,120634,江海洋,http://www.iqiyi.com/a_19rrj6wqdd.html,郑毓芝/傅艺伟/杨昆/吕凉/牛犇,9.1,婆婆媳妇小姑
言情剧/武侠剧/古装剧,国语,内地,6021万,3556,12027,靳德茂,http://www.iqiyi.com/a_19rrk45g95.html,何中华/俞飞鸿/王冰/陈龙/杨若兮/张伊菡/刘莉莉/陈莹/张静初,7.7,三少爷的剑
青春剧/言情剧/偶像剧,国语,内地,3.11亿,26782,107285,宋洋,http://www.iqiyi.com/a_19rrgj9k5t.html,江铠同/范逸臣/徐正曦/江若琳/刘思巍/李雅男/武嘉辉/肖涵/吴玉芳/曹毅立/武泽锦熙/白凡/朱亚英/恬妞/骆达华/普超英/何曙霞/刘春,8.0,爱闪亮
言情剧/古装剧,26集全,台湾,3182万,3729,7036,沈怡,http://www.iqiyi.com/a_19rrk2iy9h.html,马景涛/陈德容/罗刚/陈红/王淑娟/张宇菲/韩振华,6.5,水云间
军旅剧/历史剧/剧情,国语,内地,1.36亿,8148,24605,陈伟祥/李珩,http://www.iqiyi.com/a_19rrhayyl5.html,朱泳腾/李欣冉/袁心冉/樊少皇/张殿伦/魏春光/吕清超,7.5,我的抗战之铁血轻奇兵
神话剧/言情剧/古装剧/剧情,国语,内地,5767万,6289,43784,梁国冠,http://www.iqiyi.com/a_19rrhc389t.html,舒畅,8.7,精卫填海
青春剧/言情剧/都市/偶像剧,韩语,韩国,2.67亿,58224,415331,尹尚浩,http://www.iqiyi.com/a_19rrgjbcdx.html,张根硕/IU/李章宇/韩彩英/苏幼珍,8.8,漂亮男人
悬疑剧/罪案剧/都市/网络剧,国语,内地,5277万,8343,11348,殷大卫/黄国睿/孙景岩,http://www.iqiyi.com/a_19rrhauntt.html,刘继勋/房飞霖/穆怀磊/白玉/马赫遥/陈昊明/范晋嘉/郭芷维/傅隽/郑冬,5.8,天机谜第1季
军旅剧/历史剧/年代剧,国语,内地,7074万,3530,17822,连奕名,http://www.iqiyi.com/a_19rrjt18c1.html,连奕名/王佳宁/郑昊/王力可/刘威/矢野浩二,8.3,大刀
青春剧/言情剧/都市,国语,内地,3525万,4781,12771,杨影,http://www.iqiyi.com/a_19rrgiimip.html,梁爱琪/鲁诺/卢思思/齐志/杨青/陈希光/康静/徐岑子/魏翔/夏力薪,7.3,小男人遇上大女人
喜剧/言情剧/偶像剧,国语,台湾,3.32亿,144426,1228830,郑德华,http://www.iqiyi.com/a_19rrgiep49.html,蓝心湄/黄小柔/蔡芷纭/那维勋/陈博正/张皓明/寺唯宏正/许名杰,8.9,终极X宿舍
青春剧/网络剧/偶像剧/悬疑剧,国语,内地,6642万,18924,282806,赖伟康,http://www.iqiyi.com/a_19rrhax1ch.html,张若昀/郑业成/黄靖翔/刘志宏/马睿/张子文,9.4,男神执事团
悬疑剧/罪案剧/剧情/都市,国语,内地,206万,371,556,吴铮,http://www.iqiyi.com/a_19rrgiiy09.html,孙强/潘军/陈萍/萨仁娜,6.0,检察官手记
喜剧/家庭剧/都市,国语,内地,302万,161,678,林丛,http://www.iqiyi.com/a_19rrh9udzx.html,徐玺涵/胡先煦/翟小兴/许歌/来喜/郝汉/徐乐,8.1,重返大福村
罪案剧/青春剧/言情剧,国语,内地,6214万,15653,222069,丁黑,http://www.iqiyi.com/a_19rrj6vfip.html,孙俪/佟大为/何润东/杜源/房子斌,9.3,玉观音
青春剧/言情剧/网络剧/偶像剧/科幻剧,国语,内地,1.51亿,59149,1422406,张加贝/邱晓军,http://www.iqiyi.com/a_19rrgie1kp.html,辉灿/卓煜茜/纪子墨/汤晶晶/罗云熙/蒋菲菲/贾宗超/袁愿/王坤/江祖平,9.6,你好外星人
喜剧/家庭剧/言情剧/偶像剧/都市,国语,内地,1.14亿,7628,29549,司小冬,http://www.iqiyi.com/a_19rrhbcm0d.html,明道/商蓉/邬君梅/赵毅/张晞临/何翯/刘冠翔,7.9,私房钱
军旅剧/谍战剧,国语,内地,4.80亿,20508,61868,陈健,http://www.iqiyi.com/a_19rrhadrh1.html,吴其江/王瑞子/王沫溪/亓航/马诗红/马晓伟/钱漪/陶宇佳/肖婷佳/李木子,7.5,生死翻盘
言情剧/年代剧/谍战剧,国语,内地,7594万,7018,26590,连奕名,http://www.iqiyi.com/a_19rrgidqcd.html,连奕名/杜淳/张嘉译/杨若兮/王鸿飞/王佳宁/苏登扎木苏/武强/李印/祝捷/徐立,7.9,雪狼谷
历史剧,国语,内地,8883万,6185,17415,李舒,http://www.iqiyi.com/a_19rrhap9m5.html,王斑/孙逊/吴迪/孙宁/王碧琪/朱袁员/宁丹琳/付磊,7.4,毛泽东三兄弟
言情剧/家庭剧/剧情/都市,国语,内地,611万,502,815,鄢颇,http://www.iqiyi.com/a_19rrhav0a1.html,陈小艺/孙淳/胡可/曹俊/王海珍/严敏求/韩善续/高放/杨齐鸣/关晓彤,6.2,我的糟糠之妻
古装剧/剧情,国语,内地,1714万,2338,10394,华践盟,http://www.iqiyi.com/a_19rrhc405d.html,焦恩俊/张庭/牛莉/宋丹丹,8.2,绝色双娇
剧情/年代剧,国语,内地,4.77亿,25419,55089,黄文利,http://www.iqiyi.com/a_19rrhamszd.html,傅程鹏/杨舒/张慧/周惠林/宁晓志/夏侯镔,6.8,玉海棠
言情剧/家庭剧/剧情,国语,内地,115万,64,203,陈家林,http://www.iqiyi.com/a_19rrh9w6ll.html,李幼斌/霍亚明/小张铎,7.6,继父
家庭剧/言情剧/剧情,国语,内地,1.31亿,15609,29569,汪锡宏,http://www.iqiyi.com/a_19rrhb37h5.html,黄曼/李东霖/王骏毅/王纯/斯琴高娃/唐沸潮/杨树田,6.5,二婶
喜剧/青春剧/言情剧/偶像剧,国语,内地,3.56亿,30779,107737,汪俊,http://www.iqiyi.com/a_19rrgi7vph.html,佟大为/关悦/宋丹丹/郭家铭/蔡宜达/徐雅祺/张子萱/汪洋/侯茗皓/王天泽,7.8,我的儿子是奇葩
宫廷剧/古装剧/剧情,国语,内地,1333万,1615,3357,袁祥仁,http://www.iqiyi.com/a_19rrhc3t5x.html,吴京/袁咏仪/张铁林/李楠/袁祥仁/淳于珊珊,6.8,南少林三十六房
军旅剧/剧情,国语,内地,434万,303,581,刘新,http://www.iqiyi.com/a_19rrh9n3v9.html,奚美娟/王庆祥/金鑫/李宗翰/陈思成/田成仁/岳跃利/童蕾/姚建明/王海涛,6.6,暗战
年代剧/军旅剧/剧情,30集全,内地,9477万,9023,42065,马鲁剑,http://www.iqiyi.com/a_19rrjae2op.html,温峥嵘/王斑/陈创/申军谊/白雨/高天/陈铮/陈楚翰/高郡伟/李嘉明,8.2,边城汉子
青春剧/言情剧/偶像剧,国语,内地,1.10亿,9529,34417,张孝正,http://www.iqiyi.com/a_19rrgijrad.html,言承旭/海陆/曾恺玹/田家达,7.8,因为爱
剧情/言情剧/年代剧,国语,内地,3.52亿,109165,284738,黄家辉,http://www.iqiyi.com/a_19rrhb8h9d.html,张檬/黄少祺/马浚伟/唐菱/马骏超/阳蕾/午马/田岷/俞小凡/邬倩倩/王昌娥/石洋子,7.2,鸳鸯佩
武侠剧/古装剧,国语,内地,2368万,2131,9409,王文杰,http://www.iqiyi.com/a_19rrhc3zj9.html,张子健/杨露/颜丙燕,8.2,甘十九妹
古装剧/言情剧/武侠剧/剧情,国语,内地,3.30亿,81009,185756,朱锐斌,http://www.iqiyi.com/a_19rrhb5jmt.html,刘庭羽/蒋毅/陈威翰/徐申东/陆昱霖/汤镇业/周明增/李思蓓,7.0,仙侠剑
历史剧/剧情/年代剧,国语,内地,3999万,2338,3740,白涛,http://www.iqiyi.com/a_19rrhbb8bt.html,王新军/黄小蕾/高强/史光辉/王唯/孙艺菲,6.2,铁血独立营
剧情/都市/家庭剧/言情剧,国语,内地,3.47亿,64643,320955,俞钟,http://www.iqiyi.com/a_19rrhb51ct.html,霍思燕/雷佳音/曹征/韩烨/顾艳/吕凉/唐以诺/邢瀚卿/王浩钧/方子春,8.3,我的媳妇是女王
宫廷剧/言情剧/古装剧/剧情,国语,内地,5389万,5988,27155,李惠民/白云默,http://www.iqiyi.com/a_19rrhbbi9l.html,高云翔/侯梦瑶/袁咏仪/万梓良/亓航/高仁/徐麒雯/吴谨言/刘越/陈西贝/孙婉婷/蔡蝶,8.2,多情江山未删减版
言情剧/偶像剧/青春剧,国语,台湾,3582万,6794,48978,林清芳/王明台,http://www.iqiyi.com/a_19rrhc3m2x.html,陈嘉桦/吴尊/汪东城/唐禹哲/唐治平/阮经天/张皓明/龚继安/郭静纯,8.8,花样少年少女
宫廷剧/言情剧/历史剧/古装剧,国语,内地,2.00亿,25262,96396,高翊浚,http://www.iqiyi.com/a_19rrhc1qup.html,范冰冰/张丰毅/李治廷/张馨予/张钧甯/李解/张庭/李晨/周海媚/王绘春/李李仁/李光复/张彤/米露/孙佳奇/张定涵/施诗,7.9,武媚娘传奇未删减版
言情剧/农村剧,国语,内地,1377万,1292,2634,乌兰塔娜,http://www.iqiyi.com/a_19rrhatpwt.html,鸿利/田宇鹏/姜妍/冯国庆/于小慧/李菁菁/田成仁/丁勇岱,6.7,葵花进城
罪案剧/剧情,国语,内地,2877万,1739,4560,王明军,http://www.iqiyi.com/a_19rrhb7h0d.html,曲国强/杨新鸣/谭希和/黄飞,7.2,墓道
青春剧/偶像剧/科幻剧/言情剧/网络剧,国语,内地,3.42亿,70779,245735,姬智,http://www.iqiyi.com/a_19rrhb0pbh.html,张伦硕/杨子祯/王鑫尧/莫熙儿/宋乐/袁福福/王洁曦/李竹君,7.8,我的美女老师
青春剧/家庭剧/言情剧,80集全,内地,1.50亿,600,38972,毛尉光,http://www.iqiyi.com/a_19rrk2jfw9.html,尚于博/马雅舒/江祖平/何赛飞/林在培/杨婷婷,9.8,娘家的故事3
历史剧/谍战剧/军旅剧,国语,内地,1.50亿,6444,37207,孙小光,http://www.iqiyi.com/a_19rrgjc6rp.html,孙逊/尤勇/高峰/冯恩鹤/王奎荣/张慧/蒋婧/刘惠/刘頔/孙鹏滨/耿懿,8.5,战火兵魂
青春剧/言情剧/偶像剧,国语,内地,1.33亿,13629,79569,沈怡/周国栋,http://www.iqiyi.com/a_19rrgjadnt.html,袁弘/吕一/林佑威/孙骁骁/季晨/张杨果而/李世鹏/秦沛/李颖,8.5,真爱惹麻烦
科幻剧/喜剧/网络剧,国语,内地,5378万,21462,41377,探花,http://www.iqiyi.com/a_19rrhaooql.html,王蕴凡/许梦圆/刘骐/高钧贤/赵雅淇/王紫伊/彤阳/宋卉如,6.6,超能快递侠
国语,32集全,内地,324万,150,316,于立清,http://www.iqiyi.com/a_19rrh9wogp.html,宋佳伦/张小斐/韩童生/杨猛/朱紫汶/铁鹤/朱婷/郭铁城,6.8,敢死队
悬疑剧/罪案剧/剧情,国语,内地,8683万,5874,26375,张志/王兵,http://www.iqiyi.com/a_19rrhc3i3l.html,韩青/李诚儒/张立/毛俊杰/王昌娥/张恩齐/孟召重/于笑/李印/李洋/贾梓,8.2,清网行动
神话剧/历史剧/古装剧/悬疑剧,国语,内地,2316万,2194,10171,蒲腾晋/袁英明,http://www.iqiyi.com/a_19rrhbzlfl.html,吕良伟/楼学贤/俞小凡/翁虹/杨丽菁/陈明真/范冰冰/博弘/屈中恒/蒋勤勤/连静雯/丁仰国,8.2,达摩祖师
青春剧/家庭剧/剧情,国语,内地,2160万,1323,10877,张晓光,http://www.iqiyi.com/a_19rrj63xg9.html,张默/叶璇/孙菲菲/张天霖/馨子/赵越/李颖,8.9,叫一声妈妈
言情剧/偶像剧/剧情/都市,韩语,韩国,8157万,24248,195822,李应福/白尚勋,http://www.iqiyi.com/a_19rrhahfat.html,宋仲基/宋慧乔/晋久/金智媛,8.9,太阳的后裔制作特辑
家庭剧/言情剧/剧情/都市,国语,内地,3681万,4915,11920,林彬,http://www.iqiyi.com/a_19rrhc30jh.html,王美雪/李进荣/马幼兴/李佳璘,7.1,情锁
言情剧/古装剧,国语,台湾,4673万,6122,13655,李平,http://www.iqiyi.com/a_19rrk2ixgt.html,蒋勤勤/朱茵/庹宗华/焦恩俊/陈昭荣,6.9,苍天有泪
喜剧/军旅剧/剧情,国语,内地,2013万,1770,6611,英壮,http://www.iqiyi.com/a_19rrhbc0pd.html,鲍大志/赵卫东/陈铮/颜冠英/英壮,7.9,二号交通站
家庭剧/都市,国语,内地,1.42亿,16161,62347,陈佩斯,http://www.iqiyi.com/a_19rrhavrp9.html,陈佩斯/刘蓓/杨立新/白玉,7.9,好大一个家
罪案剧/剧情/悬疑剧,国语,内地,1933万,2161,5155,李平,http://www.iqiyi.com/a_19rrhbdnb5.html,王亚楠/苏茂/王刚/郭晓晓/潘娟/程莉莎,7.0,天不藏奸
青春剧/家庭剧/言情剧,42集全,内地,2.72亿,5875,23609,庞好,http://www.iqiyi.com/a_19rrjpuzh1.html,马伊琍/杜淳/赵正阳/陈思斯/于嘉萌/刘莉莉/李光复/马书良/王之夏/张京宇/于莎莎,8.0,青春期撞上更年期2
国语,29集全,内地,1.64亿,7971,15046,王鸿飞/尹涛,http://www.iqiyi.com/a_19rrh9mn0p.html,连奕名/赵子惠/卢誉文/徐立/武强/梁椰雯/郑敏/宫萍/丁海峰/舒耀瑄,6.5,对与决
青春剧/家庭剧/言情剧/剧情/都市,国语,内地,6909万,10119,38591,刘俊杰,http://www.iqiyi.com/a_19rrhagz65.html,陈伟霆/唐艺昕/冉旭/徐申东/魏大勋/梁田/李泰/菅韧姿/罗云熙/陈胤妃/吴竞/刘立伟/荣蓉/蔡纲/范春霞/林鹏/杨雪,7.9,因为爱情有幸福之二
军旅剧/年代剧,34集全,内地,1.24亿,3313,9192,张国庆,http://www.iqiyi.com/a_19rrk1pu2x.html,丁海峰/温峥嵘/马师红/尚于博,7.4,瑶山大剿匪
剧情/年代剧/偶像剧,国语,内地,6453万,12167,52402,陈玉珊/马华干/周晓鹏,http://www.iqiyi.com/a_19rrhaw7qp.html,唐嫣/刘恺威/杨蓉/杨佑宁/张萌/邰智源/臧洪娜/王彦霖/张鑫/梁修身,8.1,千金女贼未删减版
军旅剧/剧情/都市,国语,内地,1.30亿,9635,183211,刘猛,http://www.iqiyi.com/a_19rrj5v1wh.html,庹宗华/侯勇/于震/于和伟/矢野浩二/李子雄/吴晓敏/郭广平/金毅/李飞/唐文龙/刘雨欣/侯梦莎/高雄/肖轶,9.5,特战先锋
喜剧/剧情/年代剧,国语,内地,1864万,2270,5545,陈福黔,http://www.iqiyi.com/a_19rrhc47zh.html,李保田/李朝友/刘亚津/王大安/侯继林/谢润/周萍,7.1,王保长新篇
家庭剧,国语,内地,819万,498,774,万世忠,http://www.iqiyi.com/a_19rrh9o0nt.html,陈仙梅/何中华/石云鹏/林江国/袁晓旭/张新华,6.1,哑女情深
言情剧/历史剧/古装剧/偶像剧,国语,内地,2.54亿,24853,111287,袁英明/程力栋/国建勇,http://www.iqiyi.com/a_19rrhaj5bt.html,林更新/林允儿/金桢勋/贾青/邹兆龙/高以翔/古力娜扎/孙骁骁/赵韩樱子/严屹宽/范雨林/杜奕衡/杨玏/于荣光/张晓晨/张鹰/刘流,8.2,武神赵子龙未删减版
历史剧/剧情/年代剧/谍战剧,国语,内地,8812万,7298,21717,石伟,http://www.iqiyi.com/a_19rrgiimr1.html,贾青/郭家铭/李雯雯/杨轶然/三浦研一/王纪弦,7.5,游击兵工厂
言情剧/青春剧/剧情/都市,国语,内地,2413万,6232,16386,何洛,http://www.iqiyi.com/a_19rrhc06t5.html,佟大为/杨雪,7.2,蝴蝶飞飞
年代剧/谍战剧,国语,内地,4.04亿,19255,60702,高战/李宏宇/张磊,http://www.iqiyi.com/a_19rrhbfqf1.html,张子健/吕佳容/马敬涵/麦迪娜·买买提,7.6,热血
青春剧/言情剧/网络剧/偶像剧/科幻剧,国语,内地,6.04亿,138835,1732369,张哲书,http://www.iqiyi.com/a_19rrhavikt.html,黄仁德/陈奕/沈建宏/余晋/蔡黄汝/罗震环,9.3,涩世纪传说
喜剧/青春剧/家庭剧,38集全,内地,5290万,18344,134631,杨议,http://www.iqiyi.com/a_19rrj5quvh.html,杨议/杨少华/韩兆/买红妹/方子春/郜妍妍/雪村/孙桂田,8.8,杨光的新生活
青春剧/言情剧/网络剧/偶像剧/悬疑剧,国语,内地,1.22亿,34956,145775,久保田哲史/桂言,http://www.iqiyi.com/a_19rrhbkfd5.html,古川雄辉/马思纯/王传君/叶祖新/陈昊/龚蓓苾/张辛苑/王野,8.1,不可思议的夏天
罪案剧/都市,国语,内地,506万,299,700,钟少雄,http://www.iqiyi.com/a_19rrh9uayt.html,王亚楠/王蔚/丁莉/赵岩松/周磊/张洁/武洪,7.0,代号蓝色行动
青春剧/偶像剧/言情剧,国语,内地,3731万,6896,14863,俞钟,http://www.iqiyi.com/a_19rrhc3bpx.html,张歆艺/李光洁/奇道/杨舒婷/大左/何泓姗/石兆琪/冯雷/周晓鸥/程煜,6.8,绝爱35集版
言情剧/剧情/悬疑剧,国语,内地,2259万,2354,4486,穆龙/尚洪武,http://www.iqiyi.com/a_19rrhbzuvl.html,安泽豪/吴秀波/崔林/李诚洁/张立,6.6,新四大名捕
军旅剧/言情剧/谍战剧,国语,内地,5.72亿,80865,324799,刘新,http://www.iqiyi.com/a_19rrhaw7z1.html,王雷/刘涛/齐奎/叶祖新/王汀/曲双双/方圆/苏彦洁,8.0,铁在烧
罪案剧,国语,内地,1434万,700,2104,安建,http://www.iqiyi.com/a_19rrhatu4x.html,谷智鑫/温峥嵘/丁勇岱/鲍国安/于恒,7.5,国家机密2
悬疑剧,国语,内地,1098万,821,4765,蓝海瀚/林合隆/胡储玺,http://www.iqiyi.com/a_19rrh9ouv1.html,张铎/王凯/胡宇威/张俪/李欣汝/彭静/苑琼丹/马岩,8.5,新神探联盟
历史剧/古装剧/偶像剧/宫廷剧,国语,内地,5056万,5835,41993,董力,http://www.iqiyi.com/a_19rrk3qsy5.html,黄晓明/宁静/陈道明/董勇/王刚/刘芸/刘晓虎/何佳怡/杜淳/李勇/杨洪武/赵小锐/胡光子,8.8,大汉天子2
历史剧/古装剧/宫廷剧,40集全,内地,2561万,5008,24274,范秀明,http://www.iqiyi.com/a_19rrk3qpol.html,黄晓明/茹萍/孙海英/李菲/安以轩/赵熠洋/熊乃瑾/刘冠麟/高昊/邬倩倩/柏妍安/董勇,8.3,大汉天子3
言情剧/年代剧/剧情,国语,内地,7179万,6072,13024,杜军,http://www.iqiyi.com/a_19rrhayyip.html,战菁一/唐曾/林好/毕彦君/王茂蕾/张东升/田玲/王晴/韩雯雯/李超/刘紫鸣,6.8,爱你一生
韩语,11集全,言情剧/偶像剧/罪案剧/青春剧,4163万,4587,54900,韩国,http://www.iqiyi.com/a_19rrgjcufp.html,延政勋/李英雅/李元钟/张铉诚/金柱英,9.2,吸血鬼检察官2
青春剧/偶像剧/言情剧/都市,国语,内地,8368万,10547,38794,高先明,http://www.iqiyi.com/a_19rrhbz2rx.html,赵韩樱子/彭冠英/路晨/林佑威/徐玉兰/王志华/李欣聪/苑琼丹/许榕真/赵胜胜/周云深,7.9,因为爱情有奇迹未删减版
喜剧/剧情/农村剧,国语,内地,5755万,3736,11921,郭林,http://www.iqiyi.com/a_19rrhbdl1h.html,王小利/唐鉴军/田娃/金玫玫/路遥,7.6,乡村名流
家庭剧/言情剧/年代剧,国语,内地,2286万,4583,7529,罗福,http://www.iqiyi.com/a_19rrgieqyp.html,谢祖武/郭珍霓/陈昭荣/赵圆圆/臧洪娜/王宇婕/张雅萌/姚卓君/陈之辉/唐冉昕,6.2,完美新娘
青春剧/家庭剧/言情剧,35集全,内地,5577万,1625,271912,林添一,http://www.iqiyi.com/a_19rrk3gps1.html,秋瓷炫/李彩桦/凌潇肃/迟帅/涂黎曼/郑亦桐/馨子/雷佳音/夏台凤,9.9,回家的欲望
家庭剧/言情剧/偶像剧,35集全,内地,4731万,6889,47233,王重光,http://www.iqiyi.com/a_19rrk3i97t.html,林心如/谭耀文/蒋勤勤/李立群/常铖/胡可/邢岷山/刘小锋,8.7,半生缘
言情剧/年代剧/悬疑剧,33集全,内地,7949万,4760,37120,李慧珠,http://www.iqiyi.com/a_19rrk39f71.html,叶璇/刘恺威/何晟铭/徐麒雯/高昊/习雪/何赛飞/潘虹,8.9,国色天香
青春剧/家庭剧/言情剧,国语,内地,3732万,8454,51918,董志强,http://www.iqiyi.com/a_19rrj6x5tl.html,杨童舒/严志诚/小涓子/胡亚捷/何中华/罗旭,8.6,妈妈再爱我一次
国语,34集全,内地,284万,162,535,刘国彤/崔俊德,http://www.iqiyi.com/a_19rrh9wn6d.html,杨烁/叶璇/于越/孙鹏滨/邹俊百/齐峰/徐成峰,7.7,尖刀战士
剧情/家庭剧/年代剧/言情剧,国语,内地,1.52亿,18336,37295,李云亮,http://www.iqiyi.com/a_19rrhc3kc1.html,黄曼/靳东/陈昭荣/周奇奇/李天柱/郭郁滨/姚卓君/丁子玲,6.7,妇道
宫廷剧/青春剧/古装剧/偶像剧,国语,内地,2.58亿,7741,90295,李慧珠/邓伟恩/梁国冠,http://www.iqiyi.com/a_19rrjwhvx9.html,赵丽颖/陈晓/乔任梁/杨蓉/张可颐/刘雪华/恬妞/李彦希/李依晓/李雯雯/高云翔/吴映洁,9.2,陆贞传奇未删减版
军旅剧/历史剧/年代剧,国语,内地,2.13亿,26275,97232,雷献禾,http://www.iqiyi.com/a_19rrgicuhh.html,于震/于明加/徐翠翠/杜源/王翊丹/关亚军,7.9,虎刺红
言情剧/古装剧/偶像剧/青春剧,国语,内地,4.28亿,45306,809292,黄伟杰/谭友业/梁国冠/马华干,http://www.iqiyi.com/a_19rrgibkj5.html,吴奇隆/刘诗诗/叶祖新/吴映洁/霍政谚/岳跃利/张哲瀚/周奇奇/卫莱/蔡雅同/霍建华/郑佩佩/寇振海/吴华新/牛犇,9.5,犀利仁师
青春剧/言情剧/偶像剧,国语,台湾,2.89亿,75150,306062,许富翔,http://www.iqiyi.com/a_19rrgiiy9h.html,林心如/杨一展/许玮甯/谢佳见/邹承恩/戴君竹/柯淑勤/郭品超,8.0,16个夏天
青春剧/言情剧/都市/偶像剧,国语,内地,1.17亿,22898,132774,张博昱,http://www.iqiyi.com/a_19rrgidhkp.html,陈晓东/唐艺昕/徐正曦/毛林林/孙骁骁/金泽灏/胡彩虹/杨志雯/张逸杰/张籽沐/张岩,8.5,加油爱人
悬疑剧/谍战剧/军旅剧,32集全,内地,9791万,3833,55079,于浩威,http://www.iqiyi.com/a_19rrj5rjr1.html,吴秀波/唐于鸿/施京明/郭凯敏/万美汐,9.3,剑谍
喜剧/农村剧,国语,内地,8669万,4579,18717,梦继,http://www.iqiyi.com/a_19rrhaew15.html,林永健/李健/李小萌/郭广平/李依玲/陈瑾/韩童生/范明/王一珺/赵熠洋,8.0,小镇大法官
年代剧/谍战剧/军旅剧,国语,内地,1.61亿,9910,31905,程力栋,http://www.iqiyi.com/a_19rrgjefmp.html,于震/王力可/刘萌萌/刘流/蒙亭宜/王子睿/杨梓铎/刘长德/赵达/张振华/左腾云/李东翰/周浩东,7.6,利箭纵横
都市/家庭剧/言情剧,国语,内地,1.70亿,18182,35130,朱锐彬,http://www.iqiyi.com/a_19rrhayk4p.html,何晟铭/白冰/于和伟/王琳/王黎雯/宋允皓/方子春/秦焰/秦雪,6.6,婚前协议
言情剧/剧情/网络剧/偶像剧,国语,内地,2664万,11739,30906,郑军,http://www.iqiyi.com/a_19rrhavptt.html,戴向宇/陈雅婷/许峰/刘前程/赵铂涵/袁冰妍,7.2,白衣校花与大长腿2番外篇
宫廷剧/历史剧/古装剧,40集全,内地,9700万,7428,35576,马骁/赵镭,http://www.iqiyi.com/a_19rrj6uso1.html,焦晃/陈锐/左小青/贾一平/沙溢/李芸/苏茂,8.3,乾隆王朝
剧情/谍战剧,国语,内地,1.04亿,8221,18943,郑志勇,http://www.iqiyi.com/a_19rrhb19d1.html,郭晓东 (小)/贾青/杨溢/万梓良/吕凉/三浦研一/侯煜/张铮/杨树林/任山,7.0,劫中劫
穿越剧/青春剧/言情剧/偶像剧,国语,韩国,1.01亿,15681,117538,金炳株,http://www.iqiyi.com/a_19rrgjcun5.html,池贤宇/刘仁娜/金镇佑/柯得熙/陈艺瑟/东允/严孝燮/李权勋/朴英玲/赵达焕,8.8,仁显王后的男人
年代剧/剧情/喜剧/商战剧,国语,内地,4250万,2145,6115,傅百良,http://www.iqiyi.com/a_19rrhafa85.html,赵本山/小沈阳/唐鉴军/于月仙/程野/毕畅/翟星月/杨冰/陈爽/小沈龙,7.4,不是钱的事
剧情/言情剧/武侠剧/古装剧,国语,内地,2643万,3631,8284,王晶/钟少雄/谭友业/江道海,http://www.iqiyi.com/a_19rrhbznmh.html,聂远/朱茵/钟欣潼/安以轩/方中信/谭耀文​/黄秋生/高虎/吴庆哲/张彤,7.0,雪山飞狐聂远版
言情剧/家庭剧/都市,国语,内地,2.72亿,55780,210727,毛小睿,http://www.iqiyi.com/a_19rrhb4chd.html,任重/高露/王耀庆/王阳/朱茵/郭凯敏/徐洁儿/王倩一,7.9,小爸妈
宫廷剧/古装剧/剧情,国语,香港,1623万,875,2306,胡明凯/姚天堂/梁德华,http://www.iqiyi.com/a_19rrhb7ch9.html,郑则仕/林心如/陈志朋/梁小冰/陈国邦/商天娥/徐锦江,7.2,食神
悬疑剧/商战剧/家庭剧/剧情/都市,国语,内地,3763万,8004,15204,金韬,http://www.iqiyi.com/a_19rrhc458t.html,刘之冰/李颖/徐以若/郝岩,6.6,美丽谎言
青春剧/年代剧/谍战剧,国语,内地,2.68亿,16270,71277,谭俏,http://www.iqiyi.com/a_19rrhc1shd.html,王雷/贾青/叶项明/蒋恺/肖聪/常戎,8.1,东江英雄刘黑仔
言情剧/偶像剧/剧情,22集全,内地,2428万,2283,44646,周德华,http://www.iqiyi.com/a_19rrj5qirp.html,车仁表/黄奕/黄海冰/傅淼/王华英/王华/韦国春/丁嘉丽,9.5,爱在离别时
剧情/家庭剧/喜剧,国语,内地,2354万,1675,11760,陆晓光/王岗/王胜起/刘卫平/杨甲年,http://www.iqiyi.com/a_19rrhb39bl.html,龚锦堂/黄锦裳/苏志丹/丁玲/张纹博/郭昶,8.8,外来媳妇本地郎第一部
古装剧/喜剧/神话剧,国语,内地,380万,179,525,黄真真,http://www.iqiyi.com/a_19rrh9sz39.html,关礼杰/陈彦妃/孙耀威/谢元真/吴辰君/午马/刘恒宇,7.5,聊斋之龙飞相公
剧情/都市,国语,内地,2057万,3077,6267,刘二威,http://www.iqiyi.com/a_19rrhc35kd.html,王艳/李佳璘/刘敏/梁爱琪,6.7,漂亮主妇
家庭剧/剧情,国语,内地,1.07亿,7910,14881,张宁,http://www.iqiyi.com/a_19rrhake21.html,张佳宁/高曙光/王思懿/杜源/马睿/褚峰/句号,6.5,亲情暖我心
言情剧/农村剧/喜剧,国语,内地,346万,243,611,林和平,http://www.iqiyi.com/a_19rrh9ws8x.html,闫学晶/赵君/张一龙/来喜/赵淑珍/王红梅/林家川/姜瑞佳/苑冉,7.2,女怕嫁错郎未删减版
神话剧/古装剧,国语,内地,1.11亿,15318,147399,黄建勋/苏沅峰,http://www.iqiyi.com/a_19rrha9kmt.html,陈浩民/穆婷婷/陈威翰/陈紫函/刘庭羽/徐申东/关智斌/刘娜萍/王秋紫/陈秀丽/蔡国庆,9.1,天天有喜2之人间有爱未删减版
军旅剧/剧情/年代剧,国语,内地,1.17亿,12818,82967,孔笙,http://www.iqiyi.com/a_19rrj5qljh.html,廖凡/杨烁/张译/李晨/吕夏/王黎雯/方慧,8.7,生死线
古装剧/喜剧/剧情,国语,内地,4688万,9156,124000,高林豹,http://www.iqiyi.com/a_19rrj5qvvx.html,吴孟达/舒畅/张默/曾志伟/叮当,9.3,少年大钦差
历史剧/古装剧/剧情,国语,内地,1332万,2759,5242,陈敏,http://www.iqiyi.com/a_19rrhc3yvh.html,于守金/祝延平/鲍国安/董子武/丁汝骏/雷仲谦/赵勇/舒耀宣/徐少华,6.6,人物志水浒传
喜剧/青春剧/言情剧/偶像剧,国语,内地,2.78亿,45055,169864,谭朗昌/祝东宁,http://www.iqiyi.com/a_19rrgjdfzh.html,杜淳/佟丽娅/周一围/徐飒/薛佳凝/苏小明/萧浩冉/张凌烽/张璇/马秋子,7.9,恋爱的那点事儿
神话剧/武侠剧/古装剧,国语,内地,5020万,2598,14289,潘文杰,http://www.iqiyi.com/a_19rrhavhbt.html,马景涛/宁静/胡静/钟汉良/张定涵/王耀庆/黄文豪/寇占文/丁宇佳,8.5,魔界之龙珠
罪案剧/历史剧/古装剧/悬疑剧,国语,内地,5134万,2906,31650,钱雁秋,http://www.iqiyi.com/a_19rrhbyzcd.html,梁冠华/张子健/吕中/曲栅栅/须乾/赵志刚/严燕生/徐晓贝/祝延平,9.2,神探狄仁杰
言情剧/剧情/都市/偶像剧,国语,内地,2229万,3071,13437,蒋家骏,http://www.iqiyi.com/a_19rrhbb565.html,霍建华/秦岚/边潇潇/于毅/钱泳辰,8.1,伤城之恋
历史剧,国语,内地,284万,178,540,郑克洪,http://www.iqiyi.com/a_19rrh9pbuh.html,王伍福/范燕/闫妮/刘敏涛/熊睿玲/王燕熙,7.5,朱德元帅
青春剧/言情剧/偶像剧,国语,内地,2340万,5794,27355,柯翰辰,http://www.iqiyi.com/a_19rrgif8sx.html,安以轩/贺军翔,8.3,真爱遇到他未删减版
古装剧/罪案剧/剧情,国语,内地,6511万,3861,10464,阚卫平,http://www.iqiyi.com/a_19rrk2tvfl.html,王庆祥/刘敏涛/陶泽如/李洪涛/孙涛/苗圃/张粤/王继世/谭非翎/胡战利/袁霞/杨保亮/李保安,7.3,大宋提刑官2
青春剧/言情剧/年代剧,国语,内地,5253万,3510,15473,张新建,http://www.iqiyi.com/a_19rrgiitlh.html,唐曾/傅晶/王凯/张龄心/周游/苏茂洋/瑛子/刘威/李强/任帅,8.2,知青
武侠剧/古装剧/剧情,国语,内地,3.66亿,23257,212237,赖水清,http://www.iqiyi.com/a_19rrjzj1th.html,钟汉良/陈楚河/张檬/张定涵/毛晓彤/宗峰岩/姜大卫/田丽/傅艺伟/吴廷烨/卢勇/何欣,9.0,天涯明月刀
言情剧/剧情/年代剧,国语,内地,3616万,4025,10804,何丽萍,http://www.iqiyi.com/a_19rrhbil8l.html,刘恺威/杜淳/杨洁玫/岳跃利,7.3,换子成龙
喜剧/言情剧/偶像剧,39集全,内地,5089万,1557,12876,伍宗德,http://www.iqiyi.com/a_19rrk57nk5.html,胡兵/陈好/薛佳凝/张恒/陆毅/黄安/张璐/丁丹妮/张引棣/刘若英/张延/张世/陈坤,8.9,粉红女郎
军旅剧/剧情/年代剧,国语,内地,1.85亿,10663,25796,王响伟,http://www.iqiyi.com/a_19rrhayuxt.html,游大庆/覃文静/孙耀琦/杨洪武/过齐鸣/李永林/陈晓雪/梁晶晶,7.1,东北剿匪记
家庭剧/剧情,国语,内地,7725万,11967,27245,沈燕林,http://www.iqiyi.com/a_19rrhaw7k9.html,闫学晶/杜源/张少华/郭东文/赵芮/褚峰/句号/周建鹏/李梅可,6.9,家有一老
武侠剧/古装剧/剧情,国语,内地,3.76亿,29039,144675,潘文杰,http://www.iqiyi.com/a_19rrhc1wep.html,林峰/张檬/张晓龙/斓曦/宗峰岩/刘雪华/陈雅婷/郑则仕/蔡俊涛/谭俊彦,8.3,陆小凤与花满楼
喜剧/家庭剧/言情剧/偶像剧/都市,国语,内地,1.12亿,5442,32237,王伟民,http://www.iqiyi.com/a_19rrhaa8xx.html,朱雨辰/焦俊艳/姜超/戚九洲/谢楠/姜妍/舒萧霖/李琦/苏延石/山鹰/王文思/关晓彤,8.6,奶爸的爱情生活
青春剧/言情剧/偶像剧,韩语,韩国,1.68亿,26130,284656,于正华,http://www.iqiyi.com/a_19rrgjcv69.html,朴信惠/尹施允/金智勋/朴秀珍/金正山/高庚杓/金允慧/金瑟祺/李钟赫/朴世英,9.2,邻家花美男
罪案剧/都市/悬疑剧,国语,内地,3040万,3197,6626,管虎,http://www.iqiyi.com/a_19rrhc05gh.html,陶泽如/陈道明/袁立/丁嘉丽/高明/董勇/刘斌,6.7,黑洞
言情剧/年代剧,39集全,内地,3509万,1125,47101,刘逢声/徐惠康,http://www.iqiyi.com/a_19rrj6uvft.html,戴娇倩/刘雪华/冯绍峰/蒋毅/蓝燕/钱泳辰/孙兴,9.8,钻石豪门
言情剧/武侠剧/古装剧,国语,内地,1749万,1551,11287,李国立,http://www.iqiyi.com/a_19rrhbzuc5.html,苏有朋/林志颖/陈德容/李绮红/郑嘉颖/王道/于莉/侯炳莹/林瑞阳,8.8,绝代双骄林志颖版
言情剧/农村剧/喜剧/青春剧,国语,内地,1.11亿,9937,52164,卢卫国,http://www.iqiyi.com/a_19rrhawb91.html,李泽锋/解惠清/殷叶子/曹随风/韩兆/张竟达/张立/李菁菁,8.4,嘿！真不是闹着玩的
青春剧/言情剧/剧情,国语,内地,4934万,3024,35983,滕华涛,http://www.iqiyi.com/a_19rrj6sue5.html,海清/林永健/奚美娟/涂松岩/孙岩/林小凡/常玉宏/苇靑,9.2,王贵与安娜
喜剧/家庭剧/剧情,国语,内地,1544万,1930,6247,陆晓光/王胜起/刘卫平/杨甲年,http://www.iqiyi.com/a_19rrhb3c85.html,龚锦堂/黄锦裳/苏志丹/丁玲/张纹博/郭昶,7.6,外来媳妇本地郎第三部
商战剧/剧情/都市,国语,内地,2.70亿,20785,66282,孔笙/孙墨龙,http://www.iqiyi.com/a_19rrhbep1h.html,郭涛/任程伟/袁咏仪/陈丽娜/金泽灏/曹苑/何杜娟/洪秀儿/郭晓然/张骁晗/刘奕君/冯晖/谭希和/王永泉,7.6,温州两家人
剧情/都市,国语,内地,953万,1048,2378,束一德,http://www.iqiyi.com/a_19rrhb9xed.html,赵亮/仇小豹/庞祖云/王群英,6.9,山城棒棒军
言情剧/古装剧/年代剧,国语,内地,6542万,8299,26868,吴锦源,http://www.iqiyi.com/a_19rrk3xool.html,安以轩/冯绍峰/李彩桦/何晟铭/米雪/伊能静/邓家佳/李菲儿/乔振宇/郑国霖/肖雨雨/张笛/赵丽颖/姜鸿/秦玮珑,7.6,锁清秋
军旅剧/言情剧/剧情,国语,内地,2.41亿,12390,55470,宏胤,http://www.iqiyi.com/a_19rrhawj9d.html,李健/张雯/王乐君/景岗山/张宁江/陆彭,8.2,战魂
言情剧/青春剧/家庭剧,国语,内地,1.28亿,27936,98506,胡储玺,http://www.iqiyi.com/a_19rrj6x5r5.html,霍思燕/冯绍峰/吴晓敏/李立/关少曾/张建新/吴竞/张芝华/杨大鹏/屈玥/王聪/管羽/陈丽丽/唐可/李智楠,7.8,夫妻一场
言情剧/悬疑剧,国语,内地,4.12亿,31293,52542,花箐,http://www.iqiyi.com/a_19rrhal77l.html,罗晋/杨烁/林园/闫学晶/林江国,6.3,狭路
言情剧/偶像剧/剧情,28集全,台湾,1.72亿,88575,1072289,柯翰辰,http://www.iqiyi.com/a_19rrj5ut3p.html,言承旭/陈嘉桦/张勋杰/黄瑜娴/陈紫函/周晓涵/钱韦成/严乙恩/顾宝明/小小彬/纪欣伶/陈孝萱/荣蓉/刘力扬/李柏萱/纪欣妤/许毅川/袁文康,9.2,就想爱着你
谍战剧/军旅剧/剧情,国语,内地,1.40亿,9024,20275,陈伟祥,http://www.iqiyi.com/a_19rrhc023d.html,朱泳腾/于震/刘思彤/魏春光/岳跃利/李解/崔钟/刘竹/张殿伦/王琇强,6.9,我的抗战之猎豹突击
言情剧/偶像剧/青春剧,国语,内地,2.21亿,50925,171078,张孝正,http://www.iqiyi.com/a_19rrgig0kt.html,林佑威/李毓芬/杨晨/李欣聪/温升豪/陈懿/刘洁/张佩华/余娅/顾艳/邵传勇,7.7,涛女郎
言情剧/都市/偶像剧,国语,内地,8473万,15836,40659,黄伟杰,http://www.iqiyi.com/a_19rrhb0w9t.html,温升豪/戴娇倩/李廷镇/蔡妍/徐立/朱佳煜/王琳/寇振海/岳跃利/陈莎莉,7.2,如果爱可以重来
喜剧/青春剧/家庭剧,18集全,内地,2328万,9598,33739,杨议,http://www.iqiyi.com/a_19rrj5q6op.html,杨议/杨少华/韩兆/李立君,7.8,杨光的快乐生活2
古装剧/宫廷剧,国语,内地,810万,741,4057,田少波,http://www.iqiyi.com/a_19rrh9pdft.html,宋洋/杨净如/吴静一/刘淼淼/纳伊莎/邢琪琦/谢闻轩/郑茜/郭萱,8.5,明珠游龙
网络剧/言情剧/古装剧/宫廷剧,国语,内地,2.41亿,47117,334438,尤小刚,http://www.iqiyi.com/a_19rrhahwvt.html,王耀庆/李成儒/舒畅/迟帅/邬靖靖/孙逊/周庭伊/吴若甫/石小群/程晓燕/赵煊/赵志瑶/吕中,8.8,乾隆秘史
青春剧/家庭剧/言情剧/剧情/都市,国语,内地,1.16亿,16825,61987,余淳,http://www.iqiyi.com/a_19rrhbwt5l.html,宋丹丹/朱媛媛/朱泳腾/石凉/李乃文,7.9,幸福请你等等我
言情剧/年代剧/家庭剧,国语,内地,8738万,4170,18340,陈朱煌,http://www.iqiyi.com/a_19rrk57gfh.html,江宏恩/吕佳容/宗峰岩/高洋/陈仙梅/顾宝明/王中皇/刘博皓/赵文瑄/俞小凡/陈淑芳/王惠五/朱嘉镇/王宇/李亭哲,8.1,团圆
谍战剧/剧情,国语,内地,1.88亿,26957,77304,于敏,http://www.iqiyi.com/a_19rrhb1t75.html,罗晋/吕一/赵立新/张晞临/罗嘉良/曾虹畅/黄俊鹏/郑亦桐/马可/毛方圆,7.4,爸爸父亲爹
罪案剧/剧情/悬疑剧,国语,内地,4170万,2957,16136,吴小东,http://www.iqiyi.com/a_19rrhbdm5h.html,张子健/金鑫/冯静,8.5,案发现场2
悬疑剧/军旅剧/谍战剧/剧情,国语,内地,1.67亿,22542,55337,李森,http://www.iqiyi.com/a_19rrhb8rp1.html,徐洪浩/袁志博/陶宇佳/侯梦莎/侯勇/洪卫/周惠林/赵荀/王一鸣/许新宇/张进/王长林,7.1,刺蝶
青春剧/家庭剧/言情剧/都市/偶像剧,国语,内地,2.88亿,18310,70985,刘进,http://www.iqiyi.com/a_19rrhbhqwl.html,李小冉/杜淳/张嘉译/于明加/张鲁一/王维维/朱锐/王唯伊/关晓彤/汤镇业/吴冕/李光洁/林保怡/王骁,7.9,老婆大人是80后
喜剧/网络剧,国语,内地,2493万,3290,30401,李志廷,http://www.iqiyi.com/a_19rrhaxydd.html,魏子煜/周梓航/孔祥月/张亚楠/侯振尧/李潇/李家明/范金子/好弟/山楂妹,9.0,小明和他的小伙伴们
宫廷剧/历史剧/剧情,国语,内地,6060万,5606,42907,刘恒,http://www.iqiyi.com/a_19rrj6vli5.html,邓超/郝蕾/潘虹/何赛飞/霍思燕/杨蓉,8.8,少年天子之顺治王朝
言情剧,国语,内地,3.93亿,18895,36438,潘越,http://www.iqiyi.com/a_19rrhaqs4p.html,巩峥/徐翠翠/王泷正/宁丹琳/熊梓菱/肖荣生/周翔/黄河/钮宝平/陈震/吴春燕,6.6,我的爱情撞上了战争
青春剧/家庭剧/言情剧/偶像剧,国语,内地,1.29亿,11500,35999,李威,http://www.iqiyi.com/a_19rrgi75gx.html,林申/朱杰/沈陶然/刘莉莉/林继东/赵玲琪/李光复/马书良,7.6,独生子
家庭剧/言情剧/剧情,35集全,内地,2018万,1852,5732,王小康,http://www.iqiyi.com/a_19rrj5v795.html,文江/陈紫函/马苏/保剑锋/张凯丽/宗峰岩/武文佳,7.6,善良背后
家庭剧/言情剧/剧情,国语,内地,2.93亿,21157,45813,澄丰/陈太源,http://www.iqiyi.com/a_19rrhaj2j1.html,姚芊羽/巩峥/张玉嬿/高明/王丽云/吴京安/张建新/王倩一/李雅男,6.8,女人不容易
言情剧/偶像剧/青春剧/都市,国语,内地,9811万,8953,63151,曾丽珍,http://www.iqiyi.com/a_19rrgj96v9.html,钟汉良/张钧甯/贾乃亮/韩熙庭/颖儿/江易珈/牟湘盈/陆玲/徐春妮/贺强/蒋恺,8.8,最美的时光未删减版
罪案剧/剧情/悬疑剧,国语,内地,2585万,2731,5927,柳国庆,http://www.iqiyi.com/a_19rrhb6w7h.html,白凡,6.8,罪域
军旅剧,国语,内地,2.10亿,12654,20166,张孝正,http://www.iqiyi.com/a_19rrhamsuh.html,陈昭荣/任东霖/马德钟/杨婷婷/刘钇彤/高博 (演员)/翟万臣,6.1,匹夫英雄
年代剧/罪案剧/剧情,国语,内地,2.58亿,14660,31815,刘飚,http://www.iqiyi.com/a_19rrhalznt.html,黄志忠/王伟/李乃文/柯蓝/李歌/刘琳/赵龙豪/程煜/王鑫,6.8,金水桥边
喜剧/古装剧/剧情/偶像剧,国语,内地,2.13亿,36713,392469,刘逢声,http://www.iqiyi.com/a_19rrgii9w1.html,颖儿/李易峰/叶祖新/吴千语/徐冬冬/洛桑念扎/李倩,9.1,欢天喜地俏冤家
罪案剧/剧情,国语,内地,2029万,1734,5769,陈国军,http://www.iqiyi.com/a_19rrhbcfr1.html,丁勇岱,7.7,末路1997
言情剧/剧情/都市,国语,内地,1.01亿,9051,53813,徐庆东,http://www.iqiyi.com/a_19rrhc2jw9.html,王茜/张磊/刘钧/王挺/刘德凯/隋兰,8.6,急诊室故事
剧情/谍战剧/悬疑剧,国语,内地,1.35亿,13215,78229,陈浩威,http://www.iqiyi.com/a_19rrgifxk9.html,高云翔/吕夏/张铁林/战菁一/吕行/申军谊/廖京生/赵梓博/刘言语/杨升,8.6,刀影
悬疑剧/罪案剧/剧情,英语,美剧,320万,541,1202,迈克尔·W·沃特金斯,http://www.iqiyi.com/a_19rrh9zcq1.html,詹姆斯·斯派德/梅根 · 布恩/迭戈· 克莱特霍夫/Harry Lennix/瑞安·艾戈尔德/帕敏德·纳格拉,6.9,黑名单 第三季
喜剧/剧情/都市,韩语,韩国,5439万,11816,43914,朴俊华/崔奎植,http://www.iqiyi.com/a_19rrhbho91.html,尹斗俊(Beast)/徐贤真/权律,7.9,一起用餐吧2
言情剧/武侠剧/古装剧/偶像剧,国语,内地,2.92亿,16539,98742,马玉辉,http://www.iqiyi.com/a_19rrhc3mvl.html,张倬闻/馨子/张颖/陈浩民/柴碧云/许明虎/王红舟/王鹤鸣/巩汉林,8.6,少林寺传奇藏经阁
言情剧/年代剧/剧情,32集全,内地,2093万,1026,12043,陈朱煌,http://www.iqiyi.com/a_19rrj5rhh1.html,郭珍霓/陈冠霖/刘雪华/贺刚/符馨尹/吴磊,9.2,妈妈为我嫁
言情剧/剧情/都市,韩语,韩国,3585万,7522,25098,李泰坤/金载弘,http://www.iqiyi.com/a_19rrhar5yp.html,朱镇模/金莎朗/金泰勋/金釉利/白成铉/朴珍荣/尹素熙,7.7,亲爱的恩东啊
都市/家庭剧/言情剧,国语,内地,2.11亿,46007,99403,张自强,http://www.iqiyi.com/a_19rrhb5j0p.html,秦海璐/郭晓东/江祖平/胡兵/解惠清/刘冠麟/唐熙/陆昱霖/姬麒麟/高宝宝/田岷/徐溢/李芳淙,6.8,妈妈向前冲
言情剧/家庭剧/都市,国语,内地,427万,334,710,安建,http://www.iqiyi.com/a_19rrh9uaq9.html,马伊琍/涂松岩/张小磊/岳红/商忆莎/丁勇岱/闫学晶/李东霖/刘思彤/马睿,6.8,双城生活
历史剧/剧情,国语,内地,149万,256,396,邓迎海,http://www.iqiyi.com/a_19rrhc3y11.html,温兆伦/奥丽娅/王大奇/金丰/李少亭/白铭健/刘天尧,6.1,浴火危城
言情剧/偶像剧/穿越剧,国语,内地,6.17亿,59204,311527,许富翔,http://www.iqiyi.com/a_19rrham695.html,林心如/贾乃亮/徐璐/金圣柱/李强,8.4,奇妙的时光之旅
青春剧/言情剧/剧情,国语,内地,9639万,11869,74414,澄丰,http://www.iqiyi.com/a_19rrj6ro1x.html,田海蓉/邓超/姚芊羽/贾乃亮/汤唯,8.6,女人不哭
言情剧/剧情/年代剧,38集全,内地,7136万,3347,8497,曾丽珍,http://www.iqiyi.com/a_19rrj6vbmh.html,李小冉/刘恺威/应采儿/方青卓/李子雄/谭凯/严晓频/杜志国/刘交心,7.2,凤穿牡丹
喜剧/青春剧/家庭剧,30集全,内地,4522万,21491,82552,杨议,http://www.iqiyi.com/a_19rrj6272l.html,杨议/杨少华/李立君/韩兆,7.9,杨光的快乐生活3
言情剧/青春剧/家庭剧,国语,内地,1.17亿,24018,73228,庞好,http://www.iqiyi.com/a_19rrhbk2xx.html,蒋欣/曹炳琨/莫小棋/冯嘉怡/潘虹/刘莉莉/李勤勤/高宝宝,7.5,二胎
罪案剧/军旅剧/剧情,国语,内地,1.18亿,14939,63283,刘猛,http://www.iqiyi.com/a_19rrhb1km9.html,任天野/徐洪浩/王妍之/安雅萍/张进/李飞/赵荀/王天野/刘晓洁/姜艺声/王韬,8.1,特警力量未删减版
喜剧/剧情/年代剧,47集全,内地,5844万,2566,13176,赵本山,http://www.iqiyi.com/a_19rrk2im9p.html,张小飞/刘流/于月仙/赵本山/陈美心/范伟,8.4,关东大先生
言情剧/都市/偶像剧,国语,内地,2.03亿,13127,40807,延艺,http://www.iqiyi.com/a_19rrhafhux.html,牛莉/张国强/洪剑涛/刘小锋/英壮/郭秋成/郑伟/张龄心,7.6,麻辣芳邻
言情剧/悬疑剧/谍战剧,国语,内地,3.33亿,21494,147243,谭俏；成志超,http://www.iqiyi.com/a_19rrgifnsx.html,叶璇/莫小棋/刘恩佑/巫迪文/柴碧云/左腾云/李蓓蕾/卓凡/胡东/靳东/岳跃利/梁家仁,8.7,青春烈火
宫廷剧/古装剧/剧情,30集全,内地,7508万,5623,36878,张国立,http://www.iqiyi.com/a_19rrjae2cp.html,张国立/邓婕/吴军/刘淼/侯堃/赵薇,8.7,康熙微服私访记2
宫廷剧/言情剧/偶像剧,45集全,内地,2.93亿,45412,267709,李翰韬,http://www.iqiyi.com/a_19rrk0fqkd.html,贾静雯/李湘/郑爽/刘雨欣/张翰/朱梓骁/袁弘/孙耀琦/高子淇/涂黎曼/俞小凡/蓝燕/林妙可/徐玮璐,8.5,太平公主秘史
农村剧/剧情,国语,内地,3.82亿,31092,116633,张永新,http://www.iqiyi.com/a_19rrhc0njp.html,吴秀波/王雅捷/李洪涛/梁爱琪/姜寒/谭洋/来喜/高晓菲,7.9,马向阳下乡记
青春剧/言情剧/都市,国语,内地,1.08亿,18268,44995,吴锦源/陈国华,http://www.iqiyi.com/a_19rrhbidhp.html,朱茵/刘恺威/冯绍峰/何晟铭,7.1,一千滴眼泪
剧情/谍战剧/悬疑剧,国语,内地,5459万,4077,12170,宋业明,http://www.iqiyi.com/a_19rrhaym7p.html,张博/汪裴/邱士鉴/龙一仪/王迅/周明汕/孙承政/冯国强,7.5,出关
言情剧/家庭剧/都市,国语,内地,2.01亿,17407,27872,贾一平/胡涂,http://www.iqiyi.com/a_19rrhas2r5.html,贾一平/刘涛/奚美娟/巫刚/赵子琪/董晓燕/苏廷石/李文玲/陈小妹/李文启/胡涂,6.2,幸福满屋
青春剧/言情剧/都市/年代剧,国语,内地,2.38亿,22130,86430,付宁,http://www.iqiyi.com/a_19rrhax4g1.html,朱雨辰/任重/姜妍/程媛媛/方安娜/周璞/班赞/陈慧敏/芮伟航/王可昕,8.0,别叫我兄弟
家庭剧/剧情/农村剧,国语,内地,1.70亿,13650,34905,董亚春,http://www.iqiyi.com/a_19rrhacifx.html,黄志忠/马境/吴越/程煜/岳红/杨昆/刘小宁/郑昊,7.2,生命中的好日子
剧情/年代剧,国语,内地,6226万,4345,7689,周小兵,http://www.iqiyi.com/a_19rrhb8bpd.html,左小青/郭晓东/王雨/关晓彤/张少华/杜源/刘雨鑫/吴冕/艾丽娅/李建义,6.4,我们的纯真年代
农村剧,国语,内地,1402万,898,2454,张一凡,http://www.iqiyi.com/a_19rrh9pd2t.html,陶红/午马/赵亮/刘均,7.3,家有大姐
言情剧/剧情/都市,国语,内地,5017万,5031,11773,吴俊,http://www.iqiyi.com/a_19rrhb1oo1.html,孙宁/涂松岩/张洪杰/景岗山/成国栋/吕夏/常远,7.0,离婚协议
历史剧/古装剧/宫廷剧,30集全,内地,1.06亿,16585,52122,陈家林,http://www.iqiyi.com/a_19rrifs6we.html,刘晓庆/陈宝国/郑爽/于慧/鲍国安/周世艺/韩青/刘燕军/欧洋/郭淑萍/梁丽/茹萍/刘毓滨/王培,7.6,武则天刘晓庆版
家庭剧/剧情,国语,内地,551万,382,1811,张前,http://www.iqiyi.com/a_19rrhay23d.html,王志文/左小青/曾红生/赵会南/施大生/姚金飞,8.3,天道
喜剧/古装剧/剧情,国语,内地,1.03亿,14538,349786,沈庄,http://www.iqiyi.com/a_19rrj6ukux.html,苏有朋/王艳/宋丹丹/赵毅/寇振海/姜黎黎/黄晓明/吴晓敏/曹秋根/鲁文/佟瑞欣/林静/方圆/金铭,9.6,无敌县令
历史剧/古装剧/剧情,国语,内地,665万,560,2113,黄健中,http://www.iqiyi.com/a_19rrhbdkoh.html,吕良伟/王姬/刘牧/陈炜/罗忆楠/张迪,7.9,大风歌
武侠剧/古装剧/剧情,国语,内地,9397万,10108,90866,林龙,http://www.iqiyi.com/a_19rrj6sve9.html,释小龙/杨名/叶彤/何中华/吕丽萍/郝蕾/吴越/潘虹/陈龙,9.0,少年黄飞鸿
剧情/军旅剧/年代剧,国语,内地,2.91亿,39644,115424,耿明吉,http://www.iqiyi.com/a_19rrhb94rh.html,徐僧/陈洁/赵雷棋/李思博/崔钟/马捷/崔可法/尹元章/姚岗/文江,7.4,终极对决
家庭剧/都市,国语,内地,196万,132,196,于立清,http://www.iqiyi.com/a_19rrhb6w1x.html,何赛飞/赵敏芬/顾咏菲/仲星火/侯长荣/周笑莉,6.0,婆媳过招
言情剧/都市,国语,内地,207万,270,599,高希希,http://www.iqiyi.com/a_19rrhav0j9.html,濮存昕/许晴/于和伟/梁丹妮/沙溢/党昊,6.9,男人底线
喜剧/家庭剧/言情剧,国语,内地,3851万,3255,14498,梁山,http://www.iqiyi.com/a_19rrgjck4x.html,蔡明/盖克/王丽云/郭家铭/丁丁/程皓枫/朱研/张璇/白国伟,8.2,老妈的三国时代
青春剧/家庭剧/言情剧,国语,内地,1.03亿,16783,112784,澄丰,http://www.iqiyi.com/a_19rrj5ocz9.html,姚芊羽/保剑锋/娟子/佟丽娅/于毅/裘慕远/张恒/李建义/刘金山/盖克,8.7,我是一棵小草
偶像剧/军旅剧,国语,内地,7958万,3818,22648,林建中,http://www.iqiyi.com/a_19rrk4urbh.html,吴奇隆/甘婷婷/谢孟伟/王新/杨奇鸣/陶慧娜/张少华/魏炳桦/赵泽文/李东翰/邓丽欣,8.6,向着炮火前进未删减版
宫廷剧/历史剧/古装剧/年代剧,50集全,内地,2.26亿,14688,63487,陈家林、刘大印,http://www.iqiyi.com/a_19rrjs52kt.html,陈道明/斯琴高娃/茹萍/廖京生/李洪涛/刘钧/薛中锐/高兰村/宫雪花,8.1,康熙王朝50集版
剧情,国语,内地,3.90亿,30284,92127,李印,http://www.iqiyi.com/a_19rrhb1zup.html,小张铎/牛丽燕/刘小锋/张光北/张笑君/赵亮/林江国/马精武/李印/马驰/卢誉文,7.5,生死连
言情剧/剧情/谍战剧,国语,内地,6.96亿,103436,754752,徐纪周,http://www.iqiyi.com/a_19rrhaxj4x.html,李晨/沙溢/马苏/李倩/刘彦卿/童振军/马子俊/孙鹏/大冢匡将/王健（演员）/秦浩/平田康之,8.8,春江英雄之秀才遇到兵
罪案剧/剧情,国语,内地,1372万,663,1572,穆龙,http://www.iqiyi.com/a_19rrh9q67h.html,李修贤/安泽豪/计春华/王双宝/王虎城/郭常辉,7.0,铁腕行动
青春剧/家庭剧/言情剧/偶像剧,国语,内地,3.97亿,8352,57495,李立安,http://www.iqiyi.com/a_19rrjueod9.html,佟丽娅/雷佳音/林园/罗晋/张小磊/王诗槐/郭凯敏/杨昆/马妍婷/翁虹,8.7,断奶
宫廷剧/古装剧/剧情,26集全,内地,7968万,6627,51987,张国立,http://www.iqiyi.com/a_19rrjae2e9.html,张国立/邓婕/赵亮/刘淼/侯堃/杨若兮/龚蓓苾/张咏琪,8.9,康熙微服私访记3
历史剧/年代剧/家庭剧,41集全,内地,2760万,2078,4872,成浩,http://www.iqiyi.com/a_19rrk40wax.html,孙红雷/张敏/苗圃/韩童生/冯远征/颜丹晨/李琳/赵越/陈昊/姚安濂/杨欣,7.0,范府大院
军旅剧/剧情,国语,内地,5071万,5013,13053,于敏,http://www.iqiyi.com/a_19rrhaw3pp.html,杨凡/丁甜/侯京健/孙清/马薇/张乃天,7.2,中国特警
家庭剧/言情剧/剧情/都市,国语,内地,2.43亿,26146,189261,安建,http://www.iqiyi.com/a_19rrgifmox.html,刘涛/涂松岩/马梓涵/白庆琳/潘雨辰/芦芳生,8.8,幸福从天而降
言情剧/都市/偶像剧,国语,内地,1.83亿,13424,74883,李文龙,http://www.iqiyi.com/a_19rrhayyo9.html,李念/郑恺/冯丹滢/谭凯/王琳/韩童生/常铖/张欢/李洪涛/崔可法,8.5,爱的秘笈
青春剧/言情剧/偶像剧,32集全,内地,1.32亿,18880,193793,沈怡/宋洋,http://www.iqiyi.com/a_19rrj5pghx.html,陈乔恩/邱泽/冯绍峰/吉杰/林秀君/路晨/王思雅,9.1,佳期如梦
喜剧/家庭剧,34集全,内地,2787万,29159,107213,杨议,http://www.iqiyi.com/a_19rrj5ql6l.html,杨议/杨少华/韩兆/徐熙颜,7.9,杨光的快乐生活5
历史剧,国语,内地,8472万,5577,32277,陈力,http://www.iqiyi.com/a_19rrharmrp.html,孙维民/黄薇/唐国强/卢奇/王伍福,8.5,海棠依旧
悬疑剧/谍战剧,国语,内地,2.56亿,17074,37927,周小刚,http://www.iqiyi.com/a_19rrhar8hl.html,朱雨辰/李小冉/于和伟/刁琳琳/罗嘉良/徐光宇/宗晓军/刘晓靓/郑强/郭凯敏,6.9,追击者
言情剧/偶像剧/青春剧,国语,内地,192万,267,680,胡意涓,http://www.iqiyi.com/a_19rrh9u8u5.html,安七炫/黎一萱/王曦仪/卢杰君/赵贞恩/谭歆柔,7.2,男才女貌2
军旅剧/言情剧/年代剧,国语,内地,6497万,6326,97984,李三林,http://www.iqiyi.com/a_19rrj6roml.html,杜淳/苗圃/富大龙/侯天来/杜志国/王静/黑子/储智博/张晶晶/马捷,9.4,走西口
言情剧/偶像剧/悬疑剧,国语,内地,6.66亿,69442,298405,吴锦源/邓衍成,http://www.iqiyi.com/a_19rrhawn9h.html,刘恺威/郑爽/李东学/张芷溪/刘雨欣/周海媚/李玲玉/谢君豪,8.1,抓住彩虹的男人
都市/青春剧/言情剧/偶像剧,国语,内地,1.33亿,41612,235241,孙皓,http://www.iqiyi.com/a_19rrhb6b5t.html,赵丽颖/郑恺/蔡文静/郑家彬/车晓/付静/于小伟/王祉萱/孟瑞/马靓/耿乐/王茂蕾,8.5,加油吧实习生未删减版
言情剧/青春剧/都市,国语,内地,212万,143,491,澄丰,http://www.iqiyi.com/a_19rrh9uftl.html,吕一/陈紫函/王阳/朱琳/赵毅/贾乃亮/寇振海/李勤勤,7.7,雪在烧
军旅剧/年代剧,国语,内地,4.38亿,19883,66253,张东东,http://www.iqiyi.com/a_19rrhaamap.html,刘恩佑/吕一/何明翰/寇振海/木幡龙/林伊婷/周毅/唐妤萌/张天霖/丁正勇,7.7,刀光枪影
历史剧/古装剧/宫廷剧,41集全,内地,9411万,13055,94836,梁本熙,http://www.iqiyi.com/a_19rrk3r02l.html,黄晓明/陈道明/陈莎莉/贾静雯/王灵/陈紫函/何佳怡/刘冠翔/刘怡君/孙飞虎/张明健,8.8,大汉天子
历史剧/剧情/谍战剧/悬疑剧,国语,内地,2.44亿,16771,67679,白涛,http://www.iqiyi.com/a_19rrhavw5l.html,张一山/战菁一/杨旸/孙绍龙/柏智杰/郭柏松/刘紫鸣/刘威/刘立伟,8.0,杀寇决
青春剧/言情剧/剧情,国语,内地,1.97亿,10134,71964,林合隆,http://www.iqiyi.com/a_19rrk8cezl.html,李多海/郑元畅/李易峰/方安娜/刘越,8.8,爱的蜜方
言情剧/偶像剧/剧情/都市,韩语,韩国,4731万,8073,23055,金景熙,http://www.iqiyi.com/a_19rrhao3ip.html,黄静茵/柳俊烈/李洙赫/李青儿,7.4,好运罗曼史
喜剧/剧情/都市,国语,内地,9676万,9188,112962,尚敬,http://www.iqiyi.com/a_19rrj58gv9.html,洪剑涛/范明/王磊/周小斌/毛孩/沙溢/姜超,9.2,炊事班的故事3
青春剧/年代剧/偶像剧/言情剧,国语,内地,3.06亿,16227,85055,何澍培,http://www.iqiyi.com/a_19rrhawks5.html,李易峰/陈伟霆/唐嫣/舒畅/黄明/李溪芮/张智尧/杨明娜/何中华,8.4,活色生香未删减版
军旅剧/言情剧/年代剧,国语,内地,1.05亿,21517,222789,郭靖宇,http://www.iqiyi.com/a_19rrj6wthh.html,孙红雷/寇世勋/叶童/张定涵/钱勇夫,9.1,刀锋1937
言情剧/武侠剧/古装剧,33集全,内地,7124万,7103,81386,王新民,http://www.iqiyi.com/a_19rrj5x31x.html,吴樾/舒畅/何美钿/六小龄童/杜志国/钱泳辰/董洋洋/王诗槐/王海地/高蓓蓓/计春华/于东江/张立/于承惠/巴图/王丽敏/佘楠楠/冯韵/王婧/曾爱依,9.2,连城诀
青春剧/言情剧/偶像剧/都市,国语,内地,5.51亿,58736,177735,刘俊杰,http://www.iqiyi.com/a_19rrhahnct.html,刘恺威/古力娜扎/孙艺洲/康宁/朱泳腾/张杨果而,7.5,柠檬初上
古装剧/喜剧/神话剧,34集全,内地,2.13亿,435177,6605594,程力栋,http://www.iqiyi.com/a_19rrjaccw9.html,陈浩民/郭品超/李曼/释小龙/杨幂/陈司翰/陈德容/费振翔/于娜/刘德凯/傅艺伟/牟凤彬/郑伟/赵毅/谢宁/苗海忠,9.4,十二生肖传奇
宫廷剧/古装剧/剧情,28集全,内地,8647万,7146,49566,张国立,http://www.iqiyi.com/a_19rrjae29l.html,张国立/邓婕/赵亮/刘淼/侯堃/俞立文,8.7,康熙微服私访记4
青春剧/言情剧/偶像剧,国语,内地,1.43亿,10397,109706,曾念平,http://www.iqiyi.com/a_19rrgj9tnt.html,林申/李沁/张嘉倪/杨洋/马晓灿/苗侨伟/尤勇/阚清子/归亚蕾/戚美珍/丁嘉林/房子斌/孙赫/陈盈盈,9.1,花开半夏未删减版
言情剧/家庭剧/都市,国语,内地,4.87亿,34154,69627,余淳,http://www.iqiyi.com/a_19rrhacp0p.html,海清/杜淳/张译/陈小艺/秦海璐/贾景晖/邵峰/田雷/刘雅瑟/朱颜曼滋,6.7,女不强大天不容
喜剧/言情剧/都市,国语,内地,2.22亿,16670,64428,尚敬,http://www.iqiyi.com/a_19rrhb3lc5.html,闫妮/高亚麟/钱芳/大左/佟悦,7.9,前夫求爱记
家庭剧/言情剧/都市,国语,内地,2.64亿,23556,67479,习辛,http://www.iqiyi.com/a_19rrhbf9v9.html,范明/闫学晶/张一龙/苇青/马浩博/张恩齐/鞠庆洲/曹力/肖辉,7.4,继父回家
古装剧/剧情,国语,内地,5364万,6167,19602,李朝永/冯凯,http://www.iqiyi.com/a_19rrhaqeut.html,郑家榆/孙耀威/王皓/张凤书/杨宝玮/陈莎莉/施羽/黄维德,7.6,怀玉公主
剧情/年代剧/谍战剧,国语,内地,3.58亿,27771,71274,黄文利,http://www.iqiyi.com/a_19rrhb0glp.html,傅程鹏/侯梦莎/任柯诺/周惠林/夏侯镔/徐风,7.2,铁核桃
青春剧/军旅剧/剧情/偶像剧,国语,内地,3.80亿,30340,273048,尚敬,http://www.iqiyi.com/a_19rrhbbkh5.html,焦俊艳/经超/马程程/陈维涵/石安妮/胡桑/赫雷/王聪/东靖川/顾宇峰,9.0,青春集结号
言情剧/偶像剧/宫廷剧/剧情,国语,内地,8060万,11183,71619,李国立/林玉芬,http://www.iqiyi.com/a_19rrhc0wyl.html,刘诗诗/彭于晏/胡歌/韩栋/陈法拉/石小群/秦昊/田蕊妮/蔡雅同/吕梁/张可颐,8.6,风中奇缘未删减版
喜剧/家庭剧,国语,内地,5165万,3125,27545,英达,http://www.iqiyi.com/a_19rrhbetmd.html,文兴宇/宋丹丹/杨立新/关凌/梁天/赵明明/沈畅/张永强/金雅琴,9.0,我爱我家
神话剧/言情剧/古装剧,国语,内地,3260万,6576,18177,高力强/孔笙/张营,http://www.iqiyi.com/a_19rrhc3x1t.html,刘敏涛/刘奕君/王辉/张子健/陈紫函/王绘春/王玫/王昌娥/王丽娜/雷瑞琴,7.3,人鬼情缘
喜剧/家庭剧/农村剧,36集全,内地,1.65亿,74925,396743,付百良,http://www.iqiyi.com/a_19rrjabdfx.html,闫学晶/李菁菁/王晓曦/秦卫东/谢园/句号/黄晓娟/于莉红/付聪/妮娜/郑昊/杜肖雄/徐成林,8.4,女人当官
青春剧/家庭剧/言情剧/都市/偶像剧,国语,内地,2.35亿,12967,94929,刘恺,http://www.iqiyi.com/a_19rrhbhbfx.html,李晨/童瑶/秦丽/荆浩/冯粒/李依玲/冯军/李玉龙 /陈洪海,8.8,爸爸快长大
言情剧/都市,韩语,韩国,5580万,11316,46101,池英洙,http://www.iqiyi.com/a_19rrhb2ldh.html,郑敬淏/金素妍/尹贤敏/秦久/李时言/朴永奎/赵恩智/安锡焕,8.0,陷入纯情
喜剧/青春剧/剧情/都市,英语,美剧,7496万,18974,110589,马克·穆先科,http://www.iqiyi.com/a_19rrgi9y39.html,玛蒂娜·希尔,8.5,屌丝女士第3季
喜剧/家庭剧/言情剧,国语,内地,9495万,6408,22235,甘露,http://www.iqiyi.com/a_19rrhbz111.html,张俪/涂松岩/马元/张璇/张檬/任伟/宗峰岩/张晨光/艾茹/涓子,7.8,不是不想嫁
家庭剧/言情剧/都市,国语,内地,1.07亿,10782,21341,高林豹,http://www.iqiyi.com/a_19rrhaxaf5.html,李宗翰/李康宜/潘虹/包文婧/徐美玲/杨砚铎,6.6,爱你不放手
剧情/都市/罪案剧,国语,内地,3.68亿,24981,103805,来赫/张睿,http://www.iqiyi.com/a_19rrhb3hf5.html,于和伟/祖峰/叶一云/张延/侯岩松/要武/张宁江/张念骅/陈晓萍/李芳淙,8.1,刑警队长
言情剧/剧情/年代剧,国语,内地,3.84亿,44287,98517,林添一,http://www.iqiyi.com/a_19rrhb0w7x.html,胡静/翟天临/翁虹/馨子/于毅/吴玉芳/贺彬/徐婧灵/张铭轩,6.9,泪洒女人花
商战剧/言情剧/剧情/网络剧/悬疑剧,国语,内地,4.58亿,12984,386126,白羽/陈迅,http://www.iqiyi.com/a_19rrhbai5l.html,冯婧/刘倬廷/李鹤/白羽/李艺科/韩璐,9.7,替身
年代剧/谍战剧,国语,内地,5.82亿,32832,99441,王利兴,http://www.iqiyi.com/a_19rrhaamkl.html,李卓霖/王梓桐/侯传杲/杨梓墨/章雯淇/马晓军/甘昀宸/宋军/牛飘/何政军,7.5,狐影
家庭剧/年代剧,国语,内地,2.95亿,4024,23863,孔笙/李雪,http://www.iqiyi.com/a_19rrk50x3l.html,李立群/殷桃/张译/迟蓬/靳东/张佳宁/任帅/刘敏涛/冯国强/苗克/戴佳佳/陈松,8.6,温州一家人
家庭剧/历史剧/年代剧,国语,内地,2466万,4159,8004,郭宝昌,http://www.iqiyi.com/a_19rrhbzvfl.html,陈宝国/佟瑞欣/何赛飞/江姗/雷恪生,6.6,大宅门续
军旅剧/历史剧/剧情,国语,内地,3.49亿,24296,77050,赵俊凯,http://www.iqiyi.com/a_19rrhaxosd.html,谷智鑫/王珂/冯海煜/仁青东珠/魏震/冯玉玺/黑子,7.6,大刀记
军旅剧/剧情/年代剧,国语,内地,2.66亿,29655,99931,钱雁秋,http://www.iqiyi.com/a_19rrhbbkr1.html,张子健/梁琳琳/贺刚/钟卫华/淳于珊珊/韩含/史磊/王心圣/黄小瑜/杨明,7.7,飞虎队
军旅剧/剧情/谍战剧,国语,内地,5.80亿,30834,109160,于敏,http://www.iqiyi.com/a_19rrhbahl1.html,徐佳/刘晓洁/谭凯/吴谨言/韩童生/李小冉/马卫军/宁晓志/谭非翎,7.8,激战
言情剧/年代剧,国语,内地,3.68亿,33305,88444,徐惠康,http://www.iqiyi.com/a_19rrjsjszh.html,佘诗曼/江祖平/钱泳辰/陆昱霖/解惠清,7.3,嫁入豪门
军旅剧/历史剧,25集全,内地,7074万,3779,8018,高希希,http://www.iqiyi.com/a_19rrk30cf5.html,刘孜/佟大为/于滨/邵峰/李依晓/矢野浩二,6.8,狙击手
武侠剧/古装剧,国语,内地,4699万,4447,39055,王晶,http://www.iqiyi.com/a_19rrhawuzh.html,张卫健/谢霆锋/袁泉/范冰冰/徐锦江/柏雪/孙菲菲/郑希怡/吴庆哲,9.0,小鱼儿与花无缺
军旅剧/言情剧/剧情/年代剧,国语,内地,4.69亿,36039,194443,郭靖宇,http://www.iqiyi.com/a_19rrk1cpyt.html,王珞丹/杨志刚/刘威/王绘春/史可/杨昆/黑子/杜若溪/宗平,8.4,红娘子
剧情/年代剧/悬疑剧,国语,内地,2.39亿,25022,76411,李森/金霖,http://www.iqiyi.com/a_19rrhb7oyp.html,徐僧/陈洁/亓航/石安妮/马诗红/钱漪/马杰/马杰力/李军/倪土/梁春书,7.5,夺宝传奇
罪案剧/历史剧/年代剧,国语,内地,8897万,5498,19334,李东云,http://www.iqiyi.com/a_19rrhbiim1.html,张耀扬/赵峥/朱虹/陈继铭,7.8,东陵大盗
古装剧/宫廷剧,国语,内地,1214万,1528,5129,田少波,http://www.iqiyi.com/a_19rrh9pdpp.html,宋洋/何杜娟/关慧卿/陈一诺/陈思璇/朱一龙/王艺曈/王春妹/赵家林,7.7,大明嫔妃之长门怨
家庭剧/言情剧/剧情,国语,内地,4908万,9463,35093,鲁晓威,http://www.iqiyi.com/a_19rrj6vlw1.html,张凯丽/黄梅莹/孙松/李雪健/郑乾龙/庞敏/韩影,7.9,渴望
言情剧/剧情/都市/偶像剧,国语,内地,3.74亿,54233,215970,徐纪周,http://www.iqiyi.com/a_19rrhb1tal.html,佟大为/姚笛/刘天佐/徐翠翠/李依玲/陈卫/李建华/何铁红/张晓磊/姚奕辰/唐北平,8.0,我的宝贝
剧情/言情剧/武侠剧/古装剧/悬疑剧,国语,内地,4.89亿,83181,726615,林峰,http://www.iqiyi.com/a_19rrgimhmp.html,黄宗泽/戚薇/马天宇/孙骁骁/袁弘/林心如/胡桑/孙耀琦/张睿/吴倩,9.0,少年神探狄仁杰
武侠剧/古装剧,国语,内地,3886万,5527,12241,王文杰,http://www.iqiyi.com/a_19rrhc3zo5.html,赵恒煊/邢岷山/李婷/张子健,6.9,白眉大侠
军旅剧/剧情,国语,内地,7.22亿,35389,96460,杜军,http://www.iqiyi.com/a_19rrhafhz9.html,王挺/史光辉/乔鹏樾/苏茂洋/阮巡/张旭/张宛庭/杨梅,7.3,铁血战狼
国语,34集全,内地,3530万,1947,4733,张前,http://www.iqiyi.com/a_19rrh9wk51.html,刘晓虎/刘一含/陈逸恒/范志博/马浩博/韩风,7.1,千里雷声万里闪
喜剧/军旅剧/剧情,国语,内地,8631万,16740,221233,英达,http://www.iqiyi.com/a_19rrj5xhl9.html,吴樾/刘金山/英壮/鲍大志/高亮/颜冠英/赵卫东/熊伟/陈松/程六一,9.3,地下交通站
年代剧/商战剧/谍战剧,国语,内地,8640万,7005,31636,黄文利,http://www.iqiyi.com/a_19rrgidqop.html,傅程鹏/程愫/于和伟/侯勇/申军谊/侯梦莎/徐洪浩/句号/周惠林/夏侯镔,8.2,与狼共舞
家庭剧/剧情/农村剧,国语,内地,1.49亿,12201,30903,张新建,http://www.iqiyi.com/a_19rrhah745.html,蒋欣/王凯/程皓枫/杨淇/李超,7.2,女人的天空
神话剧/言情剧/古装剧,36集全,内地,7996万,31401,307130,吴家骀,http://www.iqiyi.com/a_19rrj6wxxh.html,黄圣依/杨子/韩再芬/吴兰辉/文清/王思懿/杨恭如/蔡少芬/胡可/郑晴,9.1,天仙配
历史剧/剧情,国语,内地,5087万,4371,22947,花箐,http://www.iqiyi.com/a_19rrhc46vx.html,林江国/吴其江/刘磊/王韦智,8.4,壮士出川
青春剧/军旅剧/剧情,国语,内地,2.09亿,13023,65032,林建中,http://www.iqiyi.com/a_19rrhbzisx.html,王新/谢孟伟/周楚楚/王珂/胡洋/魏炳桦/张少华/谢承均,8.3,我要当八路
家庭剧,国语,内地,3579万,4735,15865,王振宏,http://www.iqiyi.com/a_19rrhafzk9.html,朱洁/谢兰/张妍,7.7,樱桃红之袖珍妈妈
喜剧/网络剧,国语,内地,2996万,28787,84489,洛森,http://www.iqiyi.com/a_19rrhb6b2p.html,彭德松/解濮菀/张译文/子昊/宋斌伟/麦希,7.5,嘻哈白蛇传
悬疑剧/罪案剧/剧情,32集全,内地,1.31亿,13644,122544,徐庆东,http://www.iqiyi.com/a_19rrj6rtv5.html,李成儒/王茜/张潮/董勇/高榕/张博,9.0,重案六组第一部
喜剧/家庭剧,22集全,内地,1921万,5912,63214,杨议,http://www.iqiyi.com/a_19rrj5qmal.html,杨议/杨少华/韩兆,9.1,杨光的快乐生活6
军旅剧/剧情,国语,内地,3.49亿,16450,61252,杨小波,http://www.iqiyi.com/a_19rrhbg5xp.html,王新军/宁静/韩张/郑媛元/邱晔/尹泽强/李恰/朱瑞祥,7.9,地雷英雄传
家庭剧/剧情/农村剧,国语,内地,1.08亿,17281,74842,顾克利,http://www.iqiyi.com/a_19rrgif5st.html,闫学晶/张岩/徐成林/雷婷/王洪梅/董连海/郭旺/徐广明/张二丹/李萱,8.1,豆腐西施杨七巧
罪案剧/都市,国语,内地,479万,276,793,崔俊德,http://www.iqiyi.com/a_19rrh9u89t.html,杜志国/何政军/郑卫莉,7.4,惊雷行动
言情剧/青春剧/剧情,国语,内地,3686万,8287,50696,袁晓满,http://www.iqiyi.com/a_19rrhaq6mx.html,张云龙/王洋/王煜/杜俊泽/吕卓燃/苗驰,8.6,神犬小七第二季未删减版
农村剧/家庭剧/剧情,国语,内地,3.13亿,24865,91716,张新建/张开宙,http://www.iqiyi.com/a_19rrhc1smx.html,陈宝国/冯远征/牛莉/蒋欣/任帅/梁林琳/刘敏/岳旸/舒耀瑄/刘向京/冯国强/陈月末/苏茂洋/瑛子/林伊婷/雷恪生/白志迪/高明,7.9,老农民
年代剧/悬疑剧/谍战剧/剧情,国语,内地,2.32亿,13623,111849,李雪,http://www.iqiyi.com/a_19rrhb96l5.html,胡歌/靳东/刘敏涛/王凯/王乐君/宋轶/王鸥/岳旸/郭晓峰/王铮/刘奕君/郭虹/张棪琰,8.9,伪装者未删减版
青春剧/家庭剧/剧情,国语,内地,2.13亿,21987,99337,刘家成,http://www.iqiyi.com/a_19rrjanh69.html,陶红/孔琳/毛晓彤/吕丽萍/张蓓蓓/郑奇/魏小军/杨舒婷/任晗/郭鑫/许歌/毕彦君/褚栓忠,8.2,傻春
言情剧/武侠剧/古装剧,国语,内地,2.93亿,50361,373063,黄伟杰,http://www.iqiyi.com/a_19rrhbb19h.html,赵丽颖/陈伟霆/吴奇隆/叶祖新/刘思彤/樊少皇/高伟光/张天霖/贾晓晨/文咏珊/武小莉/魏春光/吴华新/韩雨芹/李进荣/崔钟,8.8,蜀山战纪第2季
悬疑剧/罪案剧/剧情,36集全,内地,1.52亿,48557,379377,徐庆东,http://www.iqiyi.com/a_19rrj6svjp.html,王茜/张潮/丁志诚/王挺/刘钧/王超/陈亦然/郭昊伦/肖聪,8.9,重案六组第三部
青春剧/言情剧/网络剧/偶像剧,国语,内地,3.33亿,91992,285327,郑军,http://www.iqiyi.com/a_19rrgiixgt.html,郝允祥/许峰/袁冰妍,7.6,白衣校花与大长腿
神话剧/言情剧/古装剧,国语,内地,6095万,7282,44064,陈俊良,http://www.iqiyi.com/a_19rrifrxdq.html,何润东/董洁/陈冠霖/谢元真/陈诚/寇振海,8.6,梁山伯与祝英台
宫廷剧/言情剧/历史剧/古装剧,国语,内地,3.30亿,33115,183105,成志超/胡储玺,http://www.iqiyi.com/a_19rrgjatnh.html,明道/陈乔恩/罗晋/袁姗姗/胡静/金莎/佟丽娅/陈晓/田亮/林园/任学海/李智楠/谢苗,8.5,王的女人
青春剧/言情剧/都市/偶像剧,30集全,内地,2.96亿,4989,35164,赖水清/曹国莉/刘国辉,http://www.iqiyi.com/a_19rrg3gcyp.html,苏有朋/秦岚/熊乃瑾/谭俊彦/肖光奕/吴华新/王宣予/张天霖/杨诚诚/任珈锐,8.8,非缘勿扰
喜剧/青春剧/言情剧/偶像剧,国语,内地,1.29亿,29318,213721,韦正,http://www.iqiyi.com/a_19rrgjefid.html,陈赫/娄艺潇/孙艺洲/王传君/李金铭/金世佳/赵霁/赵文琪/邓家佳/李佳航,8.8,爱情公寓那些事儿
古装剧/神话剧/剧情,国语,内地,1.51亿,15691,132011,潘文杰,http://www.iqiyi.com/a_19rrj6vyux.html,欧阳震华/刘宏宇/李立/霍思燕/曾宝仪/蒲巴甲/张嘉倪/姚芊羽/冯绍峰/郭珍霓/袁文康/张浩天/茹萍/熊乃瑾/刘一含/袁菲/李倩/严屹宽/周一围/许还幻/李智楠,8.9,天师钟馗
剧情/谍战剧/悬疑剧,国语,内地,2.92亿,21002,46740,何流/白杨,http://www.iqiyi.com/a_19rrhakcol.html,李幼斌/张粟/丁咛/涩谷天马,6.9,邮差
言情剧/偶像剧/青春剧/都市,国语,内地,7.39亿,48684,199937,刘俊杰,http://www.iqiyi.com/a_19rrhb1zzl.html,戚薇/王耀庆/王汀/朱泳腾/杨昆/于小磊/袁冰妍/龙一一/黄婧纯/符涛/冉旭/洪连城/盖克/吴春燕,8.0,我是杜拉拉
剧情/言情剧/武侠剧/古装剧/偶像剧,国语,内地,3264万,10538,40410,李慧珠,http://www.iqiyi.com/a_19rrhc1yt5.html,陈晓,7.9,神雕侠侣陈晓版杨过特辑
军旅剧/历史剧/剧情,国语,内地,4.04亿,38873,181913,侯明杰,http://www.iqiyi.com/a_19rrhc0jpp.html,徐佳/杨舒/吴京安/林浩,8.2,我的特一营
喜剧/言情剧/都市,国语,内地,1.55亿,12344,50701,武洪武/王飞,http://www.iqiyi.com/a_19rrhc00j1.html,佟丽娅/李乃文/王姬/王刚/李纯/连凯/陆晨/文梦洋/任伟/万美汐,8.0,大都市小爱情
言情剧/偶像剧/青春剧,国语,内地,7.80亿,191377,1381599,吴建新,http://www.iqiyi.com/a_19rrhb59at.html,曾沛慈/林子闳/Evan/徐开骋/蔡宜臻/昆凌/曹曦月/王薇/阳咏存/勾峰,8.8,明若晓溪
喜剧/青春剧/言情剧/偶像剧,韩语,韩国,7644万,14396,96915,申元浩,http://www.iqiyi.com/a_19rrgjcx6p.html,郑恩地/徐仁国/Hoya Niel/申素毓/殷志源/李施彥/宋钟浩/Tony An/文熙俊/金钟民,8.7,请回答1997
言情剧/青春剧/家庭剧,30集全,内地,2.55亿,25198,316633,王迎,http://www.iqiyi.com/a_19rrk3fkst.html,赵宝刚/宋丹丹/朱雨辰/白百何/王子文/贺刚/任重/高露/王新民/陈逸恒/周思平/刘逢源/康亢/马靓/吉米,9.3,家的n次方
军旅剧/历史剧/谍战剧,国语,内地,1.12亿,7463,31607,赵浚凯,http://www.iqiyi.com/a_19rrhc4539.html,王珂/何政军/赵聪/鲍鲲,8.1,狙击部队
罪案剧/剧情/悬疑剧,32集全,内地,1.54亿,16176,193891,徐庆东,http://www.iqiyi.com/a_19rrj6ujgx.html,王茜/丁志诚/王挺/孙菲菲/张潮/侣萧,9.2,重案六组第二部
家庭剧/言情剧,国语,台湾,8498万,11142,24827,沈怡,http://www.iqiyi.com/a_19rrk2iw05.html,马景涛/岳翎/金铭/何晴/叶静/归亚蕾/刘雪华,6.9,青青河边草
罪案剧/悬疑剧,英语,美剧,5177万,4238,23422,文斯-吉甘/米歇尔·麦克拉伦/亚当·伯恩斯坦,http://www.iqiyi.com/a_19rrifu1s5.html,布莱恩·克兰斯顿/安娜·冈/亚伦·保尔/RJ·米特/迪恩·诺里斯/贝茜·布兰特/Bob Odenkirk/乔纳森·班克斯/吉安卡洛·埃斯珀西多/史蒂芬·迈克尔·克扎达,8.5,绝命毒师第5季
言情剧/谍战剧/军旅剧,国语,内地,8278万,415,29701,高梓博,http://www.iqiyi.com/a_19rrk2crn1.html,陆毅/刘涛/朱泳腾/杨紫彤/孙绍博/高姝瑶/樊昊仑,9.9,掩护
青春剧/偶像剧/科幻剧,国语,台湾,3.41亿,69267,704480,柯政铭/翁靖廷,http://www.iqiyi.com/a_19rrhbzt9l.html,晨翔/Teddy/文雨非/宇宙/雨婷/Lucia/Sunnee/纪欣妤/那维勋/曾沛慈/陈德修,9.1,终极少女
言情剧/年代剧,国语,内地,5.87亿,34947,79774,陶秋普,http://www.iqiyi.com/a_19rrhal6vt.html,李健/颜丹晨/史光辉/周奇奇/祖峰/张永健/米学东/鲍大志/沙景昌/侯长荣/李嘉熙,7.0,我和她的传奇情仇
国语,40集全,内地,2.76亿,12449,22127,常猛,http://www.iqiyi.com/a_19rrhat7fh.html,刘烨/何杜娟/孔维/刘斌/杨奇鸣/曲波/王放,6.4,红色通道
言情剧/青春剧/家庭剧,国语,内地,1.09亿,27843,68844,李小平,http://www.iqiyi.com/a_19rrgi9lhx.html,曹曦文/张桐/左翎/徐卫/王柠/蒋方婷/袁子皓/艾伟/李心敏,7.1,野鸭子2
历史剧/悬疑剧/谍战剧/剧情,国语,内地,6141万,4301,24955,赵青/虎子,http://www.iqiyi.com/a_19rrhbzno1.html,刘琳/于震/王丽坤/施京明/淳于珊珊/原华/高露/王锦鹏/马昌钰/张嘉译,8.5,五号特工组
军旅剧/年代剧/谍战剧/悬疑剧,国语,内地,2.42亿,20231,54152,黄文利,http://www.iqiyi.com/a_19rrgjc8y9.html,傅程鹏/程愫/侯梦莎/赵荀/安雅萍,7.3,与狼共舞2
历史剧/军旅剧/剧情,国语,内地,4668万,8071,39988,毛卫宁,http://www.iqiyi.com/a_19rrgifo19.html,佟大为/万茜/罗晋/刘威/王雷/李小萌/蒲巴甲/萨日娜/徐玉琨/张浩天/吴健,8.3,十送红军
神话剧/言情剧/古装剧/偶像剧,国语,内地,5.13亿,31276,234873,吴锦源/陈国华/黄锦田/陈俊,http://www.iqiyi.com/a_19rrgcpnmp.html,赵丽颖/关智斌/戴娇倩/丁子峻/李子雄/曹馨月/白珊/张明明/程泓/唐妤萌/孟瑞/杨明娜,8.8,追鱼传奇
国语,36集全,内地,3.46亿,17716,35184,周敏,http://www.iqiyi.com/a_19rrhau4ox.html,王珂/林江国/陈菲/郑茜/韩宇辰/田猛/刘诗涵,6.7,游击英雄
历史剧/年代剧/谍战剧,国语,内地,3.53亿,31774,153082,孔笙/李雪,http://www.iqiyi.com/a_19rrhc183h.html,刘烨/陈宝国/焦晃/倪大红/王庆祥/程煜/廖凡/董勇/沈佳妮/祖峰/李晨/王凯/王劲松/姜瑞佳/马少骅/孙之鸿/陈丽娜/谢钢,8.3,北平无战事
剧情/军旅剧/历史剧,国语,内地,3.61亿,46018,166632,焦晓雨,http://www.iqiyi.com/a_19rrhb9gyd.html,吴樾/董姝/郭昊伦/柯柏龙/赵正阳/唐昕/张立/孙亮/王红舟/王程,7.8,地雷战
军旅剧/剧情/年代剧,国语,内地,1.04亿,43553,246911,李小亭,http://www.iqiyi.com/a_19rrjae3ax.html,王千源/侯天来/李琦/许还幻/姜华/王红舟/侯祥/王铭/王奎荣/张春年,8.5,地道战
农村剧/家庭剧/剧情,国语,内地,4249万,4813,11610,张晓春,http://www.iqiyi.com/a_19rrhc0nrx.html,张丰毅/张莉莉/曲国强/王茜华/赵倩,7.1,上门女婿
剧情/网络剧,国语,内地,3.26亿,43913,337363,韦正,http://www.iqiyi.com/a_19rrhaznch.html,陈赫/娄艺潇/孙艺洲,8.8,爱情公寓番外篇
悬疑剧/罪案剧,英语,美剧,4651万,3036,25489,文斯-吉甘/米歇尔·麦克拉伦/亚当·伯恩斯坦,http://www.iqiyi.com/a_19rriftxtf.html,布莱恩·克兰斯顿/安娜·冈/亚伦·保尔/Rj Mitte/Dean Norris/Betsy Brandt/Bob Odenkirk,8.9,绝命毒师第3季
武侠剧/古装剧/偶像剧/神话剧,国语,内地,20.06亿,163436,973226,朱锐斌,http://www.iqiyi.com/a_19rrhb8ind.html,张翰/古力娜扎/蓝盈莹/关智斌/高钧贤/李超/高伟光/吴磊,8.6,山海经之赤影传说
青春剧/言情剧/偶像剧,36集全,内地,1.67亿,6229,46647,赖水清/曹国莉/刘国辉,http://www.iqiyi.com/a_19rrg4cnpp.html,苏有朋/秦岚/熊乃瑾/谭俊彦/肖光奕/吴华新/王宣予/张天霖/杨诚诚/任珈锐,8.8,非缘勿扰未删减版
军旅剧/年代剧,国语,内地,6060万,4327,16930,董亚春,http://www.iqiyi.com/a_19rrhb7b9t.html,张丰毅/郑昊/戴娇倩/佟瑞欣/徐永革/马晓伟/曹克难/刘劲,8.0,长沙保卫战
都市/青春剧/言情剧,国语,内地,6.64亿,51165,282438,于中中/陈畅,http://www.iqiyi.com/a_19rrhb3l29.html,潘之琳/朱梓骁/戴向宇/王笛/张璇/玛丽亚·凯克/贾晓晨/李凤绪/侯长荣/廖学秋/田丽,8.5,闪亮茗天
言情剧/家庭剧/都市,国语,内地,4021万,7933,17693,林彬,http://www.iqiyi.com/a_19rrhc30sh.html,袁咏仪/倪齐民/李佳璘/张亮,6.9,真爱之百万新娘
历史剧/军旅剧,国语,内地,193万,180,799,臧云飞,http://www.iqiyi.com/a_19rrh9w99d.html,远明/刘涛/程皓枫/黄海冰/赵文卓/蔡国庆/邓英/周海媚/孙茜,8.2,红星照耀中国未删减版
古装剧/悬疑剧/剧情,国语,内地,1.32亿,73822,349437,唐浩,http://www.iqiyi.com/a_19rrjaa2b1.html,金超群/何家劲/范鸿轩/陈浩民/王莎莎/江宏恩/金铭/王仪伟/张鹏/赵晟魁/白晓,8.3,包青天之七侠五义
家庭剧/言情剧/剧情/都市,国语,内地,4.56亿,29745,230839,杨阳,http://www.iqiyi.com/a_19rrhaw575.html,马苏/袁姗姗/应采儿/李晨/袁弘/乔振宇/赵传/矢野浩二/田征/宿宇杰/赵倩,8.9,天使的城
神话剧/武侠剧/古装剧,国语,台湾,1.15亿,17599,126747,李惠民,http://www.iqiyi.com/a_19rrj6sus1.html,赵文卓/何润东/孙兴/黄奕/秦岚/陈怡蓉/李立群,8.8,风云2
武侠剧/古装剧,国语,内地,7.52亿,41011,267875,吴家骀,http://www.iqiyi.com/a_19rrhbg9gx.html,陈晓/郑爽/严屹宽/刘德凯/梁冠华/谢宁/马书良/张芷溪/饶晓志,8.7,五鼠闹东京
神话剧/武侠剧/古装剧,国语,内地,4.66亿,47201,272917,钱雁秋/靳德茂,http://www.iqiyi.com/a_19rrhawb4p.html,张子健/刘德凯/六小龄童/钱雁秋/钟卫华/淳于珊珊/贺刚/关悦,8.5,石敢当之雄峙天东
军旅剧/言情剧/年代剧/谍战剧,国语,内地,1.29亿,32426,87504,陶秋普,http://www.iqiyi.com/a_19rrifq2zh.html,祖峰/颜丹晨/史光辉/芦菲/芦芳生/马京京/李  杨/洪  悦/王予鑫/池  源,7.3,独狼
家庭剧/言情剧/偶像剧,国语,内地,3.51亿,47782,266490,张哲书,http://www.iqiyi.com/a_19rrgiac3t.html,刘恺威/赵丽颖/关智斌/丁子峻/王智/梁丽/王翊菲/黄爱玲/杨诚诚,8.5,妻子的秘密TV版
剧情,国语,内地,2.54亿,17740,53010,刘涛（导演）,http://www.iqiyi.com/a_19rrhb1hgl.html,奇道/徐翠翠/陈创/斌子/姜寒/孙锡堃/王迅/秦伯坤,7.5,壮丁也是兵
神话剧/古装剧/偶像剧,35集全,内地,8716万,9802,60508,余明生/赵箭,http://www.iqiyi.com/a_19rrk57eb1.html,曹骏/舒畅/焦恩俊/刘冠翔/林湘萍/刘晓庆/刘小锋/朴美萱/周洁/颜丹晨/游本昌/王卫国/陈创,8.6,宝莲灯
言情剧/年代剧/军旅剧,国语,内地,4.80亿,87363,285303,杨文军,http://www.iqiyi.com/a_19rrgibvnl.html,佟丽娅/杨烁/许还幻/毛晓彤/何赛飞/郭鹏/高露/曾虹畅/鲍天琦/蒋一铭/梁艺馨,7.7,刀客家族的女人
青春剧/言情剧/偶像剧,国语,内地,1.33亿,21031,380216,张林子,http://www.iqiyi.com/a_19rrgiefd1.html,Nichkhun /徐璐/蒋劲夫/魏大勋/朱丹/周晓鸥/于文文/高珑珂/孟佳/李昶,9.5,一又二分之一的夏天
剧情,国语,内地,1.20亿,7178,13750,谢德麟,http://www.iqiyi.com/a_19rrh9pu2p.html,于晓光/刘晓洁/胡洋/谢孟伟/陶洋/郭郁滨/王海地,6.6,终极使命
年代剧/军旅剧/剧情,国语,内地,2.91亿,30271,216116,张健,http://www.iqiyi.com/a_19rrhc0kld.html,张若昀/毛晓彤/章雯淇/吴承轩/高洋/司源/黑子,8.8,雪豹坚强岁月
历史剧/古装剧/剧情,国语,内地,1234万,940,2216,李前宽/肖桂云,http://www.iqiyi.com/a_19rrhaqet9.html,陈宝国/徐帆/唐国强/曾黎/侯天来/马跃/姜华/潘粤明/洪涛,7.0,传奇皇帝朱元璋
历史剧/武侠剧/古装剧,国语,内地,1.20亿,17000,122596,丁仰国,http://www.iqiyi.com/a_19rrj6v1j9.html,保剑锋/金巧巧/王卫国/张铁林/李小冉/吴樾/沈兰/释小龙/计春华,8.8,薛仁贵传奇
宫廷剧/古装剧/剧情,国语,内地,1.71亿,12217,86840,石零/张子恩,http://www.iqiyi.com/a_19rrj5yac9.html,李保田/张国立/王刚/邓婕/李丁/王璐瑶/李嘉存,8.8,宰相刘罗锅
喜剧/言情剧/偶像剧,日语,日本,1.58亿,51836,403902,小中和哉/松本壇/二宮崇,http://www.iqiyi.com/a_19rrhbyywl.html,古川雄辉/未来穂香/山田裕贵/堀井新太/铃木身来/伊藤梨沙子,8.9,一吻定情2
青春剧/喜剧/言情剧/偶像剧,日语,日本,2.02亿,30496,345878,永田琴/阿部雅和/川野浩司,http://www.iqiyi.com/a_19rrg822hd.html,古川雄辉/未来穂香/山田裕贵/田中要次/芋洗坂系长/西村知美/相泽侑我/藤本七海/山谷花纯/森宽和/加治将树,9.2,一吻定情
言情剧/偶像剧/青春剧/都市,国语,内地,4008万,6268,45947,袁晓满,http://www.iqiyi.com/a_19rrhasqb1.html,迪丽热巴/马可/王洋/邵兵/伊莉莎（乌克兰女演员）/刘潺/王路/王煜/寇振海/王诗槐/佟凡/徐熙颜/姚刚/江明洋/艾晓琪,8.8,麻辣变形计未删减版
言情剧/家庭剧/都市,国语,内地,2.77亿,16102,33864,滕文骥/王为,http://www.iqiyi.com/a_19rrhau4uh.html,王雷/车晓/姚夏/李心敏/阿楠/李晓峰/陈颢文/崔璨,6.8,酸甜苦辣小夫妻
武侠剧/古装剧/剧情,40集全,内地,1.55亿,27978,415413,王新民,http://www.iqiyi.com/a_19rrj5uryd.html,吴健/周莉/邓家佳/姬麒麟/韩月乔/章艳敏/佟又勋/张光正/李小波/苏廷石/张山/李宗强,9.4,侠客行
古装剧,国语,内地,5585万,2515,23253,黄健中/延艺,http://www.iqiyi.com/a_19rrhc2fe5.html,侯勇/王志飞/高圆圆/齐芳/吕中/尤勇/杜雨露/王辉,9.0,大秦帝国之裂变
宫廷剧/古装剧/剧情,30集全,内地,1.13亿,10868,74784,李子恩,http://www.iqiyi.com/a_19rrjae2j5.html,张国立/邓婕/赵亮/刘淼/侯堃/俞立文/蒋勤勤/陶虹/夏雨/冯远征/刘威,8.7,康熙微服私访记1
喜剧/偶像剧/科幻剧,55集全,台湾,2.46亿,231955,6702984,廖斐鸿,http://www.iqiyi.com/a_19rrj6viy9.html,蓝心湄/汪东城/炎亚纶/辰亦儒/吴尊/胡宇崴/唐禹哲/黄小柔/陈德修/蔡芷纭,9.7,终极一家
家庭剧/言情剧/剧情/都市,国语,内地,7.25亿,46740,119269,侯明杰,http://www.iqiyi.com/a_19rrhbduzt.html,张凯丽/张佳宁/李宗翰/马天宇/岳跃利/许文广/杨舒/金泽灏,7.2,功夫婆媳
言情剧/家庭剧,国语,内地,588万,384,813,习辛,http://www.iqiyi.com/a_19rrh9ubdl.html,练束梅/小张铎/闾汉彪/傅艺伟/宋运成,6.8,七妹
言情剧/青春剧/家庭剧,国语,内地,2.00亿,36116,1385041,刘惠宁,http://www.iqiyi.com/a_19rrjaf33x.html,邓超/张嘉译/雷雨/董洁/代乐乐/牛骏峰/刘柏/关晓彤/张伊鸣/大史可/许娣/刘威,9.7,你是我的兄弟
言情剧/偶像剧/青春剧/都市,国语,内地,912万,707,4367,柯翰辰,http://www.iqiyi.com/a_19rrh9sytd.html,王心凌/贺军翔/柳岩/施易男/小薰/张善为/张家宁/张伦硕/王月,8.6,爱上查美乐
军旅剧/历史剧/剧情,国语,内地,1.57亿,22246,73842,李伟,http://www.iqiyi.com/a_19rrhb3wa9.html,唐国强/刘劲/郭连文/王伍福/王健（演员）/马晓伟/姚居德/张秋歌/杨俊勇/张再新,7.7,太行山上
年代剧/农村剧/谍战剧,20集全,内地,6598万,16414,83080,徐耿,http://www.iqiyi.com/a_19rrjtpi8h.html,谢孟伟/张一山/刘乃艺/刘金山/王莎莎/钱多多/李迎旗/李孟尧,8.4,小兵张嘎
言情剧/年代剧/家庭剧/都市,国语,内地,1.98亿,23654,65465,刘惠宁,http://www.iqiyi.com/a_19rrhc1a31.html,张嘉译/左小青/朱锐/宋佳/奚美娟/李乃文/孔琳/李晓红/陈小艺/孙浩,7.3,爷们儿
悬疑剧/罪案剧,英语,美剧,5086万,5363,42690,文斯-吉甘/米歇尔·麦克拉伦/亚当·伯恩斯坦,http://www.iqiyi.com/a_19rrifrxur.html,布莱恩·克兰斯顿/安娜·冈/亚伦·保尔/Rj Mitte/Dean Norris/Betsy Brandt/Bob Odenkirk,8.9,绝命毒师第1季
军旅剧,国语,内地,7.33亿,67673,153823,虎子/张文东,http://www.iqiyi.com/a_19rrhb510t.html,杨舒/秦子越/刘小锋/孙鹏滨/李思博/张晨光/傅淼/端木崇慧/王妍苏/丁子玲/郑茜,6.9,野山鹰
谍战剧/军旅剧/剧情,国语,内地,1.42亿,323188,2978237,刘江,http://www.iqiyi.com/a_19rrj62ntt.html,吴秀波/林永健/陆剑民/海清/田小洁/王彤/张晞临/任正彬/吴晓东/程相银/石兆琪/周骏/吕佳容/刚毅/王博谷/刘竹/陈奇,9.0,黎明之前
历史剧/古装剧,国语,内地,2.85亿,10007,28672,王响伟/周敏,http://www.iqiyi.com/a_19rriftqfl.html,游大庆/孙耀琦/潘长江/张翰/蒋林静/汤镇业/李永林/王新军/惠英红/杨洪武/李繁,7.4,武松
青春剧/言情剧/偶像剧,国语,内地,3.01亿,32240,112064,俞钟,http://www.iqiyi.com/a_19rrgiei6d.html,张歆艺/李光洁/奇道/杨舒婷/大左/何泓姗/石兆琪/冯雷/周晓鸥/程煜,7.8,绝爱
剧情/谍战剧,国语,内地,3.02亿,24705,96186,刘逢声,http://www.iqiyi.com/a_19rrhc1w89.html,黄渤/倪大红/袁泉/孙坚/章贺/潘之琳/尹铸胜/郑清文/尚铁龙/李竹,8.0,锋刃
喜剧/宫廷剧/古装剧,国语,内地,9033万,20648,438677,刘家成,http://www.iqiyi.com/a_19rrj6v9s9.html,张国立/王刚/张铁林/张庭/张春年,9.6,铁齿铜牙纪晓岚第三部
言情剧/年代剧/家庭剧,国语,内地,1.74亿,48575,204107,陈朱煌,http://www.iqiyi.com/a_19rrj52kwx.html,张玉嬿/刘恺威/佟丽娅/任天野/米凯莉/杜俊泽/朱梓郡/张新华/刘滨/张瑞涵（女）/孙志翔/陈真希/娟子,8.1,娘妻
言情剧/偶像剧/青春剧/都市,国语,内地,5.72亿,88873,735800,李国立/林玉芬/梁胜权,http://www.iqiyi.com/a_19rrgi6x25.html,吴奇隆/刘诗诗/孙艺洲/蒋劲夫/陈翔/刘心悠/刘松仁/叶青/赵楚仑/叶祖新/蔡雅同/曾轶可/王志飞/何晴,8.9,步步惊情
古装剧/悬疑剧/罪案剧/剧情,52集全,内地,1.71亿,8234,51024,阚卫平,http://www.iqiyi.com/a_19rrk2u67t.html,何冰/罗海琼/郭达/杨御/程相银/吴军/薄贯君/宫景华/赵铁人/苗圃/范伟/郭冬临/沈傲君/何音,8.6,大宋提刑官
言情剧/剧情/都市,国语,内地,4.95亿,37033,74909,刘国彤,http://www.iqiyi.com/a_19rrhbzyqt.html,王媛可/芦芳生/奇道/倪虹洁/庹宗华/郭艳,6.7,第二次人生
言情剧/谍战剧/剧情,国语,内地,981万,692,1325,牟晓杰,http://www.iqiyi.com/a_19rrh9se5l.html,祖峰/王子文/曹征/倪虹洁/肖涵/尤勇/郭广平/任正彬/曹卫宇,6.6,双刺未删减版
年代剧/谍战剧/悬疑剧,国语,内地,1.66亿,25049,126217,钱雁秋,http://www.iqiyi.com/a_19rrgi95ux.html,曲栅栅/苑冉/淳于珊珊/钱雁秋/高秋山/张子健/高鹏/王心圣/白涛/李俊琪,8.3,大漠枪神
青春剧/军旅剧/偶像剧,国语,内地,1.74亿,23867,246784,谷锦云,http://www.iqiyi.com/a_19rrgidsa1.html,王洋/王煜/侯勇/李晨/马丽/尹铸胜/杨烁/何达/郎峰/姚鑫,9.1,麻辣女兵
古装剧/言情剧/历史剧/武侠剧,国语,内地,1.53亿,16583,114020,王响伟,http://www.iqiyi.com/a_19rrgib2x1.html,张卫健/郑国霖/刘晓庆/张睿/黄海冰/叶祖新/孙耀琦/刘梓娇/李彩桦/陈晓雪,8.7,隋唐英雄4
悬疑剧/罪案剧/剧情,英语,美剧,5809万,4776,35369,文斯-吉甘/米歇尔·麦克拉伦/亚当·伯恩斯坦,http://www.iqiyi.com/a_19rrifs3ew.html,布莱恩·克兰斯顿/安娜·冈/亚伦·保尔/Rj Mitte/Dean Norris/Betsy Brandt/Bob Odenkirk,8.8,绝命毒师第2季
言情剧/偶像剧/青春剧/剧情/网络剧,国语,内地,6.40亿,156057,417856,陈昆晖,http://www.iqiyi.com/a_19rrhadpgx.html,陈娅安/张天爱/屈楚萧/李子峰/谭凯/李茜/明道,7.3,我的朋友陈白露小姐
青春剧/言情剧/偶像剧,国语,内地,5.65亿,90654,299587,刘惠宁,http://www.iqiyi.com/a_19rrgifoc1.html,邓超/董洁/高虎/王大治/王梓蘅/肖雨雨/金丰/廖学秋/夏一瑶,7.7,相爱十年
言情剧/古装剧/神话剧,国语,内地,772万,505,2326,曹骏华,http://www.iqiyi.com/a_19rrh9syyx.html,张庭/邱心志/王艳/沈晓海/姜华/寇振海/徐美玲/施羽/刘芳/岳跃利,8.2,花姑子
家庭剧/言情剧/剧情/都市,国语,内地,5409万,7285,29859,汪俊,http://www.iqiyi.com/a_19rrh9mkll.html,黄磊/海清/朱媛媛/韩青/汪俊/陈小纭/张子枫/胡先煦/赵今麦/陈数/江语晨/高明/宋晓英/王维维/王姬/邬君梅/冯嘉怡/王俊凯/王源/易烊千玺,8.0,小别离浙江卫视版
古装剧/剧情/悬疑剧,45集全,内地,2.30亿,10630,125431,胡明凯,http://www.iqiyi.com/a_19rrj6v00p.html,邓超/释小龙/赵阳/秦丽/杨蓉/杨丽晓/何中华,9.2,少年包青天Ⅲ
历史剧,国语,内地,3.86亿,15617,51665,路奇,http://www.iqiyi.com/a_19rrhap5wd.html,黄海冰/罗嘉良/马晓伟/袁咏仪/俞飞鸿/应采儿/侯祥玲/赵波/刘冬/张京生,7.7,东方战场
言情剧/偶像剧/商战剧/青春剧/都市/网络剧,国语,内地,3797万,7818,10912,李立安,http://www.iqiyi.com/a_19rrhasex5.html,朱孝天/黄圣依/扬子/何洁,5.8,没有承诺的爱
剧情/农村剧,国语,内地,6.22亿,53922,80423,习辛,http://www.iqiyi.com/a_19rrhamsox.html,练束梅/李健/刘亭作/苇青,6.0,三妹
言情剧/武侠剧/古装剧/偶像剧,国语,内地,4.49亿,191624,1027117,黄伟杰,http://www.iqiyi.com/a_19rrhb0rhh.html,赵丽颖/陈伟霆/吴奇隆/叶祖新/刘思彤/樊少皇/文咏珊/高伟光/张天霖/贾晓晨/吴华新/宗峰岩,8.4,蜀山战纪第1季
青春剧/言情剧/偶像剧,国语,内地,2.11亿,19542,221137,滕文骥,http://www.iqiyi.com/a_19rrj5unmp.html,刘烨/孙俪/连奕名/傅彪/赵有亮/孙小平/潘艺心/马元/叶静/卢誉文/王春/李佳璇/苏子龙,9.2,血色浪漫
罪案剧/剧情/悬疑剧,国语,内地,4249万,2682,17931,叶鸿伟,http://www.iqiyi.com/a_19rrhbywqh.html,赵燕国彰/于慧/张寒/沈鱼,8.7,插翅难逃
言情剧/年代剧/偶像剧/悬疑剧,国语,内地,17.85亿,118287,1142770,吴锦源/冯柏源,http://www.iqiyi.com/a_19rrhbc1fh.html,李小璐/贾乃亮/刘恩佑/吕一/黄明/傅迦/刘萌萌/李子峰/乔红/许绍雄,9.1,煮妇神探
言情剧/武侠剧/古装剧,40集全,内地,1.52亿,121432,928444,梁德龙,http://www.iqiyi.com/a_19rrj6rn8l.html,张卫健/苏有朋/李冰冰/李小璐/严屹宽/王艳/胡静/张铁林/曹俊/王德顺,8.8,少年张三丰
言情剧/偶像剧/都市,国语,内地,7.47亿,113532,305995,林添一,http://www.iqiyi.com/a_19rrhawn21.html,刘恺威/王丽坤/高仁/顾璇/刘一含/霍政谚/杨金承/武泽锦熙/向鼎/华明伟/马鑫/刘寅文,7.3,两生花
喜剧/家庭剧/剧情/都市,国语,内地,1.50亿,14131,71199,俞钟,http://www.iqiyi.com/a_19rrhavzfp.html,黄明/张佳宁/刘莉莉/杜源/房子斌/王也天/吕夏/王奕盛/求斯,8.3,邻居也疯狂
言情剧/偶像剧/谍战剧/军旅剧,国语,内地,3.23亿,21417,179285,刘猛,http://www.iqiyi.com/a_19rrk4q1np.html,吴京/徐佳/赵荀/侯勇/周惠林/何达/侯梦莎/徐洪浩/郎峰/任柯诺/王劲松/王天野/申军谊/刘晓洁/傅程鹏,8.9,我是特种兵之利刃出鞘未删减版
年代剧/军旅剧/剧情,国语,内地,1.03亿,12888,45453,徐善杰,http://www.iqiyi.com/a_19rrhc464h.html,潘泰名/章雯淇/毛俊杰/吴承轩,7.8,苍狼
喜剧/宫廷剧/古装剧,国语,内地,1.32亿,12980,86555,刘家成,http://www.iqiyi.com/a_19rrj6vhjh.html,张国立/王刚/张铁林/袁立/马伊琍,8.7,铁齿铜牙纪晓岚第二部
言情剧/武侠剧/古装剧/剧情,国语,内地,5097万,4069,15398,袁和平/鲁晓威,http://www.iqiyi.com/a_19rrhbbvvh.html,焦恩俊/吴京/贾静雯/萧蔷,7.9,小李飞刀
神话剧/言情剧/武侠剧/古装剧,国语,内地,9.81亿,94376,704180,王伟廷,http://www.iqiyi.com/a_19rrgjbvap.html,陈键锋/张馨予/张迪/姜鸿/吴卓翰/张明明/麦迪娜·买买提/郑亦桐/郑鹏飞/王今铎/吴岱融/殷叶子,8.8,封神英雄榜
军旅剧/剧情/谍战剧,国语,内地,4.20亿,63625,180269,李印,http://www.iqiyi.com/a_19rrhb8ee1.html,连奕名/黑子/白海涛/管乐/斯琴高娃/王彤羽/李宜娟,7.4,左手劈刀
言情剧/古装剧/偶像剧/剧情,国语,内地,5.14亿,96375,391870,林玉芬/高林豹/梁胜权,http://www.iqiyi.com/a_19rrhb16x1.html,霍建华/赵丽颖/蒋欣/张丹峰/杨烁/马可/李纯/蒋一铭/苗驰/王修泽/鲍天琦/安悦溪/江明洋/董春辉/阮伟旌,8.0,花千骨未删减版
家庭剧/历史剧/年代剧,40集全,内地,1.71亿,8644,25634,郭宝昌,http://www.iqiyi.com/a_19rrk57msh.html,陈宝国/斯琴高娃/刘佩琦/何赛飞/张丰毅/艾丽娅/赵毅/张艺谋/姜文/李雪健/何群,7.5,大宅门
青春剧/家庭剧/农村剧,26集全,内地,6984万,4002,435456,乌兰塔娜,http://www.iqiyi.com/a_19rrj6wii5.html,田成仁/齐如意/于伟杰/郝洋/孙桂田/鲁园/许娣,9.9,暖春
青春剧/年代剧/偶像剧/言情剧,国语,内地,9.19亿,109796,1169069,何澍培,http://www.iqiyi.com/a_19rrhc3oc9.html,唐嫣/李易峰/舒畅/陈伟霆/黄明/李溪芮/张智尧/何中华,9.1,活色生香
家庭剧/言情剧/农村剧,国语,内地,7.44亿,83722,191131,王梓,http://www.iqiyi.com/a_19rrhbahb5.html,闫学晶/胡亚捷/王丽云/韩童生/金巧巧/舒耀宣/雷恪生/张明建/何翯,7.0,俺娘田小草
言情剧/年代剧/偶像剧/剧情,国语,内地,12.55亿,128248,843003,吴锦源/邓衍成/陈国华,http://www.iqiyi.com/a_19rrhaxnc1.html,陈乔恩/贾乃亮/黄宗泽/郑爽/许绍雄/张云龙/高伟光/李子峰/谭俊彦/郑龙/赵久毅,8.7,偏偏喜欢你
古装剧/剧情/悬疑剧,40集全,内地,2.34亿,13645,108948,胡明凯,http://www.iqiyi.com/a_19rrj5qmjl.html,陆毅/任泉/释小龙/范冰冰/李卉/佟大为,8.9,少年包青天Ⅱ
国语,34集全,内地,2.93亿,17779,34679,雷正彪,http://www.iqiyi.com/a_19rrhahn7x.html,吴健/杜志国/田璐菡/张亮/刘海蓝/朱辉/徐黄丽/方勇,6.6,殊死七日
宫廷剧/古装剧/剧情,国语,内地,2.17亿,22480,122082,李翰韬,http://www.iqiyi.com/a_19rrhawj7t.html,余少群/孙耀琦/惠英红/赵文瑄/张晓晨/于荣光/黄海冰/蒋林静,8.4,隋唐英雄5
古装剧/神话剧/剧情,38集全,内地,4388万,675,41723,金国钊,http://www.iqiyi.com/a_19rrj6vl71.html,范冰冰/马景涛/周杰/刘德凯/金巧巧/苗海忠/唐国强/关礼杰/许还山/刘涛/午马,9.8,封神榜之凤鸣岐山
都市/言情剧/偶像剧/青春剧,国语,内地,8.84亿,75507,409019,赵宝刚,http://www.iqiyi.com/a_19rrhbzeyt.html,任重/张俪/张铎/王阳/杜江/张佳宁/周放/方安娜/李婳/梁俊一/宗平,8.4,青年医生
历史剧/军旅剧,26集全,内地,7612万,871,5492,花箐,http://www.iqiyi.com/a_19rrk3ya8t.html,王宝强/张国强/战菁一/郝蕾/徐洪浩/孙逊,8.6,我的兄弟叫顺溜
古装剧/喜剧/宫廷剧,40集全,内地,1.31亿,31019,247309,刘家成,http://www.iqiyi.com/a_19rrj6uujp.html,张国立/王刚/张铁林/袁立/杨丽菁,8.9,铁齿铜牙纪晓岚第一部
言情剧/武侠剧/剧情,国语,内地,1.57亿,10343,86932,邓衍成/梁欣全,http://www.iqiyi.com/a_19rrgierkx.html,李亚鹏/霍建华/叶璇/郭晋安/黄圣依/高圆圆/邓超/张卫健/陈怡蓉/刘松仁/汤镇业,8.9,天下第一
言情剧/古装剧/偶像剧/宫廷剧/青春剧,国语,内地,21.70亿,400886,1919079,胡意涓/胡明凯/蔡晶盛,http://www.iqiyi.com/a_19rrgip3zd.html,Angelababy/杜淳/陆毅/陈晓/杨蓉/苏青/毛晓彤/包贝尔/寇振海/刘冠翔/阚清子/张雅萌,8.3,大汉情缘之云中歌
军旅剧/言情剧/剧情/年代剧,国语,内地,1.26亿,9469,24574,巴特尔,http://www.iqiyi.com/a_19rrhb0otl.html,傅程鹏/潘雨辰/王政/叶静/张梓宸/贾丽莉/夏志卿,7.2,突围突围
神话剧/言情剧/古装剧/剧情,国语,内地,6.12亿,51843,184232,黄祖权/蓝志伟/麦炳华/谭朗昌,http://www.iqiyi.com/a_19rrhb2ipl.html,韩雪/陈龙/乔振宇/柯佳嬿/蒋梦婕/胡宇威/李宗翰/林佑威/李金铭/白歆惠/王灿/胡可/曹永廉/邓家佳/张睿家/徐少强/于小磊/彭凌,7.8,聊斋新编
言情剧/偶像剧/青春剧/军旅剧,国语,内地,2.84亿,36532,394895,孔笙/张开宙,http://www.iqiyi.com/a_19rrgiisd5.html,霍建华/杨紫/任程伟/左小青/高鑫/牛骏峰/瑛子/杨新鸣/王彩平/王永泉/王双宝/吕夏/刘真君/靳东,9.2,战长沙
罪案剧/历史剧/古装剧/悬疑剧,27集全,内地,2.29亿,12586,78049,钱雁秋,http://www.iqiyi.com/a_19rrk6yyt5.html,梁冠华/张子健/吕中/须乾/祝延平/彭丹/严燕生/徐晓贝/蒋欣/徐飞廉,8.6,神探狄仁杰第一部
家庭剧/言情剧/偶像剧,国语,台湾,2.11亿,453329,4882697,江丰宏,http://www.iqiyi.com/a_19rrj5zsrx.html,徐熙媛/何润东/黄晓明/沈建宏/张国柱/林嘉绮/房思瑜/刘锡明/黄奕/柯奂如/刘书婷/蒋怡/吴亚馨/杨世瀚/林美秀/张克帆/马国贤/晨梓妍,9.2,泡沫之夏
喜剧/言情剧/古装剧,33集全,内地,2.41亿,76759,1073211,赖水清,http://www.iqiyi.com/a_19rrjae2ml.html,张娜拉/苏有朋/吕行/鲍蕾/陈秀丽/高露/林江国/洪欣/王岗/王道/朱亚英/郑在娟,9.3,刁蛮公主
悬疑剧/谍战剧/军旅剧/剧情,国语,内地,3.66亿,25303,90938,刘进,http://www.iqiyi.com/a_19rrk22q4t.html,张嘉译/宋佳/姬他/李洪涛/咏梅/程煜,7.8,悬崖
历史剧/军旅剧,43集全,内地,2.27亿,9502,128854,康洪雷,http://www.iqiyi.com/a_19rrk2uopt.html,段奕宏/张译/张国强/邢佳栋/李晨/王大治/罗京民/高峰/王迅/范雷,9.3,我的团长我的团
喜剧/言情剧/剧情/网络剧,国语,内地,3.88亿,22719,224051,韦正,http://www.iqiyi.com/a_19rrhbff8t.html,陈赫/娄艺潇/孙艺洲/李佳航,9.1,爱情公寓番外篇第二季
军旅剧/谍战剧/剧情/年代剧,国语,内地,2.63亿,21445,73152,曹振宇,http://www.iqiyi.com/a_19rrhavlgl.html,康杰/吴秀波/吴婷/张若昀/何政军/李卓霖/牛飘,7.7,光影
商战剧/剧情/年代剧,国语,内地,3.12亿,20643,84123,张新建,http://www.iqiyi.com/a_19rrhb4zoh.html,黄渤/刘向京/巩峥/黄小蕾/傅淼/瑛子/萨日娜/王绘春/王双宝/宋佳伦/任帅,8.0,青岛往事
言情剧/偶像剧/青春剧/剧情,国语,内地,9.04亿,43449,606978,林健龙/徐惠康,http://www.iqiyi.com/a_19rrhb9aux.html,胡歌/江疏影/曾黎/钱枫/牛骏峰/王艺霖/潘斌龙/陈瑶,9.3,旋风十一人
谍战剧/军旅剧/剧情,国语,内地,2.68亿,31120,95657,蒲腾晋/李志强,http://www.iqiyi.com/a_19rrhb9g5p.html,傅程鹏/周丽淇/李泽锋/刘丛丹/胡亚捷/李欣凌/李洪涛/王全有,7.5,卧底
言情剧/年代剧/偶像剧,国语,内地,4.91亿,38210,176304,田少波,http://www.iqiyi.com/a_19rrhbzn9t.html,杨蓉/蒲巴甲/朱一龙/郑佩佩/汤镇宗/于清斌/王艺曈/陈一诺/臧洪娜,8.2,情定三生
偶像剧/剧情/都市,国语,内地,7.15亿,159164,1730106,王小列,http://www.iqiyi.com/a_19rrhb6mfh.html,郭碧婷/金世佳/王煜/王洋/朱佳煜/彭博/王建福/王路,9.2,神犬小七
都市/言情剧/偶像剧/喜剧/青春剧/家庭剧,国语,内地,18.32亿,134187,663604,姚晓峰,http://www.iqiyi.com/a_19rrhaywod.html,赵薇/佟大为/纪姿含/董洁/潘虹/韩童生/郭凯敏/崔新琴/韩青/王森/蓝盈莹/郭晓婷,8.3,虎妈猫爸
言情剧/历史剧/年代剧,国语,内地,1.03亿,9309,33753,王文杰,http://www.iqiyi.com/a_19rrgjd4h9.html,侯勇/罗刚/刘奕君/萨日娜/王思懿/孙俪/何伟/张秋歌/杨光华/周野芒,7.8,大染坊
言情剧/偶像剧/青春剧/家庭剧,国语,内地,4.88亿,88067,372346,夏晓昀,http://www.iqiyi.com/a_19rrgid0eh.html,胡歌/闫妮/果静林/马德钟/刘敏/方芳/王诗槐/郑毓芝,8.1,生活启示录
家庭剧/言情剧/剧情/农村剧,38集全,内地,3.69亿,37758,157356,王振宏,http://www.iqiyi.com/a_19rrk17wx1.html,沈春阳/宋小宝/赵本山/小沈阳/齐如意/赵海燕/张家豪/红孩/张可,8.1,樱桃
言情剧/家庭剧/都市,国语,内地,14.9万,43,79,刘二威,http://www.iqiyi.com/a_19rrha01hl.html,侯勇/王力可/王艺嘉/杨青/李琳/周笑莉/吴启华/赵雨菁,6.5,下辈子还做我老爸
喜剧/青春剧/家庭剧,100集全,内地,1.86亿,161914,1068480,林丛,http://www.iqiyi.com/a_19rrj6rlih.html,宋丹丹/高亚麟/宁丹琳/张一山/尤浩然,8.7,家有儿女 第三部
神话剧/古装剧,52集全,内地,1.27亿,6284,416991,程力栋,http://www.iqiyi.com/a_19rrj5xmat.html,陈司翰/费振翔/谢宁/牟凤彬/陈冲/唐国强/刘佳/刘莹,9.9,浙版西游记
喜剧/家庭剧/言情剧,国语,内地,3.26亿,7786,46566,赵晨阳,http://www.iqiyi.com/a_19rrjuzk0t.html,宋丹丹/张洪杰/傅晶/周冬齐/姜妍/王阳/傅迦/朱茵,8.6,老米家的婚事
军旅剧/言情剧/年代剧,国语,内地,6.92亿,51799,223479,余丁,http://www.iqiyi.com/a_19rrgjdlgd.html,孙红雷/巍子/陈数/郭珍霓/陈曦/白红标/孟浩强/曾晓斌/李泽锋/多布杰/石文忠/高洋/韩银龙/李亭哲/节冰/李艳/詹小楠/吴健/余娅/马灿灿/屠育玮/李振起/王军/沈雪炜/杨力蕲,8.1,一代枭雄
剧情/都市,国语,内地,3.13亿,24545,157644,杨亚洲,http://www.iqiyi.com/a_19rrhaxjhl.html,黄磊/李雪健/宋佳/吴冕/陈明昊/焦刚/宫筱轩/高叶/姚卓希/郭峰/岳云鹏/戚玉武/王艺禅,8.7,嘿，老头！
青春剧/言情剧/剧情,35集全,内地,3.08亿,23833,53371,郭方宏/安泽豪,http://www.iqiyi.com/a_19rrk2npat.html,安泽豪/孙雅/王鸥/周泓/侯天来/求斯,6.9,温柔的谎言
剧情/都市,国语,内地,6373万,4159,10397,张永新,http://www.iqiyi.com/a_19rrh9q55h.html,王志飞/程煜/来喜/李晓峰/傅晶/刘敏涛/吴冕/褚栓忠/方子哥/马精武,7.1,安居
历史剧/年代剧,国语,内地,9664万,7781,27241,高希希,http://www.iqiyi.com/a_19rrhb75jd.html,侯京健/唐国强/孙洪涛/王亚楠/刘丛丹/葛子铭/夏德俊/刘劲/邵峰/王碧琪/小斯琴高娃/任山/王伍福/孙嘉,7.8,毛泽东
言情剧/偶像剧/剧情/都市,国语,内地,1.38亿,37780,97454,黄永刚,http://www.iqiyi.com/a_19rrhbbgtl.html,杨烁/曾泳醍/夏凡/韩雯雯/张赫/蔡俊涛/依灵,7.2,美梦成真
青春剧/言情剧/剧情/偶像剧,33集全,内地,5.13亿,59880,407174,张博昱,http://www.iqiyi.com/a_19rrk8wkmp.html,陈乔恩/张翰/高以翔/张檬/蒋怡/杜晓婷/薛之谦/周子茵/明道/白雪,8.7,胜女的代价
穿越剧/剧情/科幻剧,国语,内地,2.00亿,86997,1201100,余明生,http://www.iqiyi.com/a_19rrj5qwoh.html,李滨/舒畅/焦恩俊/刘希媛/陈创/洪乙心/谢宁/丁健/于珈若/陈明昊/张阳,9.3,魔幻手机
青春剧/言情剧/偶像剧,国语,内地,1.70亿,18883,138652,曾念平,http://www.iqiyi.com/a_19rrgj9tl1.html,林申/李沁/张嘉倪/杨洋/马晓灿/苗侨伟/尤勇/阚清子/归亚蕾/戚美珍/丁嘉林/房子斌/孙赫/陈盈盈,8.8,花开半夏
国语,42集全,内地,5807万,3712,7213,黄力加,http://www.iqiyi.com/a_19rrh9ut7d.html,叶璇/田海蓉/黄小蕾/莫小棋/朱宏嘉/王新/张衣/冯恩鹤/刘斌,6.6,映山红
宫廷剧/青春剧/言情剧/剧情/网络剧/偶像剧,国语,内地,4.59亿,91414,167102,郑军,http://www.iqiyi.com/a_19rrhawglx.html,许峰/陈雅婷/曾祥程/袁冰妍/王伟/戴向宇/赵娇娜/苗苗/刘前程,6.5,芈月传奇—战国红颜
言情剧/古装剧/偶像剧/宫廷剧/剧情,国语,内地,15.62亿,123210,783780,吴锦源,http://www.iqiyi.com/a_19rrhb2oed.html,刘恺威/郑爽/米雪/张彬彬/张晓晨/王若心/张芷溪/刘萌萌/程砚秋/杨明娜/郑龙/曹艳/王伟/阮伟旌/陈良平/徐少强/斯琴高丽/苏茂/祝绪丹,8.6,寂寞空庭春欲晚
谍战剧/悬疑剧/罪案剧/剧情/网络剧,国语,内地,2.60亿,73378,196335,姜凯阳,http://www.iqiyi.com/a_19rrhb6pu5.html,张陆/陈蓉（演员）/赵达/骆达华/赵龙豪/石兆琪,7.3,活着再见
武侠剧/古装剧/罪案剧,国语,内地,2.49亿,25344,140085,刘立立,http://www.iqiyi.com/a_19rrj6vgq5.html,金超群/何家劲/范鸿轩/龙隆/丁小龙/宫宏佳/高靖南/吴海若/傅艺伟/关礼杰/孙耀威/陈婷/陈浩民,8.5,新包青天
言情剧/剧情,国语,内地,3.68亿,26078,100290,黄建勋,http://www.iqiyi.com/a_19rrhb5t19.html,苗圃/郝子铭/黄维德/李子雄/高雄/薛薇/李肖宁/赵晋/孟霞,7.9,罗龙镇女人
言情剧/武侠剧/古装剧/偶像剧/悬疑剧,国语,内地,14.37亿,125515,1113512,梁胜权/黄俊文,http://www.iqiyi.com/a_19rrhazvsd.html,张翰/何晟铭/杨洋/陈伟霆/茅子俊/张钧甯/贾青/吴映洁/郑爽/张檬,9.0,少年四大名捕
罪案剧/历史剧/古装剧/悬疑剧,40集全,内地,3.91亿,23698,172685,钱雁秋,http://www.iqiyi.com/a_19rrk7444x.html,梁冠华/张子健/吕中/姜昕言/须乾/徐晓贝/乔红/赵志刚/严燕生/蒋昌义,8.8,神探狄仁杰第二部
言情剧/武侠剧/剧情,国语,内地,5157万,2479,27181,徐进良,http://www.iqiyi.com/a_19rrhc04u9.html,赵文卓/何润东/蒋勤勤/千叶真一/陶红,9.2,风云
青春剧/军旅剧/都市,国语,内地,2.13亿,23479,118071,刘猛,http://www.iqiyi.com/a_19rrgjdqi9.html,徐佳/刘晓洁/程愫/杨舒/安雅萍/万茜/甘露/童苡萱/何达/闪媛媛/郭艳/李飞/洪卫/姜艺声/赵荀,8.3,特种兵之火凤凰未删减版
宫廷剧/偶像剧/言情剧/武侠剧/古装剧,国语,内地,5.46亿,37387,307014,赖水清/邓衍成/谭锐铭,http://www.iqiyi.com/a_19rrhc1sr9.html,韩栋/张檬/魏千翔/娄艺潇/贾青/张馨予/吴倩/赵圆瑗/何中华,8.9,鹿鼎记韩栋版
年代剧/青春剧/家庭剧,国语,内地,2.28亿,25063,65564,习辛,http://www.iqiyi.com/a_19rrgj96y1.html,于晓光/大史可/李芯逸/何翯/赵岩松/边原,7.2,二叔
喜剧/青春剧/家庭剧,67集全,内地,1.58亿,132861,749133,林丛,http://www.iqiyi.com/a_19rrj6rle5.html,张一山/宁丹琳/高亚麟/宋丹丹/尤浩然,8.5,家有儿女 第四部
家庭剧/言情剧/剧情,国语,内地,4.12亿,26796,90344,张晓光,http://www.iqiyi.com/a_19rrhayynx.html,马苏/郭涛/苏岩/韩青/周晓鸥/郝好/徐洁儿/许娣/李小燕,7.7,还是夫妻
年代剧/谍战剧/剧情,国语,内地,4.14亿,14491,43387,毛卫宁/张彤,http://www.iqiyi.com/a_19rrhbe985.html,王雷/邓家佳/霍政谚/乔乔/伍宇娟,7.5,怒火英雄
家庭剧/年代剧/农村剧,国语,内地,3.57亿,33380,78233,刘家成,http://www.iqiyi.com/a_19rrhb0xzp.html,于震/郝蕾/于洋/徐囡楠/邹涵虹/郭鹏/李晟/尹馨梓/钱波/邓钢/康晟闻,7.0,我的二哥二嫂
历史剧/武侠剧/偶像剧/剧情,国语,内地,24.85亿,196582,1278735,李国立,http://www.iqiyi.com/a_19rrhbaitd.html,陆毅/陈妍希/蒋劲夫/胡冰卿/孙艺洲/龚蓓苾/金晨/秦俊杰/宋宁/尤靖茹/隋咏良/王春元,8.7,秦时明月
喜剧/言情剧/网络剧,国语,内地,5.62亿,57722,418023,尹琪,http://www.iqiyi.com/a_19rrhc26wp.html,王宁/修睿/魏梦/王妍之/杜维瀚/杨冬麒/李乐儿/许瑶璇/张懿曼/杜韩/大兵(韩冰),8.8,废柴兄弟2
言情剧/年代剧/偶像剧/商战剧/家庭剧,国语,内地,7.85亿,63412,398589,袁英鸣,http://www.iqiyi.com/a_19rrgjdp51.html,舒畅/陈键锋/乔振宇/李智楠/石小群/谭凯/吴岱融/于小慧/李宜娟/陈昌旷/任笑霏/李国麟,8.6,烽火佳人
家庭剧/言情剧/剧情/都市,国语,内地,12.88亿,179335,514810,王伟廷/王淑志,http://www.iqiyi.com/a_19rrhbahnt.html,李依晓/海陆/张迪/李进荣/叶项明/刘萌萌/孟瑶/李槐龙/陈怡真/贺镪,7.4,家和万事兴
武侠剧/古装剧/剧情,国语,内地,1.76亿,29084,199824,胡明凯,http://www.iqiyi.com/a_19rrj5onv5.html,黄海冰/聂远/林子聪/谢君豪/释小龙/童蕾/岳菁蔚/徐锦江,8.7,隋唐英雄传
言情剧/家庭剧/都市,国语,内地,4.59亿,68987,442099,滕文骥/王为,http://www.iqiyi.com/a_19rrhb51bl.html,王晓晨/蒋毅/米露/陈宇凡/杨洋/钮宝平/杨青/顾艳/曲隽希/张弛,8.7,二胎时代
青春剧/言情剧/偶像剧,国语,内地,1.59亿,30553,216199,张博昱,http://www.iqiyi.com/a_19rrgjaki9.html,张翰/郑爽/江语晨/狄杰/乔任梁/孙骁骁/徐开骋/孟广美/李轩博/倪新宇,8.8,胜女的代价2
历史剧/古装剧/宫廷剧,46集全,内地,2.45亿,8297,33743,冯小宁,http://www.iqiyi.com/a_19rrk57bhl.html,胡军/剧雪/郑晓宁/陈长海/鄂布斯/杨洪武/李海峰/尹国华,8.0,朱元璋
言情剧/古装剧/偶像剧/宫廷剧,国语,内地,18.70亿,105975,393508,林峰/陈权,http://www.iqiyi.com/a_19rrhb0ppp.html,林心如/袁弘/李佳航/王媛可/于波/关智斌/宗峰岩/王雨/王雨/王琳/热依扎/茅子俊/秦俊杰/戴君竹/洪小铃/孙骁骁/戚薇/马天宇/任泉/李立群,7.9,秀丽江山之长歌行
军旅剧/剧情/谍战剧,国语,内地,8.55亿,59656,173272,赵青,http://www.iqiyi.com/a_19rrhbgr8t.html,罗晋/苗圃/于震/陈洁/战菁一/张黦/孙玮/张慧/李铁军/李若嘉,7.4,枪侠
罪案剧/网络剧/偶像剧,国语,内地,2.41亿,21686,135752,林弢/胡宗祥,http://www.iqiyi.com/a_19rrgindh1.html,吴建国/邓洛淋/郭强/任添琪/于洪林/胡宗祥/黄嫀砚/洪一平,8.6,谢文东第2季
言情剧/年代剧/偶像剧,国语,内地,6.32亿,70448,343473,郑军/颜光兴,http://www.iqiyi.com/a_19rrhb5oat.html,戴向宇/吴映洁/刘前程/关礼杰/钱韦杉/雷洋/苗苗,8.3,戴流苏耳环的少女
青春剧/言情剧/都市,国语,内地,2.98亿,49781,121079,王迎,http://www.iqiyi.com/a_19rrhazxk5.html,张萌/任重/曾泳醍/贾景晖/王倩一/张嘉译/赵聪,7.1,敢爱
军旅剧/剧情,国语,内地,14.94亿,80466,421421,尤小刚,http://www.iqiyi.com/a_19rrhb56rx.html,朱雨辰/王力可/周庭伊/石兆琪/王斑/陈逸恒/马艳丽/TAE/曹克难/孙艺铭/李明/繆海梅/王铮/李浩轩/张晶/李政熹/刘秋实/钟成恒,8.4,反恐特战队
言情剧/古装剧,国语,内地,9182万,10494,38128,李慧珠/邓伟恩,http://www.iqiyi.com/a_19rrgig0hd.html,董洁/杜淳/何晟铭/张嘉倪/高昊/曹曦文/苏青/张晨光/李耀敬/邓萃雯/黄文豪/姜鸿/吴岱融,7.8,美人如画未删减版
古装剧/神话剧/剧情,38集全,内地,2.14亿,151849,1399833,江天/陈咏歌,http://www.iqiyi.com/a_19rrj5p70x.html,潘虹/霍思燕/郑国霖/六小龄童/蒋欣/杨蕊/吴越/吴健,9.0,欢天喜地七仙女
言情剧/剧情/年代剧/偶像剧,国语,内地,12.90亿,182946,1042304,林合隆,http://www.iqiyi.com/a_19rrhbze5h.html,黄晓明/陈乔恩/乔任梁/谢君豪/吕佳容/戚迹/蔡俊涛/杨玏/张捷/叶梓萱/佟晨洁/谢闻轩/郝泽嘉/崔新琴,8.5,锦绣缘华丽冒险
喜剧/家庭剧/言情剧/农村剧,国语,内地,3.27亿,44784,177752,孟令宇,http://www.iqiyi.com/a_19rrhbvwn1.html,于震宇/毕畅/宋小宝/小沈阳/程野/蒋依杉,8.0,收获的季节
剧情/言情剧/年代剧/悬疑剧,国语,内地,7817万,4854,11961,潘越,http://www.iqiyi.com/a_19rrhayu21.html,邢佳栋/蒋欣/冯恩鹤/谢紫彬/谢紫彬/黄河/熊梓菱/邢瀚卿/葛四/杨佩衡,7.1,麻雀春天
军旅剧/历史剧/剧情,国语,内地,14.19亿,132317,494439,国建勇,http://www.iqiyi.com/a_19rrhc0jcp.html,陈思诚/王丽坤/于荣光/阚清子/矢野浩二/张鹰/杜淳/李光洁/严屹宽/于震,7.9,战神
家庭剧/言情剧/都市,国语,内地,1.27亿,8344,48431,徐辅军/周家文,http://www.iqiyi.com/a_19rrhaylr1.html,贾青/张晓龙/邱胜翊/徐璐/李天柱/沈梦辰/李茂/关少曾/郭郁滨/荣蓉,8.5,妻子的谎言未删减版
青春剧/言情剧/古装剧/偶像剧,国语,内地,8.55亿,160327,1192493,黄祖权,http://www.iqiyi.com/a_19rrgjdll1.html,霍建华/唐嫣/邬君梅/王阳/贡米/黄明/樊昊仑/陆毅/贾青/王婧娈/陶慧敏/代长江/项瑾/郑龙/张仁博/博弘/周笑莉/于小慧,8.8,金玉良缘
古装剧,国语,内地,455万,394,655,黄力加,http://www.iqiyi.com/a_19rrhba4cd.html,杨若兮/寇振海/王欣雨/蒋恺/刘金山,6.2,杨三姐告状
言情剧/剧情/都市,国语,内地,2.28亿,489274,4205757,李文岐,http://www.iqiyi.com/a_19rrj6v1m1.html,陈国坤/Michelle·Lang/雷小虎/王洛勇/于承惠/孙健魁/周舟/边潇潇/李渊/刘冬/张磊,9.0,李小龙传奇
古装剧/喜剧/宫廷剧,国语,内地,1.81亿,4211,192869,张国立/罗长安,http://www.iqiyi.com/a_19rrj5qeg1.html,张国立/张铁林/王刚/袁立/杨千嬅/闫妮,9.8,铁齿铜牙纪晓岚第四部
言情剧/穿越剧/剧情/都市/网络剧,国语,内地,18.23亿,723398,3033328,邹曦,http://www.iqiyi.com/a_19rrhb8bd1.html,赵丽颖/蒋方婷/马可/董春辉/王修泽/彭紫烊/阮伟旌/刘秋实,8.1,花千骨2015
言情剧/都市/偶像剧,国语,内地,8.49亿,71746,575503,柯翰辰,http://www.iqiyi.com/a_19rrhc1qo9.html,何润东/宋茜/魏千翔/弦子/邵雨薇/李颖/纪宁,8.9,美丽的秘密
喜剧/网络剧,国语,内地,6.76亿,57752,516195,尹琪,http://www.iqiyi.com/a_19rrgib6x5.html,王宁/修睿/魏梦/李乐儿/杨东麒/王妍之/张懿曼/孔二狗/大兵/柳岩/王李丹妮,9.0,废柴兄弟1
言情剧/武侠剧/古装剧/剧情/偶像剧,国语,内地,8.95亿,50894,288893,鞠觉亮,http://www.iqiyi.com/a_19rrhayhrp.html,严屹宽/甘婷婷/李依晓/朱一龙/张含韵/吕良伟/元华/王艺曈/杨净如/吴春燕/王洁曦/陈真希/闵春晓/李昊翰,8.5,新萧十一郎
罪案剧/剧情/网络剧,国语,内地,2.74亿,24463,147145,林弢/胡宗祥,http://www.iqiyi.com/a_19rrgindcp.html,吴建国/邓洛淋/郭强/任添琪/于洪林/胡宗祥/黄嫀砚/洪一平,8.6,谢文东第1季
国语,35集全,内地,2.23亿,9521,29868,齐星,http://www.iqiyi.com/a_19rrh9pfpp.html,徐佳/童蕾/侯勇/陈小春/吕良伟/施京明/木幡龙/柳明明/许媛媛,7.6,宜昌保卫战
剧情/谍战剧,国语,内地,2.30亿,8777,33764,金姝慧,http://www.iqiyi.com/a_19rrhaennp.html,迟佳/蒋欣/夏凡/林园/邢志东/金铁峰/张艺龙/米冈宽纯,7.9,蚂蚱
剧情/穿越剧/偶像剧/言情剧,国语,韩国,2.13亿,32796,223113,张太侑,http://www.iqiyi.com/a_19rrhadkyt.html,金秀贤/全智贤/刘仁娜/朴海镇/申成禄/金贤秀/金昌完/吴尚镇/安宰贤/罗映姬,8.7,来自星星的你国语版
言情剧/家庭剧/剧情/都市,国语,内地,6.14亿,39473,83168,刘保成,http://www.iqiyi.com/a_19rrhaq771.html,王琳/潘粤明/俞灏明/刘雨欣/高曙光/乔欣/杨昆/郭艳/吴晓敏/夏花,6.8,多少爱可以重来
青春剧/军旅剧,国语,内地,3.05亿,12605,111746,康洪雷,http://www.iqiyi.com/a_19rrk2uolh.html,王宝强/陈思诚/张国强/段奕宏/邢佳栋/高峰/张译/马艺家/范雷/李晨/刘天佐/张兵海/李博/左腾云/朱时春,9.0,士兵突击
青春剧/言情剧/都市/偶像剧,国语,内地,2.25亿,34141,142672,张博昱,http://www.iqiyi.com/a_19rrgifybd.html,陈晓东/唐艺昕/徐正曦/毛林林/孙骁骁/金泽灏/胡彩虹/杨志雯/张逸杰/张籽沐/张岩,8.1,幸福爱人
剧情/都市/商战剧/偶像剧/言情剧,国语,内地,9.99亿,76173,374582,牛乐,http://www.iqiyi.com/a_19rrhacind.html,朴海镇/李菲儿/刘雨欣/张伦硕/郑佩佩/宋轶/屈菁菁/吴磊/杨金承/王佳佳,8.3,远得要命的爱情
青春剧/言情剧/偶像剧/剧情/网络剧,国语,内地,5.46亿,98808,398551,郑军,http://www.iqiyi.com/a_19rrhax8et.html,戴向宇/袁冰妍/许峰/曾祥程/吴晓敏/杨逸飞/陈雅婷/于安/刘前程,8.0,白衣校花与大长腿2
言情剧/历史剧/古装剧/偶像剧,国语,内地,25.61亿,175541,1013923,袁英明/程力栋/国建勇,http://www.iqiyi.com/a_19rrhb0u3t.html,林更新/林允儿/金桢勋/贾青/邹兆龙/高以翔/古力娜扎/孙骁骁/赵韩樱子/严屹宽/范雨林/杜奕衡/杨玏/于荣光/张晓晨/张鹰/刘流,8.5,武神赵子龙
宫廷剧/武侠剧/古装剧/悬疑剧,48集全,内地,4.77亿,50181,576598,钱雁秋,http://www.iqiyi.com/a_19rrj5tr9l.html,梁冠华/吕中/张子健/须乾/赵志刚/董璇/宋楚炎/关悦/苑冉,9.2,神探狄仁杰第三部
宫廷剧/历史剧/古装剧/年代剧,46集全,内地,3.44亿,21664,103352,陈家林、刘大印,http://www.iqiyi.com/a_19rrk57m5x.html,陈道明/斯琴高娃/茹萍/廖京生/李洪涛/刘钧/薛中锐/高兰村/宫雪花,8.3,康熙王朝
喜剧/青春剧/家庭剧,100集全,内地,3.41亿,231087,2422705,林丛,http://www.iqiyi.com/a_19rrj6rvel.html,宋丹丹/高亚麟/杨紫/张一山/尤浩然,9.1,家有儿女 第二部
家庭剧/言情剧/剧情,国语,内地,5.66亿,69577,224553,孔笙/孙墨龙,http://www.iqiyi.com/a_19rrgjciv1.html,郭涛/梅婷/刘琳/任帅/刘天池/刘奕君/张延/郭广平/王菁华/杨立新/娜仁花/刘敏涛/张陆/张龄心/彭婧/赵一龙,7.6,父母爱情
言情剧/家庭剧/都市,国语,内地,200万,374,866,杨亚洲,http://www.iqiyi.com/a_19rrh9xd69.html,蒋雯丽/郭晓东/李小冉/刘天佐/齐溪/韩青/郑恺,7.0,嘿，孩子
家庭剧/言情剧/剧情/都市,国语,内地,15.68亿,88250,621075,刘俊杰,http://www.iqiyi.com/a_19rrhbbked.html,陈伟霆/唐艺昕/冉旭/徐申东/魏大勋/梁田/李泰/菅韧姿/罗云熙/陈胤妃/吴竞/刘立伟/荣蓉/蔡纲/范春霞/林鹏/杨雪,8.8,因为爱情有幸福
历史剧/军旅剧/剧情,国语,内地,4.16亿,27358,88061,宋业明,http://www.iqiyi.com/a_19rrhakdyx.html,董勇/杨童舒/濮存昕/唐国强/刘劲/罗钢,7.6,彭德怀元帅
青春剧/偶像剧/言情剧/剧情/都市,国语,内地,18.26亿,183979,550625,李骏,http://www.iqiyi.com/a_19rrhbc69d.html,马伊琍/朱亚文/张兆辉/张可颐/侯京健/陶慧/刘美含/徐可,7.5,北上广不相信眼泪
偶像剧/谍战剧/青春剧,国语,内地,13.27亿,90911,444751,安建,http://www.iqiyi.com/a_19rrhaniyh.html,陈学冬/颖儿/经超/张哲瀚/郭京飞/印小天/安以轩/白庆琳/于恒,8.3,解密
罪案剧/军旅剧/剧情,国语,内地,23.77亿,87148,750750,刘猛,http://www.iqiyi.com/a_19rrhazgih.html,任天野/王妍之/安雅萍/徐洪浩/张进/李飞/赵荀/王天野/刘晓洁/姜艺声/王韬,9.0,特警力量
言情剧/偶像剧/喜剧/青春剧,国语,内地,3.93亿,100919,477094,刘俊杰,http://www.iqiyi.com/a_19rrgiift1.html,张翰/赵丽颖/黄明/李呈媛/张杨果而/百克力/石安妮/王汀,8.3,杉杉来了未删减版
喜剧/青春剧/言情剧/剧情/都市,韩语,韩国,4.88亿,50005,366792,刘济元,http://www.iqiyi.com/a_19rrhbhrt1.html,朴宝英/赵正锡/林周焕/金瑟祺,8.8,哦我的鬼神大人
言情剧/武侠剧/古装剧/偶像剧,国语,内地,17.84亿,168181,1369717,黄伟杰,http://www.iqiyi.com/a_19rrhaam8t.html,赵丽颖/陈伟霆/吴奇隆/叶祖新/刘思彤/樊少皇/高伟光/张天霖/贾晓晨/文咏珊/武小莉/魏春光/吴华新/韩雨芹/李进荣/崔钟,8.9,蜀山战纪剑侠传奇
言情剧/年代剧/偶像剧,国语,内地,17.30亿,145396,472964,郑晓龙,http://www.iqiyi.com/a_19rrhbzf1l.html,周迅/朱亚文/秦海璐/黄轩/宋佳伦/杨梅/于荣光/徐光宇/解惠清/曹征,7.6,红高粱
悬疑剧/罪案剧/剧情/网络剧,国语,内地,7.53亿,91912,547913,五百,http://www.iqiyi.com/a_19rrhaviyp.html,陈若轩/付枚/王泷正/温心/吴国华/韩烨州/宋永恒/张芯宁/刘柏希/蔡军,8.6,心理罪
家庭剧/剧情/都市,国语,内地,7.03亿,54848,109010,刘飚,http://www.iqiyi.com/a_19rrhb8xep.html,蒋雯丽/许亚军/蒋欣/王耀庆/张瑶/杜宁林/王浩钧/雷昊汶,6.7,守婚如玉
悬疑剧/军旅剧/剧情/谍战剧,国语,内地,8.82亿,49209,254186,康洪雷,http://www.iqiyi.com/a_19rrhbycd1.html,孙红雷/海清/孙茜/秦卫东/翟小兴/郭昊伦/王超/白建才/许敏,8.4,二炮手
喜剧/青春剧/网络剧,国语,内地,7.27亿,55698,372627,尹琪/姬智,http://www.iqiyi.com/a_19rrhb48wx.html,王宁/修睿/童菲/魏梦/王妍之/杨冬麒/李乐儿/张懿曼/大兵/史策/杜韩,8.7,废柴兄弟3
军旅剧/剧情/年代剧,国语,内地,12.29亿,161487,642857,郭靖宇,http://www.iqiyi.com/a_19rrhbvx9h.html,杨志刚/杜若溪/于毅/张少华/寇振海/大史可/肖茵/马赫/牛北壬/江涛/申军谊,8.0,勇敢的心
剧情/宫廷剧/言情剧/古装剧,国语,内地,11.70亿,182535,583375,李惠民/白云默,http://www.iqiyi.com/a_19rrhb9929.html,高云翔/侯梦瑶/袁咏仪/万梓良/亓航/徐麒雯/高仁/吴谨言/刘越/陈西贝/蔡蝶,7.6,多情江山
喜剧/剧情/网络剧/偶像剧,国语,内地,4.67亿,47119,460312,韦正,http://www.iqiyi.com/a_19rrhalkwd.html,邓家佳/孙艺洲/李佳航/李金铭,9.1,爱情公寓外传之开心原力
言情剧/偶像剧/剧情,韩语,韩国,2848万,5038,16150,金尹哲,http://www.iqiyi.com/a_19rrhad6yx.html,韩艺瑟/盛骏/黄胜妍/郑珍云/张美姬/金栽经/边熙峰,7.6,安托万夫人
历史剧/剧情/年代剧,国语,内地,1.60亿,215058,912456,郭靖宇/刘礴/满意,http://www.iqiyi.com/a_19rrifssgr.html,巍子/高明/王奎荣/岳丽娜/黑子/杨志刚/于毅/宁文彤/刘之冰/于越/杨昆/刘芊含/王靖云/陈洁/刘智扬/肖茵,8.1,打狗棍
家庭剧/言情剧/剧情,国语,内地,1.19亿,10452,21064,顾晶,http://www.iqiyi.com/a_19rrhaj2id.html,邵峰/刘威葳/刘欣/肖光奕/姬晨牧/赵雅莉/贾伟/王禹铮,6.7,遥远的婚约
言情剧/喜剧/家庭剧/都市,国语,内地,7.41亿,95081,305044,刘进,http://www.iqiyi.com/a_19rrgiagfh.html,闫妮/张嘉译/江疏影/尤勇/关晓彤/朱锐/姬他/孙浩/张鲁一/丁香紫,7.6,一仆二主
年代剧/罪案剧/剧情,国语,内地,2.27亿,12555,25413,陈咏歌,http://www.iqiyi.com/a_19rrh9nma5.html,吴樾/贡米/雷牧/刘乃艺/杜志国/施羽/计春华/杜玉明/陈之辉/李琦,6.7,黄金血道
青春剧/偶像剧/言情剧/都市,国语,内地,12.75亿,109343,409811,高先明,http://www.iqiyi.com/a_19rrhbz2oh.html,赵韩樱子/彭冠英/路晨/林佑威/徐玉兰/王志华/李欣聪/苑琼丹/许榕真/赵胜胜/周云深/潘丹,7.9,因为爱情有奇迹
宫廷剧/青春剧/古装剧/偶像剧,国语,内地,12.59亿,49024,592705,李慧珠/邓伟恩/梁国冠,http://www.iqiyi.com/a_19rrjwhrvh.html,赵丽颖/陈晓/乔任梁/杨蓉/张可颐/刘雪华/恬妞/李彦希/李依晓/李雯雯/高云翔/吴映洁,9.2,陆贞传奇
言情剧/军旅剧/剧情,40集全,内地,7.65亿,1292360,11788284,陈皓威,http://www.iqiyi.com/a_19rrj67lfl.html,文章/陶飞霏/朱杰/潘泰名/王奎荣/吴秀波/何政军/侯天来/王珂/耿长军/马卫军/杜玉明/乔鹏樾/李卓/张若昀/梓晓/刘立伟/张政勇/一真/樊营/黄俊鹏/许新宇/朱义,9.0,雪豹
宫廷剧/言情剧/历史剧/古装剧,国语,内地,30.82亿,371836,1545862,高翊浚,http://www.iqiyi.com/a_19rrhc1zad.html,范冰冰/张丰毅/李治廷/张馨予/张钧甯/李解/张庭/李晨/周海媚/王绘春/李李仁/李光复/巍子/张彤/米露/孙佳奇/张定涵/施诗,8.1,武媚娘传奇
神话剧/武侠剧/古装剧/剧情,国语,内地,10.21亿,137665,839408,杨健武,http://www.iqiyi.com/a_19rrhc1qpt.html,陈键锋/李依晓/吴卓翰/郑亦桐/何彦霓/张迪/张明明/张倬闻/李进荣/麦迪娜·买买提,8.6,封神英雄
青春剧/言情剧/偶像剧,国语,内地,3.47亿,24393,144817,潘镜丞,http://www.iqiyi.com/a_19rrgi6crx.html,张歆艺/童瑶/蒋欣/戚迹/田雷/王东方/柳小海/朱宏嘉/王丽涵/白雪云/黄澄澄/刘梦珂,8.6,新闺蜜时代
年代剧/剧情,国语,内地,4.80亿,26688,84315,梦继,http://www.iqiyi.com/a_19rrhakdul.html,张国强/曹曦文/王挺/张洪睿/战卫华/汪裴/王智/王学圻,7.6,三八线
言情剧/剧情/年代剧/偶像剧,国语,内地,15.93亿,168096,1097987,陈玉珊/马华干/周晓鹏,http://www.iqiyi.com/a_19rrhax53h.html,唐嫣/刘恺威/杨蓉/杨佑宁/张萌/邰智源/臧洪娜/王彦霖/张鑫/梁修身,8.7,千金女贼
青春剧/言情剧/都市/偶像剧,国语,内地,1.64亿,17292,95391,刘新,http://www.iqiyi.com/a_19rrhc0c61.html,罗晋/焦俊艳/闫学晶/杜源/孙玮/恬妞/王汀,8.5,幸福三十六计
家庭剧/偶像剧,国语,内地,10.71亿,93219,396842,沈怡,http://www.iqiyi.com/a_19rrhb8xrd.html,李沁/吴卓羲/童苡萱/杨雨婷/李欣聪/刘文治/秦焰/张国庆/郝洋/高榕,8.1,幸福归来
剧情/言情剧/古装剧/偶像剧/宫廷剧,国语,内地,23.02亿,140633,812081,李国立/郑伟文,http://www.iqiyi.com/a_19rrhc496p.html,刘诗诗/霍建华/黄轩/李呈媛/金晨/袁文康/何晴/于莎莎/张皓然/顾艳/何音/盛朗熙/冯丽丽,8.5,女医明妃传
喜剧/家庭剧/都市,国语,内地,1.19亿,7670,46754,郑凯南/田镇,http://www.iqiyi.com/a_19rrhadsd5.html,沈腾/许龄月/贾玲/曹海军/张英/孙大川/王晓/王翀/刘童/狄晓慧,8.6,你是我的眼
喜剧/年代剧,国语,内地,2.11亿,12281,36221,刘流,http://www.iqiyi.com/a_19rrhc1wn1.html,刘流/蔡琳/申军谊/刘云/沈伐/高梓淇/杜奕衡/陶洋,7.5,傻儿传奇
言情剧/偶像剧/青春剧,国语,台湾,2.65亿,35580,254618,瞿友宁,http://www.iqiyi.com/a_19rrhc3mhp.html,郑元畅/林依晨/汪东城/赵咏华/张永正/许玮甯/唐从圣/章柏翰/炎亚纶,8.8,恶作剧之吻
喜剧/青春剧/家庭剧,100集全,内地,4.37亿,524346,4185748,林丛,http://www.iqiyi.com/a_19rrj6rl8l.html,宋丹丹/高亚麟/杨紫/张一山/尤浩然/文兴宇/孙桂田/马书良/张逸文/盛超/段丽阳/张海燕/黑妹/冉倩/陈彦宏/句号/周倜,8.9,家有儿女 第一部
言情剧/农村剧/喜剧,国语,内地,2.41亿,12111,26257,林和平,http://www.iqiyi.com/a_19rrh9nldp.html,闫学晶/赵君/张一龙/来喜/赵淑珍/王红梅/林家川/姜瑞佳/苑冉,6.8,女怕嫁错郎
家庭剧/言情剧/剧情,国语,内地,1.70亿,9288,47528,罗福,http://www.iqiyi.com/a_19rrk1bat5.html,韩雪/蒋毅/于娜/胡兵/骆达华/陆昱霖/苑琼丹/穆婷婷/朱薇薇,8.4,亲爱的回家
军旅剧/偶像剧,国语,内地,15.14亿,80496,474536,刘猛,http://www.iqiyi.com/a_19rrhbd5ml.html,任天野/程愫/张进/李飞/牟星/任柯诺/张澎澎/郝率/张雅涵,8.5,特种兵之霹雳火
剧情/言情剧/武侠剧/古装剧,国语,内地,3.09亿,156505,2868571,赖成,http://www.iqiyi.com/a_19rrj6swnt.html,苏有朋/贾静雯/高圆圆/陶虹/张铁林/张国立/陈秀丽/陈紫函/郭妃丽/韩夫一/王刚/于文仲/李进荣/李晟毓/刘恒宇/刘春祥/李连义/李保成,9.5,倚天屠龙记
言情剧/年代剧/偶像剧,国语,内地,8098万,5554,24161,李平,http://www.iqiyi.com/a_19rrhaqf75.html,赵薇/古巨基/林心如/苏有朋/寇振海/徐幸/王琳/高鑫/李钰/徐露,8.1,情深深雨濛濛
家庭剧/剧情/都市,国语,内地,751万,1032,2356,王瑞,http://www.iqiyi.com/a_19rrhc3w0l.html,李雪健/陶慧敏/刘佩琦/李歌,7.0,有你才幸福
喜剧/家庭剧/言情剧,国语,内地,4.75亿,40480,141328,张学松,http://www.iqiyi.com/a_19rrgia3qd.html,宋小宝/沈春阳/关婷娜/丫蛋/于月仙/金鸿鸣/王娟/王金龙,7.8,男人四十要出嫁
家庭剧/言情剧,国语,内地,8.11亿,64179,342318,罗灿然,http://www.iqiyi.com/a_19rrhab8yl.html,马少骅/关晓彤/牛骏峰/张建新/刘琳/赵亮（小）/郑佳欣/李崇霄/陈创/陆韵煊/苇青,8.4,搭错车
言情剧/偶像剧/青春剧/都市,国语,内地,32.50亿,981910,5637004,陈铭章,http://www.iqiyi.com/a_19rrhaxnhl.html,郑智薰/唐嫣/罗晋/迪丽热巴/姚奕辰/郭柯彤/张雯/白凡/王东/薛祺/傅方俊/王艺博/马捷/张兰/朱薇薇/陆忠/杜娟/张译文/聂新源,8.5,克拉恋人
喜剧/言情剧/古装剧,国语,内地,1.61亿,27617,317794,张子恩,http://www.iqiyi.com/a_19rrj5ql11.html,聂远/黄奕/师小红/张铁林/沙溢,9.2,上错花轿嫁对郎
青春剧/军旅剧/都市,国语,内地,16.97亿,183772,1347817,刘猛,http://www.iqiyi.com/a_19rrgjbgx1.html,徐佳/刘晓洁/程愫/杨舒/安雅萍/万茜/甘露/童苡萱/何达/何达/闪媛媛/郭艳/李飞/洪卫/姜艺声/赵荀/郝率,8.8,特种兵之火凤凰
历史剧/军旅剧,国语,内地,1768万,1035,7212,臧云飞,http://www.iqiyi.com/a_19rrh9w9oh.html,远明/刘涛/程皓枫/黄海冰/赵文卓/蔡国庆/邓英/周海媚/孙茜,8.7,红星照耀中国
都市/家庭剧/言情剧,国语,内地,6.29亿,60025,162638,刘雪松,http://www.iqiyi.com/a_19rrhb2z11.html,于和伟/刘涛/邵汶/赵亮/朱子岩/王亚梅/宋宁/徐松子/高明/王浩钧,7.3,下一站婚姻
青春剧/言情剧/都市/偶像剧,国语,内地,4.75亿,46872,259645,邹集城,http://www.iqiyi.com/a_19rrhbd5hd.html,张云龙/李心艾/毛俊杰/朱梓骁/陈希郡/马骙/郝泽嘉/孟召重/黄阅/陈昊,8.5,花火
神话剧/古装剧/剧情,国语,内地,16.02亿,106201,4108148,黄建勋/苏沅峰,http://www.iqiyi.com/a_19rrhaare5.html,陈浩民/穆婷婷/陈威翰/陈紫函/刘庭羽/徐申东/关智斌/陈秀丽/刘娜萍/王秋紫/蔡国庆,9.7,天天有喜2之人间有爱
军旅剧/历史剧,国语,内地,13.94亿,68782,337002,张黎,http://www.iqiyi.com/a_19rrhbf5th.html,文章/李雪健/宋佳/张歆怡/黄品沅/孙亮/余皑磊/白宇/常方源/郭虹/袁晶/王一楠/矢野浩二/杨新鸣/刘沙/刘牧梅/马文波/陈良/汤晶媚,8.3,少帅
军旅剧/剧情/年代剧,国语,内地,2.38亿,10373,54354,孙小光,http://www.iqiyi.com/a_19rrhc0w6t.html,谷智鑫/童苡萱/齐峰/斌子/鲍鲲/孙鹏滨/赵子惠,8.4,铁血武工队
言情剧/偶像剧/青春剧,国语,内地,1.02亿,5360,16403,刘国权,http://www.iqiyi.com/a_19rrh9utbp.html,林申/张雯/刘恩佑/陈思斯,7.5,亲密的搭档
家庭剧/言情剧/剧情,国语,内地,7.55亿,60144,171934,余丁,http://www.iqiyi.com/a_19rrhagxp5.html,柳岩/毛林林/周一围/孙骁潇/梁丹妮/毕彦君/赵毅维/张兰/来喜,7.4,两个女人的战争
喜剧/青春剧/言情剧/偶像剧,国语,内地,5.69亿,84557,922514,蒋家骏,http://www.iqiyi.com/a_19rrgiigpp.html,戚薇/陈赫/王传君/毛晓彤/乔任梁/姜妍/吴建飞/刘晓虎/刘智扬/董玉峰/王瑞子/恬妞/岳跃利,9.2,爱情回来了
偶像剧/喜剧/都市/网络剧,国语,内地,2.66亿,47915,261111,张修诚,http://www.iqiyi.com/a_19rrhav5u5.html,李宗霖/黄一琳/陈雅丽/王姿允/黄心娣/熊玉婷/张鑫/李林娟/张奕聪/柴浩伟/陆怡璇/向遨宇,8.4,校花的贴身高手3
青春剧/言情剧/都市/偶像剧,国语,内地,19.78亿,161486,695491,张思麟,http://www.iqiyi.com/a_19rrhb8fjp.html,刘诗诗/郑恺/李浩轩/种丹妮/刘钧/刘冬沁/曹卫宇/王超/刘洁/张凌烽/赵岩松/陆玲/贺镪/俞颖,8.1,那年青春我们正好
青春剧/言情剧/偶像剧/剧情/网络剧,国语,内地,15.68亿,617081,3068864,吴建新,http://www.iqiyi.com/a_19rrhaz48t.html,李宗霖/曹曦月/徐开骋/向以丞/邵雨薇/黄伟晋/Sunnee,8.3,校花的贴身高手
喜剧/青春剧/言情剧/偶像剧/科幻剧,韩语,韩国,36.70亿,483390,4203996,张太侑,http://www.iqiyi.com/a_19rrgja8xd.html,金秀贤/全智贤/刘仁娜/朴海镇/申成禄/金贤秀/金昌完/吴尚镇/安宰贤/罗映姬/严孝燮/刘仁英/金秀路/郑恩表/柳俊相,9.0,来自星星的你
言情剧/偶像剧/都市/网络剧,国语,内地,1.23亿,58485,122805,欧阳奋强,http://www.iqiyi.com/a_19rrh9rnop.html,杨洋/汪佳佳,6.8,我的蠢萌老公
言情剧/家庭剧/剧情,国语,内地,1.67亿,10854,20953,谢律,http://www.iqiyi.com/a_19rrh9rfup.html,翟天临/高露/朱刚日尧/赵柯/王妍之/张凌烽/吴倩/崔可法/迟志强,6.6,且行且珍惜
家庭剧/言情剧/偶像剧,国语,内地,13.82亿,186192,964271,刘江,http://www.iqiyi.com/a_19rrgj9kvh.html,高圆圆/黄海波/王彤/凯丽/柳岩/大左/傅迦/徐松子/张一鸾/田岷/白志迪/李心敏/郝爱民,8.4,咱们结婚吧
言情剧/悬疑剧/家庭剧/都市,国语,内地,1.67亿,11822,21105,高先明,http://www.iqiyi.com/a_19rrhai6k9.html,凌潇肃/李彩桦/江祖平/杨浩煜/郑佩佩/蒋菲菲/刘洁/汤晶晶/贺镪/李思蓓/张瑞珈,6.4,情谜睡美人
剧情,国语,内地,5.09亿,20185,42120,谭俏/高峰,http://www.iqiyi.com/a_19rrhal739.html,陈冠霖/甘露/羿坤/李瀚均/马京京/易勇名,6.8,猎刃
网络剧/青春剧/喜剧,国语,内地,5.03亿,58254,269555,尹琪/姬智,http://www.iqiyi.com/a_19rrhak2t1.html,王宁/修睿/童菲/魏梦/王妍之/杨冬麒/李乐儿/张懿曼/大兵(韩冰)/史策/杜韩,8.2,废柴兄弟4
古装剧/偶像剧,国语,内地,4635万,6645,33052,鞠觉亮,http://www.iqiyi.com/a_19rrhark6l.html,冯绍峰/宋茜/马天宇/张萌/麦迪娜·买买提/金喜善/汪铎/逯恣祯/徐可/徐娇/陈欣予/张雨剑/刘冬沁/书亚信/胡兵/邵兵/郑佩佩/沈海蓉,8.3,幻城未删减版
言情剧/剧情/农村剧,国语,内地,6.34亿,61301,319019,毛卫宁,http://www.iqiyi.com/a_19rrhc1qy5.html,王雷/佟丽娅/袁弘/李小萌/尤勇/刘威/吕一/夏铭浩,8.4,平凡的世界
青春剧/军旅剧/言情剧/年代剧/悬疑剧,国语,内地,3.04亿,16394,88625,陶秋普,http://www.iqiyi.com/a_19rrgi79x1.html,宁静/罗晋/范明/芦芳生/杨静/洪悦/李杨/池源/张永健/杜金京,8.4,我和我的传奇奶奶
历史剧/军旅剧,国语,内地,2712万,1999,3204,虎子,http://www.iqiyi.com/a_19rrh9w8vh.html,孙茜/张桐/赵龙豪/王铮/王美英,6.2,红色护卫
罪案剧/青春剧/剧情,国语,内地,23.42亿,134179,807067,谷锦云,http://www.iqiyi.com/a_19rrhanm25.html,于和伟/侯梦莎/黄梦莹/金美伶/夏凡/王浩钧/邱敏,8.6,警花与警犬
偶像剧/喜剧/青春剧/都市/网络剧,国语,内地,3.84亿,107959,414456,张修诚,http://www.iqiyi.com/a_19rrhas8gt.html,李宗霖/黄一琳/王姿允/黄心娣/熊玉婷/张鑫/李林娟/张奕聪/张采采/付乐莹/柴浩伟/陆怡璇/向遨宇/陈雅丽,7.9,校花的贴身高手2
武侠剧/古装剧,国语,内地,611万,297,895,范秀明,http://www.iqiyi.com/a_19rrhapwf9.html,吴京/陈法蓉/马苏/侯敬宇/焦恩俊/徐少强/何金灵/史可,7.5,武当2
剧情/都市/言情剧/家庭剧,国语,内地,2.25亿,14840,35197,安建,http://www.iqiyi.com/a_19rrhaf8gd.html,朱亚文/李小冉/曾黎/冯雷/印小天/赵君/王同辉/刘洁/潘晓莉/齐欢,7.0,姐妹兄弟
言情剧/青春剧/剧情,国语,内地,9.13亿,118345,966362,袁晓满,http://www.iqiyi.com/a_19rrhaodrt.html,张云龙/王洋/王煜/杜俊泽/吕卓燃/苗驰,8.9,神犬小七第二季
言情剧/武侠剧/古装剧/偶像剧,国语,内地,16.48亿,251366,1744838,李慧珠,http://www.iqiyi.com/a_19rrhc3795.html,陈晓/陈妍希/张馨予/吴磊/杨明娜/郑国霖/毛晓彤/赵韩樱子/孙耀琦/邬靖靖/宋洋/张雪迎/董璇/严屹宽,8.7,神雕侠侣
军旅剧/剧情,国语,内地,5.70亿,50252,114834,白涛,http://www.iqiyi.com/a_19rrhbhqtt.html,李晟/于震/奚美娟/张澍/宋珂欣/王乐乐/白雨/唐菱/赵秦/肖荣生/冯小勐,7.0,嫂子嫂子
偶像剧/谍战剧/军旅剧,国语,内地,9952万,6982,24838,金琛,http://www.iqiyi.com/a_19rrh9ra4x.html,李易峰/周冬雨/张鲁一/张若昀/阚清子/李小冉/尹正/刘珈彤/王劲松,7.8,麻雀未删减版
喜剧/言情剧/古装剧,国语,内地,4.07亿,54582,454137,李平,http://www.iqiyi.com/a_19rrhc485x.html,李晟/张睿/海陆/李佳航/潘杰明/邱心志/赵丽颖/邓萃雯/刘雪华,8.9,新还珠格格
言情剧/武侠剧/古装剧/剧情,国语,内地,3417万,2490,5719,谭锐铭,http://www.iqiyi.com/a_19rrhapwr5.html,焦恩俊/李若彤/李若彤/张茜/严屹宽/计春华/卓凡/姬麒麟,7.0,武当
军旅剧,国语,内地,2188万,1683,5412,王飞,http://www.iqiyi.com/a_19rrh9xd9d.html,张粟/吕一/姬他/封柏/杜志国/张光北/郭晓峰/蒋君/王聃葳/张嘉译/谭凯/方青卓,7.6,红旗漫卷西风
都市/青春剧/言情剧/偶像剧,国语,内地,21.54亿,500402,3780026,孙皓,http://www.iqiyi.com/a_19rrhc1u0t.html,赵丽颖/郑恺/蔡文静/郑家彬/车晓/付静/于小伟/王祉萱/孟瑞/马靓/耿乐/王茂蕾/李又麟/王姬,8.8,加油吧实习生
言情剧/年代剧/农村剧,国语,内地,318万,469,905,殷飞,http://www.iqiyi.com/a_19rrha01kd.html,郝蕾/黄觉/罗昱焜/林好/张英/钱波/荣蓉/杜源/游涌/李政熹,6.6,我是你的眼
军旅剧,国语,内地,2.76亿,11081,32207,刘流,http://www.iqiyi.com/a_19rrh9usy5.html,刘流/于震/申军谊/吕佳容/冼色丽/周放/吴连生/乔杉/修睿,7.4,傻儿传奇之抗战到底
言情剧/剧情/都市,国语,内地,10.64亿,156856,574767,汪群雅,http://www.iqiyi.com/a_19rrhb18vp.html,刘恺威/娄艺潇/白冰/刘雅瑟/杨梓铎/王玮/李溪芮/张晨光/于明加/梁爱琪/孙松,7.9,你是我的姐妹
历史剧/军旅剧,国语,内地,3311万,1494,4483,桑华,http://www.iqiyi.com/a_19rrh9w8it.html,朱雨辰/高艺涵/张光北/张志坚/杜志国/王全有/李思博,7.5,我是红军
言情剧/偶像剧/青春剧/都市,国语,内地,12.58亿,125789,955198,袁晓满,http://www.iqiyi.com/a_19rrhbevjp.html,迪丽热巴/马可/王洋/邵兵/伊莉莎（乌克兰女演员）/刘潺/王路/王煜/寇振海/王诗槐/佟凡/徐熙颜/姚刚/江明洋/艾晓琪,8.8,麻辣变形计
年代剧/悬疑剧/谍战剧/剧情,国语,内地,22.72亿,219101,1700112,李雪,http://www.iqiyi.com/a_19rrhawpl5.html,胡歌/靳东/刘敏涛/王凯/王乐君/宋轶/王鸥/岳旸/郭晓峰/王铮/刘奕君/郭虹/张棪琰,8.9,伪装者
偶像剧/都市/网络剧,国语,内地,1.99亿,30431,183806,张修诚,http://www.iqiyi.com/a_19rrh9pand.html,李宗霖/黄一琳/陈雅丽/王姿允/郑棠元/黄心娣/熊玉婷/张鑫/李林娟/张奕聪/柴浩伟/陆怡璇/向遨宇,8.6,校花的贴身高手4
古装剧/喜剧/剧情,国语,内地,10.45亿,62379,820450,尚敬,http://www.iqiyi.com/a_19rrk2hct9.html,闫妮/沙溢/姚晨/倪虹洁/喻恩泰/姜超/王莎莎/范明/肖剑/于娟/张歆艺,9.3,武林外传
剧情,国语,内地,641万,523,1503,张国庆,http://www.iqiyi.com/a_19rrha01tx.html,陈宝国/于明加/杨雪/米学东/毕彦君/颜世魁/袁志博/葛天/蔡蝶/荆明华,7.4,信者无敌
都市/青春剧/偶像剧/言情剧,国语,内地,28.34亿,345936,2392101,刘俊杰,http://www.iqiyi.com/a_19rrhc3wk1.html,钟汉良/唐嫣/谭凯/杨玏/菅韧姿/赵楚仑/米露/林鹏/罗云熙/吴倩,8.7,何以笙箫默
言情剧/偶像剧/青春剧/都市,国语,内地,5.88亿,36002,98599,苏万聪,http://www.iqiyi.com/a_19rrhaovap.html,姚笛/吴卓羲/任重/郑雅文/李岷城/隋咏良/尤靖茹/石修/张彤,7.3,结婚为什么
言情剧/谍战剧/剧情,国语,内地,3.44亿,19662,36125,牟晓杰,http://www.iqiyi.com/a_19rrh9oo4h.html,祖峰/王子文/曹征/倪虹洁/肖涵/尤勇/郭广平/任正彬/曹卫宇,6.5,双刺
家庭剧/言情剧/剧情/都市,国语,内地,1.22亿,8664,24709,顾晶,http://www.iqiyi.com/a_19rrhbzm2l.html,辛柏青/黄曼/杜源/闫学晶/周璞/林伊婷/高姝瑶/郭秋成,7.4,跟我回家
言情剧/青春剧/都市,国语,内地,5.61亿,63252,441032,林妍,http://www.iqiyi.com/a_19rrhax5e9.html,白百何/陆毅/江疏影/张子萱/白宇/格桑/冯嘉怡,8.7,长大
言情剧/古装剧/偶像剧/剧情,国语,内地,76.53亿,1836103,9564327,高林豹/林玉芬/梁胜权,http://www.iqiyi.com/a_19rrhc1zfx.html,霍建华/赵丽颖/蒋欣/张丹峰/杨烁/马可/李纯/蒋一铭/阮伟旌/阮伟旌/苗驰/鲍天琦/安悦溪/江明洋/徐海乔,8.4,花千骨
喜剧/青春剧/家庭剧/言情剧,20集全,内地,12.29亿,816484,12248230,韦正,http://www.iqiyi.com/a_19rrjaf9kd.html,娄艺潇/王传君/邓家佳/李佳航/赵文琪/孙艺洲/陈赫,9.4,爱情公寓2
历史剧/年代剧,国语,内地,32.91亿,271332,1022962,郭靖宇,http://www.iqiyi.com/a_19rrhbc5yl.html,杨志刚/杨紫/王奎荣/王绘春/张少华/刘芊含/陈洁/刘之冰/贾媛媛/寇家瑞/贾宏伟/牛北壬/宣璐,7.9,大秧歌
言情剧/偶像剧/剧情/都市,国语,内地,38.54亿,199154,965626,张晓波,http://www.iqiyi.com/a_19rrhbgtnx.html,孙红雷/江疏影/王耀庆/车晓/张艺兴/关晓彤/李文玲,8.3,好先生
偶像剧/悬疑剧/剧情/网络剧,国语,内地,40.50亿,1307330,6221650,郑保瑞/罗永昌,http://www.iqiyi.com/a_19rrhbyt65.html,李易峰/唐嫣/杨洋/刘天佐/张智尧/魏巍/郑佩佩/颖儿/李昕亮/孙耀琦/李晨浩,8.3,盗墓笔记
罪案剧/剧情,国语,内地,631万,586,1805,高进军,http://www.iqiyi.com/a_19rrh9zg4x.html,黄志忠/颜世魁/果静林/左小青,7.5,国家底线
言情剧/剧情,国语,内地,2.15亿,13494,24504,王义明,http://www.iqiyi.com/a_19rrhaq4o9.html,徐百卉/张博/任东霖/樊昱君/朱义/刘竹,6.4,遥远的距离
谍战剧,国语,内地,6.42亿,28314,67911,曾辉,http://www.iqiyi.com/a_19rrh9urn1.html,蒲巴甲/徐僧/王鸥/郑亦桐,7.1,锻刀
言情剧/偶像剧/喜剧/青春剧/都市,韩语,韩国,8.09亿,138734,778835,权赫灿/李敏宇,http://www.iqiyi.com/a_19rrhas7pd.html,丁一宇/安宰贤/朴洙垣/李正信/孙娜恩/崔旻,8.5,灰姑娘与四骑士
喜剧/言情剧/剧情/偶像剧,韩语,韩国,4.57亿,65092,485014,申元浩,http://www.iqiyi.com/a_19rrhbhrod.html,李惠利/朴宝剑/柳俊烈/高庚杓/成东日/李一花/金成钧/罗美兰/李美妍/金善英/安在洪,8.8,请回答1988
年代剧/军旅剧/剧情,国语,内地,3.00亿,50465,167294,国建勇/曾晓欣,http://www.iqiyi.com/a_19rrgico1p.html,雷佳音/程琤/刘敏/李梦男/山崎敬一/杨梓墨/董晴/宁丹琳/黄勐/周翔,7.7,飞哥大英雄
家庭剧/言情剧/偶像剧,国语,内地,7.22亿,58259,341063,张哲书,http://www.iqiyi.com/a_19rrgia9zd.html,刘恺威/赵丽颖/关智斌/丁子峻/王智/梁丽/王翊菲/黄爱玲/杨诚诚,8.5,妻子的秘密
喜剧/都市/网络剧,国语,内地,4.07亿,27287,101996,张轩南,http://www.iqiyi.com/a_19rrhav2kx.html,包贝尔/董维嘉/李菁/何建泽/英达,7.9,傻根进城
言情剧/都市,国语,内地,10.10亿,50556,148629,沈严/刘海波,http://www.iqiyi.com/a_19rrh9oonl.html,陈建斌/马伊琍/胡可/赵立新/叶一云/代旭/李野萍/李兰迪,7.5,中国式关系
偶像剧/青春剧/网络剧,国语,内地,26.74亿,409120,3792815,刘畅,http://www.iqiyi.com/a_19rrhbd6ad.html,刘昊然/谭松韵/王栎鑫/董晴/方文强/陈梦希/刘启恒/梁浩/李家成/刘文曲,9.0,最好的我们
言情剧/剧情,国语,内地,3.69亿,21941,46126,刘逢声,http://www.iqiyi.com/a_19rrh9u5dh.html,田海蓉/辛柏青/江祖平/蒋毅/徐申东/高广泽/贾宗超/朱佳煜,6.8,养个孩子不容易
军旅剧,国语,内地,6492万,3868,12200,董亚春,http://www.iqiyi.com/a_19rrh9vhjd.html,陈昊/郭广平/马仑/李卓远/王美英/周冠廷,7.6,绝命后卫师
历史剧/古装剧/偶像剧/宫廷剧,国语,内地,47.94亿,303713,3838164,孔笙/李雪,http://www.iqiyi.com/a_19rrhc0u75.html,胡歌/刘涛/王凯/黄维德/陈龙/丁勇岱/刘敏涛/靳东/刘奕君/王劲松/张龄心/吴磊/程皓枫/郭晓然/高鑫/王永泉/周奇奇/王鸥/张棪琰/宁文彤/方晓莉/杨雨婷/谭希和/张晓谦,9.3,琅琊榜
历史剧,国语,内地,7297万,3871,8639,李云亮,http://www.iqiyi.com/a_19rrh9wbh5.html,富大龙/黄曼/丁子玲/王妍之,6.9,骡子和金子
言情剧/偶像剧/喜剧/青春剧,国语,内地,25.97亿,530809,3960443,刘俊杰,http://www.iqiyi.com/a_19rrgie1z9.html,张翰/赵丽颖/黄明/李呈媛/张杨果而/百克力/石安妮/王汀,8.8,杉杉来了
言情剧/都市/偶像剧,国语,内地,7.71亿,115286,681930,蒋家骏,http://www.iqiyi.com/a_19rrhb6mt1.html,言承旭/江疏影/吴卓羲/米露/夏台凤/蒋冰/杜雨宸/宫正楠/王豪/沈东军/李依伊/刘音,8.6,最佳前男友
科幻剧/喜剧/青春剧/剧情/网络剧,国语,内地,2.55亿,43365,209554,李泽露,http://www.iqiyi.com/a_19rrh9q7a1.html,张雨剑/刘冬沁/王嵛/书亚信/吴优/肖燕,8.3,我不是妖怪
喜剧/青春剧/都市/偶像剧,国语,内地,53.43亿,1254031,10354499,韦正,http://www.iqiyi.com/a_19rrifrm2n.html,娄艺潇/陈赫/邓家佳/王传君/孙艺洲/金世佳/李金铭/李佳航,8.9,爱情公寓4
言情剧/家庭剧/剧情/都市,国语,内地,18.55亿,139485,809389,汪俊,http://www.iqiyi.com/a_19rrhbbh01.html,黄磊/海清/朱媛媛/韩青/汪俊/陈小纭/张子枫/胡先煦/赵今麦/陈数/江语晨/高明/宋晓英/王维维/王姬/邬君梅/冯嘉怡/王俊凯/王源/易烊千玺,8.5,小别离
家庭剧/言情剧/都市,国语,内地,14.97亿,136460,693635,徐辅军/周家文,http://www.iqiyi.com/a_19rrhb0om5.html,贾青/张晓龙/邱胜翊/徐璐/李天柱/沈梦辰/李茂/关少曾/郭郁滨/荣蓉,8.4,妻子的谎言
武侠剧/古装剧/青春剧/剧情/网络剧,国语,内地,6.81亿,97991,504036,五百/王伟,http://www.iqiyi.com/a_19rrhaqkxp.html,郑业成/蔡文静/范世錡/李纯/季晨/马薇/张静初/王泷正,8.4,画江湖之不良人
剧情,国语,内地,9647万,5000,11924,国建勇,http://www.iqiyi.com/a_19rrh9zgah.html,刘庭羽/徐佳/李泽锋/唐熙/田重/贾宗超/钱璇/刘娜萍/徐申东/申军谊,7.0,伏击
军旅剧,国语,内地,2.50亿,10914,24296,黄家辉/寇占文,http://www.iqiyi.com/a_19rrh9vb61.html,于震/戴娇倩/任东霖/戚玉武/杨思琦/岳跃利/张欣颜/张澍/刘瑞琪/王昌娥,6.9,暗战危城
古装剧/偶像剧,国语,内地,26.50亿,234155,1473977,鞠觉亮,http://www.iqiyi.com/a_19rrhbd4i9.html,冯绍峰/宋茜/马天宇/张萌/麦迪娜·买买提/金喜善/汪铎/逯恣祯/徐可/徐娇/陈欣予/张雨剑/刘冬沁/书亚信/胡兵/邵兵/郑佩佩/沈海蓉/龚蓓苾/黄德毅,8.6,幻城
偶像剧/谍战剧/军旅剧,国语,内地,33.76亿,168763,578037,金琛/周远舟,http://www.iqiyi.com/a_19rrhbapjx.html,李易峰/周冬雨/张鲁一/张若昀/阚清子/尹正/李小冉/刘珈彤/王婉娟/王劲松,7.7,麻雀
悬疑剧/科幻剧/青春剧/网络剧,国语,内地,15.58亿,179357,1293278,巨兴茂,http://www.iqiyi.com/a_19rrhaxnrh.html,于毅/刘智扬/肖茵/杨紫/宣璐/陈洁/马可/胡小庭/黑子/贾媛媛/信鹏/陈炳强/秦丽,8.8,灵魂摆渡2
偶像剧/悬疑剧/剧情/网络剧,国语,内地,111.71亿,1163664,5784318,梁胜权,http://www.iqiyi.com/a_19rrhbeaxt.html,陈伟霆/张艺兴/赵丽颖/胡耘豪/应昊茗/袁冰妍/王美人/王闯/张铭恩/杨紫茳/张鲁一/李乃文/李宗翰,8.3,老九门
军旅剧,国语,内地,3.86亿,16103,35316,谷诗阳,http://www.iqiyi.com/a_19rrh9wb2d.html,李健/乔乔/许亚军/宋运成/蒋君/张鹰/林栋甫/钱漪/周明汕/康磊,6.9,寒山令
悬疑剧/谍战剧/剧情,国语,内地,31.22亿,156194,740177,徐纪周,http://www.iqiyi.com/a_19rrhbf1gp.html,赵丽颖/陆毅/陶昕然/袁文康/石兆琪/李梦男/叶峰/刘彦卿/马灿灿,8.3,胭脂
偶像剧/悬疑剧/科幻剧/青春剧/网络剧,国语,内地,15.96亿,169577,1112887,满意,http://www.iqiyi.com/a_19rrgi8d91.html,刘智扬/于毅/肖茵/梁椰雯/小冉/杨逸飞/杜若溪/陈洁/刘芊含/满意,8.7,灵魂摆渡
言情剧/偶像剧/悬疑剧/罪案剧/青春剧/剧情/网络剧,国语,内地,5.06亿,60224,315136,李达超/梁辛全,http://www.iqiyi.com/a_19rrhaltkd.html,杨蓉/白宇/李健/何奉天/王雨/南伏龙/白梓轩/米热/孙骁骁/戚迹/张逸杰/初俊辰/田牧宸/赵弈钦,8.4,美人为馅
